peak_in_padding,pointing_hit,peak_dist_px,pointing_hit_tol,energy_concentration,chance_rate,concentration_ratio,pixel_ap,pixel_auroc,iou@0.05,dice@0.05,iou@0.10,dice@0.10,iou@0.15,dice@0.15,iou@0.20,dice@0.20,iou@0.25,dice@0.25,iou@0.30,dice@0.30,iou@0.35,dice@0.35,iou@0.40,dice@0.40,iou@0.45,dice@0.45,iou@0.50,dice@0.50,iou@0.55,dice@0.55,iou@0.60,dice@0.60,iou@0.65,dice@0.65,iou@0.70,dice@0.70,iou@0.75,dice@0.75,iou@0.80,dice@0.80,iou@0.85,dice@0.85,iou@0.90,dice@0.90,iou@0.95,dice@0.95,row_idx,prob_malignant,label
False,False,409.88291010970437,False,0.02203889363588111,0.02784276832460733,0.7915482174379629,0.025287431678511656,0.5030602470950851,0.028224000807301027,0.054898545035208676,0.02789477165979404,0.05427553953747801,0.027170407089260856,0.05290340707196747,0.026486961032742073,0.051607009223173586,0.024603980972613494,0.048026323202956855,0.02206907540931363,0.043185095685388,0.018542600553830148,0.036410063837776944,0.014591266593117193,0.02876284682030236,0.007884171329907845,0.01564499484004128,0.0001708066956224684,0.0003415550513552416,0.0,0.0,0.0,0.0,0.0,0.0,0.0,0.0,0.0,0.0,0.0,0.0,0.0,0.0,0.0,0.0,0.0,0.0,0,0.6450117230415344,1
False,False,330.55256768024054,False,0.00017921012156709907,0.026399101307189542,0.006788493270348295,0.023619560614098308,0.28412491789644334,0.0,0.0,0.0,0.0,0.0,0.0,0.0,0.0,0.0,0.0,0.0,0.0,0.0,0.0,0.0,0.0,0.0,0.0,0.0,0.0,0.0,0.0,0.0,0.0,0.0,0.0,0.0,0.0,0.0,0.0,0.0,0.0,0.0,0.0,0.0,0.0,0.0,0.0,1,0.46960827708244324,1
False,False,285.50656735003486,False,8.64750465796263e-05,0.0007264760147601476,0.11903358792674909,0.0005912673284345048,0.3884167208393757,0.0,0.0,0.0,0.0,0.0,0.0,0.0,0.0,0.0,0.0,0.0,0.0,0.0,0.0,0.0,0.0,0.0,0.0,0.0,0.0,0.0,0.0,0.0,0.0,0.0,0.0,0.0,0.0,0.0,0.0,0.0,0.0,0.0,0.0,0.0,0.0,0.0,0.0,2,0.6483404040336609,0
False,False,184.28510520386612,False,0.0,0.0004515105078809107,0.0,0.0004515105078809107,0.34041247461957885,0.0,0.0,0.0,0.0,0.0,0.0,0.0,0.0,0.0,0.0,0.0,0.0,0.0,0.0,0.0,0.0,0.0,0.0,0.0,0.0,0.0,0.0,0.0,0.0,0.0,0.0,0.0,0.0,0.0,0.0,0.0,0.0,0.0,0.0,0.0,0.0,0.0,0.0,3,0.06217387318611145,0
False,False,219.0091322296858,False,0.0,0.011255837711617046,0.0,0.011255837711617046,0.338668610121958,0.0,0.0,0.0,0.0,0.0,0.0,0.0,0.0,0.0,0.0,0.0,0.0,0.0,0.0,0.0,0.0,0.0,0.0,0.0,0.0,0.0,0.0,0.0,0.0,0.0,0.0,0.0,0.0,0.0,0.0,0.0,0.0,0.0,0.0,0.0,0.0,0.0,0.0,4,0.06217387318611145,0
False,False,222.43425995111454,False,0.0,0.00048491379310344827,0.0,0.00048491379310344827,0.24872872980791694,0.0,0.0,0.0,0.0,0.0,0.0,0.0,0.0,0.0,0.0,0.0,0.0,0.0,0.0,0.0,0.0,0.0,0.0,0.0,0.0,0.0,0.0,0.0,0.0,0.0,0.0,0.0,0.0,0.0,0.0,0.0,0.0,0.0,0.0,0.0,0.0,0.0,0.0,5,0.1572667956352234,0
False,False,141.7603611733548,False,0.007466993425757443,0.008463541666666666,0.8822539924587256,0.011097850669212268,0.655443623397307,0.013939253955422105,0.027495244712233902,0.013232281851700122,0.026118950390166984,0.010411360163015792,0.020608161336064284,0.006824206192544132,0.013555904100380909,0.002083379021469769,0.004158095154724909,0.0,0.0,0.0,0.0,0.0,0.0,0.0,0.0,0.0,0.0,0.0,0.0,0.0,0.0,0.0,0.0,0.0,0.0,0.0,0.0,0.0,0.0,0.0,0.0,0.0,0.0,0.0,0.0,6,0.1572667956352234,0
False,False,280.2320467041555,False,0.0,0.005104347511574074,0.0,0.005104347511574074,0.3877371566199359,0.0,0.0,0.0,0.0,0.0,0.0,0.0,0.0,0.0,0.0,0.0,0.0,0.0,0.0,0.0,0.0,0.0,0.0,0.0,0.0,0.0,0.0,0.0,0.0,0.0,0.0,0.0,0.0,0.0,0.0,0.0,0.0,0.0,0.0,0.0,0.0,0.0,0.0,7,0.06374947726726532,0
False,False,16.76305461424021,False,0.017946938182778965,0.00892920197740113,2.009915133312112,0.015663471072398766,0.6723852132423755,0.01681298152647709,0.0330699584524124,0.018022240211324612,0.03540637817025195,0.01938878243642623,0.03804001529246846,0.02009808457481262,0.03940421980733296,0.01924471943673992,0.03776270618772503,0.01936358841700781,0.03799152458854834,0.019395023280194875,0.03805202661826981,0.01766613245872312,0.034718915949459805,0.016223379946988394,0.03192876736969915,0.01578977369891125,0.031088664421997755,0.014887100220813448,0.029337450870297585,0.012672913877733154,0.025028641931788137,0.008333333333333333,0.01652892561983471,0.0038945476333133613,0.007758877946881528,0.0003999200159968006,0.0007995202878273036,0.0,0.0,0.0,0.0,0.0,0.0,0.0,0.0,8,0.19906221330165863,0
False,False,92.35799911215054,False,0.0020074648405564136,0.0007766812865497076,2.5846700252999284,0.002573646227337733,0.8566712299660846,0.002619616303259111,0.005225543687082149,0.003515229213622547,0.007005831324308174,0.0042655693280473726,0.008494903058165101,0.003724503157098379,0.007421365415277576,0.002090800477897252,0.004172876304023845,0.0004585052728106373,0.0009165902841429881,0.0,0.0,0.0,0.0,0.0,0.0,0.0,0.0,0.0,0.0,0.0,0.0,0.0,0.0,0.0,0.0,0.0,0.0,0.0,0.0,0.0,0.0,0.0,0.0,0.0,0.0,9,0.23676930367946625,0
False,False,83.24061508662703,False,0.0026191808025930793,0.000849780701754386,3.082184376728888,0.0030736104281049587,0.8730751938855794,0.002866168425918792,0.005715953965058926,0.0038460743160811397,0.007662677405400952,0.004591414306144467,0.009140859140859142,0.004570064621295919,0.009098548288951349,0.0038878181697348307,0.0077455231538181455,0.0028708133971291866,0.0057251908396946565,0.0017572316842389836,0.0035082984752395087,0.0005392579810181191,0.0010779346771585643,0.0,0.0,0.0,0.0,0.0,0.0,0.0,0.0,0.0,0.0,0.0,0.0,0.0,0.0,0.0,0.0,0.0,0.0,0.0,0.0,0.0,0.0,10,0.23676930367946625,0
False,False,262.5204753919206,False,0.0010684771006823955,0.0007681354916067146,1.39100082258594,0.0018902331463918406,0.8033605752411701,0.0028024606971975394,0.005589257719310204,0.00294260808000354,0.005867949085614701,0.0,0.0,0.0,0.0,0.0,0.0,0.0,0.0,0.0,0.0,0.0,0.0,0.0,0.0,0.0,0.0,0.0,0.0,0.0,0.0,0.0,0.0,0.0,0.0,0.0,0.0,0.0,0.0,0.0,0.0,0.0,0.0,0.0,0.0,11,0.11740873008966446,0
False,False,268.48649872945197,False,1.2966840658107295e-05,0.001259929556354916,0.010291718765310558,0.0010788083968503494,0.31412926189345697,0.0,0.0,0.0,0.0,0.0,0.0,0.0,0.0,0.0,0.0,0.0,0.0,0.0,0.0,0.0,0.0,0.0,0.0,0.0,0.0,0.0,0.0,0.0,0.0,0.0,0.0,0.0,0.0,0.0,0.0,0.0,0.0,0.0,0.0,0.0,0.0,0.0,0.0,12,0.11740873008966446,0
False,False,325.5718046760192,False,0.019796562413110834,0.013072115384615385,1.5144115417164594,0.02448045722810909,0.7590313914095728,0.029232037475629063,0.056803590271685925,0.02770224337185588,0.0539110302629403,0.02555604463892701,0.049838416481518884,0.020119152260962985,0.03944471038774533,0.00953501071113538,0.018889905966547393,0.0,0.0,0.0,0.0,0.0,0.0,0.0,0.0,0.0,0.0,0.0,0.0,0.0,0.0,0.0,0.0,0.0,0.0,0.0,0.0,0.0,0.0,0.0,0.0,0.0,0.0,0.0,0.0,13,0.5026835203170776,1
False,False,374.064165618681,False,0.010037456043308808,0.008996478873239436,1.1157093997259107,0.014598428967194729,0.7253782626346233,0.020472237247477716,0.04012306557735962,0.016719284983769844,0.03288869451126175,0.01101308995293714,0.021786246018733156,0.00641669456533869,0.012751566224981982,0.0,0.0,0.0,0.0,0.0,0.0,0.0,0.0,0.0,0.0,0.0,0.0,0.0,0.0,0.0,0.0,0.0,0.0,0.0,0.0,0.0,0.0,0.0,0.0,0.0,0.0,0.0,0.0,0.0,0.0,14,0.6143600344657898,1
False,False,291.15631540462937,False,6.559329978873947e-05,0.007845833333333333,0.008360271879605669,0.006506719620526988,0.26360529718215725,0.0,0.0,0.0,0.0,0.0,0.0,0.0,0.0,0.0,0.0,0.0,0.0,0.0,0.0,0.0,0.0,0.0,0.0,0.0,0.0,0.0,0.0,0.0,0.0,0.0,0.0,0.0,0.0,0.0,0.0,0.0,0.0,0.0,0.0,0.0,0.0,0.0,0.0,15,0.41899019479751587,0
False,False,415.5490344111029,False,0.03351860933977724,0.006676509186351706,5.0203794234713035,0.06001970223569831,0.9503589074667305,0.028107249529531603,0.05467766041411275,0.044282450223044285,0.08480933527818295,0.06807158387690249,0.12746633260256812,0.08007082431634861,0.14826958105646632,0.09472234395542478,0.173052727896603,0.06987382867261861,0.1306206896551724,0.0,0.0,0.0,0.0,0.0,0.0,0.0,0.0,0.0,0.0,0.0,0.0,0.0,0.0,0.0,0.0,0.0,0.0,0.0,0.0,0.0,0.0,0.0,0.0,0.0,0.0,16,0.29872724413871765,0
False,False,315.2427635965654,False,0.014457542491981501,0.00586314308681672,2.4658348394207352,0.019552076666611205,0.8625302954677927,0.013890046062106478,0.027399511645379414,0.01748445576447674,0.034368005654376255,0.021558160370315067,0.0422064278014288,0.025606089080999813,0.04993357460259288,0.02832342163753229,0.05508660221397903,0.02486051542870156,0.04851492482038368,0.007034775683567826,0.013971266640305785,0.0014274789701758858,0.002850888357175584,0.0,0.0,0.0,0.0,0.0,0.0,0.0,0.0,0.0,0.0,0.0,0.0,0.0,0.0,0.0,0.0,0.0,0.0,0.0,0.0,0.0,0.0,17,0.3201987147331238,1
False,False,209.8118204487059,False,0.00084081838341798,0.0004559608540925267,1.8440582691937748,0.0012378576770076428,0.8185451361573106,0.0007478476579600175,0.0014945775995625625,0.0009021795337272118,0.0018027326789267146,0.00109084620398824,0.0021793151103610487,0.0013714209258763714,0.0027390854127000036,0.0017293740509532647,0.003452776959029854,0.0020755290067834362,0.004142460217226572,0.0015666897652978217,0.003128478175856571,0.0,0.0,0.0,0.0,0.0,0.0,0.0,0.0,0.0,0.0,0.0,0.0,0.0,0.0,0.0,0.0,0.0,0.0,0.0,0.0,0.0,0.0,0.0,0.0,18,0.5779850482940674,0
False,True,0.0,True,0.6955212750634668,0.3085480385638298,2.254175000757891,0.6942587168806192,0.7056874142587026,0.371042453334964,0.5412559653895901,0.4034347857296676,0.5749248769260278,0.4156359039190898,0.587207350093948,0.42550382821438,0.5969872823805408,0.4437357964958581,0.6147049862902407,0.4281202435312024,0.5995576989688525,0.4112880803908329,0.5828548913655297,0.37832829808660623,0.5489668878043078,0.32996891275384554,0.49620545200655697,0.2857142857142857,0.4444444444444444,0.24536357392018748,0.39404328030540625,0.20544384436154023,0.34086008290224906,0.16676318872981455,0.2858561023190313,0.12753033710891729,0.22621180630210946,0.08746245740683377,0.1608560494408184,0.04998047111745613,0.09520266803488969,0.02561650661961777,0.04995338209609854,0.01185201147490202,0.023426373304582783,0.0032054303761666824,0.006390376844281552,19,0.7701080441474915,1
False,True,0.0,True,0.6421880109135057,0.4028679653679654,1.5940408920996085,0.6040424939402567,0.6715593617458616,0.41618513665427936,0.5877552671362049,0.40897258377180834,0.5805259640709147,0.3992955163796706,0.570709348676752,0.37193412132183296,0.5422040541764227,0.3001971454788273,0.46177173442151015,0.24112463048252727,0.3885582874763871,0.19456250294491825,0.32574687798297586,0.16337088106485112,0.2808577792755398,0.14264941108041296,0.24968185288877576,0.12391583522671144,0.22050732153216024,0.10558449278136554,0.19100212325833585,0.08699874270410614,0.16007146887342485,0.06862065038461937,0.12842845655269966,0.051286605305222686,0.09756921670343649,0.03626366707938973,0.0699892666923186,0.023442746809939557,0.04581154516559007,0.013085543989254534,0.025833048486166785,0.0059079079919409,0.011746419219895889,0.001616017461383479,0.0032268203247773704,20,0.6298395395278931,1
False,False,340.1249770305027,False,0.0,0.006192333040421793,0.0,0.006192333040421793,0.31969485546391085,0.0,0.0,0.0,0.0,0.0,0.0,0.0,0.0,0.0,0.0,0.0,0.0,0.0,0.0,0.0,0.0,0.0,0.0,0.0,0.0,0.0,0.0,0.0,0.0,0.0,0.0,0.0,0.0,0.0,0.0,0.0,0.0,0.0,0.0,0.0,0.0,0.0,0.0,21,0.021198242902755737,1
False,False,67.54257916307313,False,0.042341354491963794,0.029440789473684212,1.4381867894477087,0.039014248346728814,0.5615161359321696,0.034368330263427185,0.06645278912333762,0.05096959265633964,0.09699537077474016,0.06274367576389518,0.11807866223018514,0.06852119885621492,0.12825426192678738,0.06415971349106564,0.12058286491711719,0.05175143077485084,0.09841000308737265,0.03810348560294436,0.07340980187695516,0.024234280153839025,0.047321751719145856,0.013248356501229488,0.026150264969540885,0.0049680624556423,0.009887005649717515,5.965875193890944e-05,0.00011931038596909861,0.0,0.0,0.0,0.0,0.0,0.0,0.0,0.0,0.0,0.0,0.0,0.0,0.0,0.0,0.0,0.0,22,0.5735979676246643,1
False,False,303.65934861288235,False,0.00992504730926887,0.024223694620253165,0.40972475358778043,0.019585363418437134,0.3191574889772094,0.011582689850563857,0.022900134545155,0.010996698804136333,0.02175417351440187,0.010202317136434377,0.02019856213625471,0.009392172255242795,0.018609560314418242,0.008917553760344856,0.017677467751667456,0.008794044665012407,0.01743476720846944,0.008524797202117842,0.016905478627332934,0.007356709982814243,0.014605968094340187,0.0053201383980058786,0.010583968618162978,0.0027728641774633074,0.005530393325387366,0.0002492522432701894,0.00049838026414154,0.0,0.0,0.0,0.0,0.0,0.0,0.0,0.0,0.0,0.0,0.0,0.0,0.0,0.0,0.0,0.0,23,0.5763231515884399,1
False,False,251.82930726982514,False,0.0,0.014294563093243997,0.0,0.014294563093243997,0.289424306658819,0.0,0.0,0.0,0.0,0.0,0.0,0.0,0.0,0.0,0.0,0.0,0.0,0.0,0.0,0.0,0.0,0.0,0.0,0.0,0.0,0.0,0.0,0.0,0.0,0.0,0.0,0.0,0.0,0.0,0.0,0.0,0.0,0.0,0.0,0.0,0.0,0.0,0.0,24,0.0471615344285965,0
False,True,0.0,True,0.23082466303910143,0.03783854166666667,6.100252622643836,0.33939251092892175,0.86128805942456,0.1431521409049499,0.25045159919243437,0.17128424919638757,0.29247255619445894,0.1949780250176722,0.32632905532265116,0.20794840508976817,0.3443001443001443,0.21550820817324484,0.3545977011494253,0.22291494092514277,0.3645632798573975,0.2276130286825474,0.3708221130999525,0.22564348011061477,0.3682041046557036,0.2186871877333027,0.3588897789925074,0.21081650353116094,0.34822205167562037,0.20200457419615228,0.33611282108679835,0.20254747206376494,0.3368639937617779,0.17801002634038576,0.30222158107328334,0.15292872944118496,0.26528739467756735,0.12419906023067065,0.22095563788353756,0.0887798349319652,0.16308133579184594,0.05494756041951664,0.1041711692241193,0.024891030052764395,0.04857302742025742,0.007111722872218399,0.014123006833712985,25,0.05364220216870308,0
False,False,312.1297807002722,False,5.822149427036463e-07,0.0023125,0.00025176862387184707,0.0021831319415660773,0.20628062428988433,0.0,0.0,0.0,0.0,0.0,0.0,0.0,0.0,0.0,0.0,0.0,0.0,0.0,0.0,0.0,0.0,0.0,0.0,0.0,0.0,0.0,0.0,0.0,0.0,0.0,0.0,0.0,0.0,0.0,0.0,0.0,0.0,0.0,0.0,0.0,0.0,0.0,0.0,26,0.4933399260044098,0
False,False,110.35397591387454,False,0.003604329618634826,0.0021875,1.647693539947349,0.004357970090760064,0.7663110125990802,0.004595814526056627,0.009149579282738338,0.005384393500267846,0.010711114147141198,0.006200079082641361,0.012323749941053492,0.006863572433192687,0.013633569872045594,0.005241308935735986,0.010427961702618525,0.0004382944086156158,0.0008762047815746651,0.0,0.0,0.0,0.0,0.0,0.0,0.0,0.0,0.0,0.0,0.0,0.0,0.0,0.0,0.0,0.0,0.0,0.0,0.0,0.0,0.0,0.0,0.0,0.0,0.0,0.0,27,0.6104459762573242,0
False,False,257.14781741247583,False,0.007460970814539772,0.0029102782509937536,2.563662361835032,0.014442640072369534,0.9079815053871845,0.005314796360660784,0.010573397268001774,0.006810843360985081,0.013529539150072701,0.00952408606521676,0.01886846722466707,0.013711228158180754,0.027051546391752578,0.01880033244490299,0.03690680469211511,0.019685367071749626,0.03861066895228766,0.003216428527246861,0.0064122325667427095,0.0,0.0,0.0,0.0,0.0,0.0,0.0,0.0,0.0,0.0,0.0,0.0,0.0,0.0,0.0,0.0,0.0,0.0,0.0,0.0,0.0,0.0,0.0,0.0,28,0.4783184230327606,1
False,False,236.18001608942276,False,0.0,0.002656953828828829,0.0,0.002656953828828829,0.31087136783048996,0.0,0.0,0.0,0.0,0.0,0.0,0.0,0.0,0.0,0.0,0.0,0.0,0.0,0.0,0.0,0.0,0.0,0.0,0.0,0.0,0.0,0.0,0.0,0.0,0.0,0.0,0.0,0.0,0.0,0.0,0.0,0.0,0.0,0.0,0.0,0.0,0.0,0.0,29,0.07822553813457489,1
False,False,142.70599146496969,False,7.311335081629833e-06,0.002043269230769231,0.003578253404656483,0.0017249743554042705,0.22240468255308685,0.0,0.0,0.0,0.0,0.0,0.0,0.0,0.0,0.0,0.0,0.0,0.0,0.0,0.0,0.0,0.0,0.0,0.0,0.0,0.0,0.0,0.0,0.0,0.0,0.0,0.0,0.0,0.0,0.0,0.0,0.0,0.0,0.0,0.0,0.0,0.0,0.0,0.0,30,0.6310281753540039,0
False,False,352.82290175100593,False,0.0005826371069950851,0.0010699632144878324,0.54453938145339,0.0018994086368806203,0.7296408217509875,3.846671667339834e-05,7.693047408404654e-05,0.0,0.0,0.0,0.0,0.0,0.0,0.0,0.0,0.0,0.0,0.0,0.0,0.0,0.0,0.0,0.0,0.0,0.0,0.0,0.0,0.0,0.0,0.0,0.0,0.0,0.0,0.0,0.0,0.0,0.0,0.0,0.0,0.0,0.0,0.0,0.0,31,0.15887755155563354,0
False,False,121.67168939404104,False,0.006723378033779514,0.0014887225969645868,4.516206073238941,0.017888897387984316,0.9613763186443204,0.0028385540958074805,0.005661039026100897,0.0038441911889777174,0.0076589399484885455,0.005434608355509955,0.010810466061833314,0.007425742574257425,0.014742014742014743,0.01000383627939918,0.019809501548530357,0.012125330853422992,0.02396013711700887,0.014555603263203092,0.02869355453044987,0.017575694732476152,0.03454425026748866,0.020777151262564353,0.04070849594716301,0.025955133603858815,0.050597014925373135,0.02423469387755102,0.047322540473225407,0.0,0.0,0.0,0.0,0.0,0.0,0.0,0.0,0.0,0.0,0.0,0.0,0.0,0.0,0.0,0.0,32,0.6200964450836182,1
False,False,24.166091947189145,False,0.008254852726602865,0.0014980490523968785,5.510402154986247,0.0321455764208439,0.9790879049847333,0.0030529473366584427,0.006087310435136522,0.004042160675886867,0.008051774784369258,0.005033507945333762,0.010016597268730163,0.006150215436325604,0.012225242994473765,0.007433177034940254,0.01475666516526178,0.008733402726649572,0.017315581506556262,0.010133443308687071,0.020063573532413753,0.011782435950130154,0.023290453622207177,0.013769363166953529,0.027164685908319185,0.016671513036735485,0.032796262751453906,0.020754147812971344,0.04066434186417637,0.02591922845087402,0.05052878965922444,0.03201647631529676,0.06204644412191582,0.035658542442069875,0.06886158126594018,0.037415526619416516,0.0721321893867175,0.03488649940262843,0.06742091895636111,0.023449319213313162,0.04582409460458241,0.0013995801259622112,0.002795248078266946,0.0,0.0,33,0.6011288166046143,1
False,False,364.58880948268285,False,0.0,0.000792572463768116,0.0,0.000792572463768116,0.2118791312559018,0.0,0.0,0.0,0.0,0.0,0.0,0.0,0.0,0.0,0.0,0.0,0.0,0.0,0.0,0.0,0.0,0.0,0.0,0.0,0.0,0.0,0.0,0.0,0.0,0.0,0.0,0.0,0.0,0.0,0.0,0.0,0.0,0.0,0.0,0.0,0.0,0.0,0.0,34,0.7003554701805115,1
False,False,76.02631123499285,False,0.00028453319696446027,0.0005199809056192035,0.5471993180704059,0.0005816064712440311,0.5619614240767774,0.0010516697412202816,0.002101129787820336,0.00012689952729926082,0.000253766851704996,0.0,0.0,0.0,0.0,0.0,0.0,0.0,0.0,0.0,0.0,0.0,0.0,0.0,0.0,0.0,0.0,0.0,0.0,0.0,0.0,0.0,0.0,0.0,0.0,0.0,0.0,0.0,0.0,0.0,0.0,0.0,0.0,0.0,0.0,35,0.7828518748283386,1
False,False,267.20217064986576,False,0.00041233718860044633,0.001962230477855478,0.2101369809784474,0.006474794453697789,0.8533052836319672,0.0,0.0,0.0,0.0,0.0,0.0,0.0,0.0,0.0,0.0,0.0,0.0,0.0,0.0,0.0,0.0,0.0,0.0,0.0,0.0,0.0,0.0,0.0,0.0,0.0,0.0,0.0,0.0,0.0,0.0,0.0,0.0,0.0,0.0,0.0,0.0,0.0,0.0,36,0.03208542242646217,0
False,True,0.0,True,0.04328261546523184,0.002456253585771658,17.621395329845047,0.7697038848707745,0.9991110496195299,0.012738261273826127,0.025156077855306647,0.017843188330294347,0.03506078055022393,0.024700261426124585,0.0482097299199437,0.033133804945885484,0.06414233042664014,0.04033267093545301,0.07753802617615847,0.04738434932987462,0.09048130108148271,0.05594691168963757,0.10596538721840859,0.06664234464307431,0.1249572454680196,0.08028127746850279,0.14863032275562787,0.0977001247994295,0.17800877050511613,0.11962453612748308,0.21368687853382726,0.14891304347826087,0.25922421948912017,0.19027777777777777,0.31971995332555425,0.25253456221198156,0.4032376747608536,0.34427284427284427,0.5122067975107707,0.4373831775700935,0.6085825747724317,0.5102319236016372,0.6757000903342367,0.4017391304347826,0.5732009925558312,0.1332116788321168,0.23510466988727857,37,0.09010651707649231,0
False,False,88.60022573334675,False,0.0,0.00013065888119953863,0.0,0.00013065888119953863,0.4307868044321679,0.0,0.0,0.0,0.0,0.0,0.0,0.0,0.0,0.0,0.0,0.0,0.0,0.0,0.0,0.0,0.0,0.0,0.0,0.0,0.0,0.0,0.0,0.0,0.0,0.0,0.0,0.0,0.0,0.0,0.0,0.0,0.0,0.0,0.0,0.0,0.0,0.0,0.0,38,0.009151214733719826,0
False,False,62.39390995922599,False,3.963378385622359e-05,0.0004370314302191465,0.09068863499439729,0.00041652388089225245,0.4881683657501753,0.0,0.0,0.0,0.0,0.0,0.0,0.0,0.0,0.0,0.0,0.0,0.0,0.0,0.0,0.0,0.0,0.0,0.0,0.0,0.0,0.0,0.0,0.0,0.0,0.0,0.0,0.0,0.0,0.0,0.0,0.0,0.0,0.0,0.0,0.0,0.0,0.0,0.0,39,0.009151214733719826,0
True,False,296.33089612796033,False,0.0,0.00019273522662076879,0.0,0.00019273522662076879,0.4417558425722112,0.0,0.0,0.0,0.0,0.0,0.0,0.0,0.0,0.0,0.0,0.0,0.0,0.0,0.0,0.0,0.0,0.0,0.0,0.0,0.0,0.0,0.0,0.0,0.0,0.0,0.0,0.0,0.0,0.0,0.0,0.0,0.0,0.0,0.0,0.0,0.0,0.0,0.0,40,0.021539976820349693,0
True,False,299.0468190768797,False,0.0,0.0007216365461847389,0.0,0.0007216365461847389,0.441725014914126,0.0,0.0,0.0,0.0,0.0,0.0,0.0,0.0,0.0,0.0,0.0,0.0,0.0,0.0,0.0,0.0,0.0,0.0,0.0,0.0,0.0,0.0,0.0,0.0,0.0,0.0,0.0,0.0,0.0,0.0,0.0,0.0,0.0,0.0,0.0,0.0,0.0,0.0,41,0.021539976820349693,0
False,False,268.1193763979023,False,0.00025187961246170857,0.018043785310734462,0.013959355430363184,0.013476505902159819,0.24899802525337258,0.0,0.0,0.0,0.0,0.0,0.0,0.0,0.0,0.0,0.0,0.0,0.0,0.0,0.0,0.0,0.0,0.0,0.0,0.0,0.0,0.0,0.0,0.0,0.0,0.0,0.0,0.0,0.0,0.0,0.0,0.0,0.0,0.0,0.0,0.0,0.0,0.0,0.0,42,0.6849786639213562,1
False,False,418.2594888343838,False,0.0013615130196294432,0.003530966767371601,0.3855921364683172,0.0032256197032406457,0.4962831011107912,0.0027721921792944575,0.005529056750705734,0.0006413545407901488,0.0012818869375721062,0.0,0.0,0.0,0.0,0.0,0.0,0.0,0.0,0.0,0.0,0.0,0.0,0.0,0.0,0.0,0.0,0.0,0.0,0.0,0.0,0.0,0.0,0.0,0.0,0.0,0.0,0.0,0.0,0.0,0.0,0.0,0.0,0.0,0.0,43,0.6806600093841553,1
False,False,147.763324272297,False,0.003301274376142874,0.0009539072039072039,3.460791953998098,0.005313503779092152,0.9189145151434137,0.0020026033843997195,0.00399720195862896,0.002365464222353637,0.00471976401179941,0.0027471395409529825,0.0054792268810870785,0.0031267099194872195,0.006233928153978025,0.0035242911769370385,0.0070238283376354285,0.004018242822413759,0.008004322334060393,0.004752625825768737,0.00946029043091623,0.005969258319653783,0.011867675419077288,0.007028562883206221,0.01395901395901396,0.006850583225328643,0.01360794409709452,0.006156074597139236,0.012236818427208926,0.004630332473052983,0.00921798262183604,0.0024677296886864084,0.004923309979170612,0.0002452783909737552,0.0004904364884747426,0.0,0.0,0.0,0.0,0.0,0.0,0.0,0.0,0.0,0.0,44,0.3298356831073761,1
False,False,139.0323703315167,False,0.0008820655786210911,0.0005961920024420025,1.4794991798080994,0.0010370091699925933,0.721216460897494,0.0012516271152498248,0.0025001250062503125,0.0014784151389710231,0.002952465308532625,0.0017169622130956141,0.0034280386134269416,0.001750601769358217,0.003495085036667187,0.0007742389582966743,0.0015472799521749833,4.008337341670675e-05,8.016353360856147e-05,0.0,0.0,0.0,0.0,0.0,0.0,0.0,0.0,0.0,0.0,0.0,0.0,0.0,0.0,0.0,0.0,0.0,0.0,0.0,0.0,0.0,0.0,0.0,0.0,0.0,0.0,45,0.3298356831073761,1
False,False,323.02476685232665,False,2.5049399566478388e-06,0.0010012409747292418,0.002501835242335374,0.0009125478630956998,0.2587101149770059,0.0,0.0,0.0,0.0,0.0,0.0,0.0,0.0,0.0,0.0,0.0,0.0,0.0,0.0,0.0,0.0,0.0,0.0,0.0,0.0,0.0,0.0,0.0,0.0,0.0,0.0,0.0,0.0,0.0,0.0,0.0,0.0,0.0,0.0,0.0,0.0,0.0,0.0,46,0.16139037907123566,1
False,False,305.026228380446,False,0.0,0.0006862966305655837,0.0,0.0006862966305655837,0.23266851686344608,0.0,0.0,0.0,0.0,0.0,0.0,0.0,0.0,0.0,0.0,0.0,0.0,0.0,0.0,0.0,0.0,0.0,0.0,0.0,0.0,0.0,0.0,0.0,0.0,0.0,0.0,0.0,0.0,0.0,0.0,0.0,0.0,0.0,0.0,0.0,0.0,0.0,0.0,47,0.16139037907123566,1
False,True,0.0,True,0.08034297858441498,0.007679503020318506,10.462002342058167,0.40525820547612984,0.9927644515858549,0.029983751821638552,0.05822179576834881,0.039320782900951166,0.07566630735738591,0.047854564897740946,0.0913381808904197,0.056991849210392256,0.1078378215555154,0.07080696202531646,0.13224972294052456,0.08615295759734322,0.15863872025523995,0.09952738393105366,0.18103666245259165,0.1135138563003361,0.20388404806651858,0.12856424621130502,0.22783682301279196,0.1474343134832386,0.2569808341109755,0.17258002313922097,0.29435948034862686,0.20722389442000463,0.34330648254698887,0.2577572521287343,0.40986804360298335,0.3014371475350191,0.4632373497344143,0.3089467723669309,0.472053988579339,0.28705547652916075,0.44606542882404954,0.23537854323645496,0.38106302643043855,0.15530474040632053,0.26885502149277063,0.05081081081081081,0.09670781893004116,48,0.10067924857139587,0
False,False,219.91361940543837,False,0.0012502625371328749,0.0041485507246376814,0.3013733277280991,0.004281508863668378,0.5401451476916094,0.0036342462452815037,0.007242172651795538,0.0,0.0,0.0,0.0,0.0,0.0,0.0,0.0,0.0,0.0,0.0,0.0,0.0,0.0,0.0,0.0,0.0,0.0,0.0,0.0,0.0,0.0,0.0,0.0,0.0,0.0,0.0,0.0,0.0,0.0,0.0,0.0,0.0,0.0,0.0,0.0,49,0.5378268361091614,1
False,False,149.08386901338454,False,0.0,0.0024164244186046513,0.0,0.0024164244186046513,0.23569854481213687,0.0,0.0,0.0,0.0,0.0,0.0,0.0,0.0,0.0,0.0,0.0,0.0,0.0,0.0,0.0,0.0,0.0,0.0,0.0,0.0,0.0,0.0,0.0,0.0,0.0,0.0,0.0,0.0,0.0,0.0,0.0,0.0,0.0,0.0,0.0,0.0,0.0,0.0,50,0.1665608435869217,1
False,False,201.6953147695801,False,0.006087519807462139,0.004136904761904762,1.4715155793577546,0.007258609172545458,0.7331956048382656,0.00950568175342216,0.018832349188786398,0.010996690444482536,0.02175415715683078,0.012434751304973901,0.024564054698727352,0.010006895507828925,0.019815499383887835,0.00595306900936308,0.011835679402470555,0.001630730204747237,0.003256150506512301,0.0,0.0,0.0,0.0,0.0,0.0,0.0,0.0,0.0,0.0,0.0,0.0,0.0,0.0,0.0,0.0,0.0,0.0,0.0,0.0,0.0,0.0,0.0,0.0,0.0,0.0,51,0.2832925021648407,0
False,False,165.43578814754684,False,0.05616843029699217,0.011205357142857144,5.01264079144472,0.11564778450892593,0.9596262356776335,0.027390682802797998,0.05332087055349613,0.033699869765443535,0.06520242625761452,0.04268417114482008,0.08187363408030793,0.05193031820250755,0.09873338053654315,0.06063241297678576,0.11433256656114059,0.0702490904002239,0.13127615062761505,0.08187363408030793,0.15135526276117828,0.09771326307416982,0.17803057749438447,0.12163012692751494,0.21688099134907646,0.1284946892931266,0.22772759236220047,0.13336663336663337,0.2353459673865139,0.13539651837524178,0.23850085178875638,0.1288481141692151,0.22828246342784903,0.08879678472745542,0.1631099319414004,0.0072870806133292845,0.014468726450640543,0.0,0.0,0.0,0.0,0.0,0.0,0.0,0.0,52,0.6769608855247498,0
False,False,248.42906432219237,False,0.0,0.008435333622183709,0.0,0.008435333622183709,0.293317220378791,0.0,0.0,0.0,0.0,0.0,0.0,0.0,0.0,0.0,0.0,0.0,0.0,0.0,0.0,0.0,0.0,0.0,0.0,0.0,0.0,0.0,0.0,0.0,0.0,0.0,0.0,0.0,0.0,0.0,0.0,0.0,0.0,0.0,0.0,0.0,0.0,0.0,0.0,53,0.05891802906990051,0
False,False,232.16588896735024,False,0.04367880201250809,0.010516652123327516,4.153299120318142,0.06097772599742002,0.9193584890997459,0.028287816923791596,0.05501925911836036,0.03498533458316955,0.0676054692064976,0.041095403850252184,0.07894647060830405,0.04765238879736409,0.09096984707316114,0.05405018946164295,0.10255714576409143,0.057252116907948646,0.10830362217744019,0.058879063473581524,0.11121017593913457,0.06147587727635631,0.11583094555873925,0.0637213254035684,0.11980830670926518,0.06422889706755312,0.12070504239178938,0.0656781368361673,0.12326073805202661,0.05539167486070141,0.10496894409937889,0.032512174162131195,0.06297683451241504,0.008058739255014326,0.015988630307337003,0.0,0.0,0.0,0.0,0.0,0.0,0.0,0.0,0.0,0.0,54,0.06186378747224808,0
False,True,0.0,True,0.16631015792328002,0.014026988636363636,11.856440625619154,0.6324612454590138,0.9911046158215471,0.06130593843538672,0.11552924791086351,0.13233886407147416,0.2337442761535752,0.1545412203074057,0.2677101823462966,0.17484323127997048,0.2976452119309262,0.1947754622835339,0.32604530044710855,0.2163677861102054,0.355760467485123,0.24136175165490653,0.38886610020509815,0.2678846934632562,0.4225694889201998,0.28895722166953064,0.44835812517541396,0.30694864048338366,0.46971798428109107,0.32061068702290074,0.48554913294797686,0.335261569416499,0.5021661329817292,0.3720513586145118,0.5423286180631121,0.41212981025004436,0.5836996106994852,0.43200325732899025,0.603355132214956,0.41456200227531287,0.5861347917001769,0.35034516765285995,0.5188972064999087,0.2659375833555615,0.4201432785503582,0.13226875564929197,0.23363491218733368,55,0.7635119557380676,1
False,False,33.83784863137726,False,0.10560703922681762,0.02506026170798898,4.2141235577420595,0.15896660762560288,0.9133243268082332,0.056295809240170955,0.10659099231050898,0.08055957549445249,0.14910714285714285,0.09427813872528185,0.17231110700083233,0.1428799948811466,0.25003499146208324,0.16710346176413066,0.28635586687669673,0.18265707694395442,0.30889271371199084,0.19089226973684212,0.32058696590418645,0.18286138387759762,0.30918480621651623,0.1684857608832016,0.2883830792355594,0.15143818219262717,0.2630417933583736,0.1326454314341259,0.2342223395827832,0.11495653586806402,0.2062081025939959,0.0982316534040672,0.17889058851944287,0.08067000385059685,0.14929627650097987,0.062473706352545226,0.11760047515343497,0.042806045921310716,0.08209780924983404,0.022423784328546234,0.04386397240019714,0.0016849199663016006,0.00336417157275021,0.0,0.0,56,0.8779642581939697,1
False,False,286.29530209208815,False,3.190788471997869e-05,0.0019569174757281555,0.016305176439852676,0.0013240991036534045,0.2935415991372256,0.0,0.0,0.0,0.0,0.0,0.0,0.0,0.0,0.0,0.0,0.0,0.0,0.0,0.0,0.0,0.0,0.0,0.0,0.0,0.0,0.0,0.0,0.0,0.0,0.0,0.0,0.0,0.0,0.0,0.0,0.0,0.0,0.0,0.0,0.0,0.0,0.0,0.0,57,0.5274810194969177,1
False,False,329.51176003293114,False,0.00031229143532512054,0.0016231796116504855,0.192394873052635,0.0015131819538745444,0.4778841192308633,0.0,0.0,0.0,0.0,0.0,0.0,0.0,0.0,0.0,0.0,0.0,0.0,0.0,0.0,0.0,0.0,0.0,0.0,0.0,0.0,0.0,0.0,0.0,0.0,0.0,0.0,0.0,0.0,0.0,0.0,0.0,0.0,0.0,0.0,0.0,0.0,0.0,0.0,58,0.5274810194969177,1
False,False,297.1952220342716,False,0.006381934592031875,0.0015682656826568266,4.069421822213266,0.007645261490997692,0.906511667860113,0.0057873571778122935,0.0115081127964291,0.006628164826863562,0.01316904306567576,0.007614142149315567,0.0151132101680789,0.008811143505021057,0.017468370689101533,0.010337095732147607,0.020462666917434643,0.010815947866226184,0.021400429799426933,0.0100083869164104,0.019818423383525244,0.007813035432801041,0.015504930295817749,0.004362309644670051,0.008686725104635553,0.0009285051067780873,0.0018552875695732839,0.0,0.0,0.0,0.0,0.0,0.0,0.0,0.0,0.0,0.0,0.0,0.0,0.0,0.0,0.0,0.0,0.0,0.0,59,0.4639412760734558,1
False,False,388.1816585053962,False,0.0,0.0018680811808118082,0.0,0.0018680811808118082,0.2652441137734236,0.0,0.0,0.0,0.0,0.0,0.0,0.0,0.0,0.0,0.0,0.0,0.0,0.0,0.0,0.0,0.0,0.0,0.0,0.0,0.0,0.0,0.0,0.0,0.0,0.0,0.0,0.0,0.0,0.0,0.0,0.0,0.0,0.0,0.0,0.0,0.0,0.0,0.0,60,0.4639412760734558,1
False,False,220.0772591614136,False,0.0,0.017646144278606966,0.0,0.017646144278606966,0.43760825793745,0.0,0.0,0.0,0.0,0.0,0.0,0.0,0.0,0.0,0.0,0.0,0.0,0.0,0.0,0.0,0.0,0.0,0.0,0.0,0.0,0.0,0.0,0.0,0.0,0.0,0.0,0.0,0.0,0.0,0.0,0.0,0.0,0.0,0.0,0.0,0.0,0.0,0.0,61,0.013645868748426437,0
False,False,194.65096968677037,False,0.03941933812501869,0.023034218835804504,1.7113381793414706,0.03703247523181131,0.6440522812017607,0.06168181558337621,0.11619642472539307,0.057336578581363006,0.10845473379591568,0.04712166172106825,0.09000226705962366,0.03515416146854393,0.06792063013816554,0.022377416023213494,0.04377525495478161,0.010861301183881828,0.02148920167615773,0.0,0.0,0.0,0.0,0.0,0.0,0.0,0.0,0.0,0.0,0.0,0.0,0.0,0.0,0.0,0.0,0.0,0.0,0.0,0.0,0.0,0.0,0.0,0.0,0.0,0.0,62,0.056403737515211105,0
False,False,5.656854249492381,True,0.13696240442511418,0.03443733377659575,3.9771489080317934,0.33948184035913037,0.9602967141923107,0.05251684125807208,0.09979287589412586,0.06975647943164505,0.13041562406559337,0.11383554493255309,0.20440278719861874,0.17926757876021768,0.3040320653073232,0.2247983014861996,0.3670780751629455,0.2522963663379711,0.40293395895693446,0.28374413145539906,0.44205714285714287,0.2883399209486166,0.4476146648258935,0.30620605319474165,0.4688480082385433,0.2890378813275226,0.44845521689378964,0.2633773945006008,0.41694175572091985,0.23925512104283053,0.3861273066057582,0.21616114115526294,0.35548108526132627,0.19218079841636423,0.322402103224021,0.16762202536043078,0.28711692948527223,0.14124241867303805,0.24752395522988968,0.10181173690429303,0.18480786416443254,0.06148590947907771,0.11584875301689461,0.01412691060676239,0.027860242064398265,63,0.7485500574111938,1
False,True,0.0,True,0.1698742238824733,0.046746858465608464,3.6339174322794183,0.35909726365843614,0.906780224258938,0.09754014938503734,0.1777432004463619,0.12002658918634945,0.2143281067524362,0.1395302228635562,0.24489078054099686,0.16088455393929202,0.2771758025263646,0.1885196112460951,0.3172343299383054,0.20228635874301532,0.33650279281968193,0.20635470826112073,0.3421128244421032,0.21037294129203366,0.34761672888600337,0.2152587533305813,0.3542599512089677,0.22817433544730806,0.37156668863985937,0.26629411407398407,0.4205880942101981,0.24446464515291214,0.39288323072106857,0.21738830667402095,0.3571388118026845,0.1868484362469928,0.31486486486486487,0.1577857854788009,0.27256473081252897,0.12404717965176924,0.22071525447926332,0.08926487747957992,0.1638993036957686,0.05721906728618138,0.10824448604215837,0.023970497848801474,0.0468187274909964,64,0.880515992641449,1
False,False,264.1968962724581,False,0.0,0.0012477313974591652,0.0,0.0012477313974591652,0.15061518076850272,0.0,0.0,0.0,0.0,0.0,0.0,0.0,0.0,0.0,0.0,0.0,0.0,0.0,0.0,0.0,0.0,0.0,0.0,0.0,0.0,0.0,0.0,0.0,0.0,0.0,0.0,0.0,0.0,0.0,0.0,0.0,0.0,0.0,0.0,0.0,0.0,0.0,0.0,65,0.7268349528312683,1
False,False,411.895617845104,False,6.607776897361589e-05,0.001210212201591512,0.05460015102039055,0.0008793294948282714,0.29661686957186073,0.0,0.0,0.0,0.0,0.0,0.0,0.0,0.0,0.0,0.0,0.0,0.0,0.0,0.0,0.0,0.0,0.0,0.0,0.0,0.0,0.0,0.0,0.0,0.0,0.0,0.0,0.0,0.0,0.0,0.0,0.0,0.0,0.0,0.0,0.0,0.0,0.0,0.0,66,0.736791729927063,1
False,False,114.16216536138407,False,0.0004135238651819699,0.0038898273273273274,0.10630905446029122,0.002951615508782797,0.38233808431889404,0.0,0.0,0.0,0.0,0.0,0.0,0.0,0.0,0.0,0.0,0.0,0.0,0.0,0.0,0.0,0.0,0.0,0.0,0.0,0.0,0.0,0.0,0.0,0.0,0.0,0.0,0.0,0.0,0.0,0.0,0.0,0.0,0.0,0.0,0.0,0.0,0.0,0.0,67,0.6770449280738831,0
False,False,148.18906842274163,False,0.009874614850795126,0.004469032429558746,2.2095643758329375,0.012407046952090267,0.8326164100806692,0.010859472770578499,0.021485623003194888,0.013874716741098051,0.02736968683013541,0.016099493873201916,0.031688813881470074,0.017657687253613667,0.03470260673069163,0.017673155712865766,0.03473247891752823,0.012847532984958282,0.025369135169032553,0.0,0.0,0.0,0.0,0.0,0.0,0.0,0.0,0.0,0.0,0.0,0.0,0.0,0.0,0.0,0.0,0.0,0.0,0.0,0.0,0.0,0.0,0.0,0.0,0.0,0.0,68,0.6919166445732117,0
False,False,92.45539465060976,False,0.0,0.0003766166960611405,0.0,0.0003766166960611405,0.32709537505858133,0.0,0.0,0.0,0.0,0.0,0.0,0.0,0.0,0.0,0.0,0.0,0.0,0.0,0.0,0.0,0.0,0.0,0.0,0.0,0.0,0.0,0.0,0.0,0.0,0.0,0.0,0.0,0.0,0.0,0.0,0.0,0.0,0.0,0.0,0.0,0.0,0.0,0.0,69,0.012955775484442711,0
False,False,110.0,False,0.0,0.00026268115942028986,0.0,0.00026268115942028986,0.3480760344655752,0.0,0.0,0.0,0.0,0.0,0.0,0.0,0.0,0.0,0.0,0.0,0.0,0.0,0.0,0.0,0.0,0.0,0.0,0.0,0.0,0.0,0.0,0.0,0.0,0.0,0.0,0.0,0.0,0.0,0.0,0.0,0.0,0.0,0.0,0.0,0.0,0.0,0.0,70,0.01067094411700964,0
False,False,195.0,False,0.08974179639769571,0.1252680200729927,0.7163982981881877,0.12301065484565066,0.5525305611528166,0.12207923640945757,0.2175946803901283,0.08784349646689349,0.16150024659280912,0.06409959735270977,0.12047668754349339,0.046645277297888095,0.08913292461092771,0.03503588848792481,0.06769985249324725,0.031806313790647994,0.06165171382562687,0.027962469593420594,0.054403677995132065,0.017512393194330268,0.03442197522401214,0.006122613389188754,0.012170710224997999,0.0005809900069718801,0.0011613053071652538,0.0,0.0,0.0,0.0,0.0,0.0,0.0,0.0,0.0,0.0,0.0,0.0,0.0,0.0,0.0,0.0,0.0,0.0,71,0.8767023682594299,1
False,False,393.8781537480849,False,0.12535601134784993,0.06081140350877193,2.061389872867637,0.13700680963845094,0.7729903935247294,0.10487372227721317,0.18983838634710568,0.12225830562643367,0.21787908365390135,0.11700793373001983,0.20950242195558225,0.11272975033661567,0.20261838115232098,0.11206145420274909,0.2015382401381538,0.11301429992781756,0.20307789385122343,0.11371043828801784,0.20420108203854523,0.11373995582914337,0.20424867624411958,0.11480990618746914,0.20597216718338424,0.1161197787079589,0.2080776291633884,0.11982511272031698,0.2140068326012689,0.11807331628303495,0.211208539839878,0.11189665706554945,0.20127168537561818,0.09912843597356576,0.18037643778319973,0.08256832607669307,0.1525415515821098,0.06377596046361123,0.11990487251811294,0.04587522471536054,0.08772599949070538,0.027328915034626554,0.05320382719628878,0.011144377910844976,0.022043099193946373,72,0.7893790602684021,1
False,False,211.20606051910536,False,0.1793709981207026,0.19204545454545455,0.9340028304509957,0.21945434799075741,0.5763731472446544,0.20263343228762715,0.3369828691726648,0.1849611454722581,0.31218094564365334,0.14233457015117149,0.24919944448907916,0.09038432780020936,0.1657843486847519,0.054341773395787614,0.10308189387349323,0.01750004190623062,0.03439811535230062,0.0,0.0,0.0,0.0,0.0,0.0,0.0,0.0,0.0,0.0,0.0,0.0,0.0,0.0,0.0,0.0,0.0,0.0,0.0,0.0,0.0,0.0,0.0,0.0,0.0,0.0,73,0.5823109149932861,1
False,False,145.34441853748632,False,0.09146487387186754,0.19876622267759564,0.46016306311875793,0.1579344618316804,0.41537480640670355,0.1291328758577667,0.2287292817679558,0.09599707676112092,0.17517761460607265,0.0597038847594815,0.11268031686612595,0.03424413292027904,0.06622059885142925,0.02206332257561397,0.04317408146496068,0.01139927388186917,0.022541590005532467,0.0,0.0,0.0,0.0,0.0,0.0,0.0,0.0,0.0,0.0,0.0,0.0,0.0,0.0,0.0,0.0,0.0,0.0,0.0,0.0,0.0,0.0,0.0,0.0,0.0,0.0,74,0.6140652894973755,1
False,False,118.33849753989612,False,0.011525918144220507,0.005651939655172414,2.039285421894496,0.012371724488100824,0.7895957250203814,0.013378224993942176,0.02640322174679084,0.01679609318709471,0.03303728898966994,0.018892390814948222,0.037084172941633964,0.020220551578359624,0.03963956920310393,0.017926786030845594,0.03522215207784574,0.012950925420532923,0.025570686783579898,0.006062211235690533,0.012051364553777751,0.0017916824587396202,0.003576956147893379,0.0,0.0,0.0,0.0,0.0,0.0,0.0,0.0,0.0,0.0,0.0,0.0,0.0,0.0,0.0,0.0,0.0,0.0,0.0,0.0,0.0,0.0,75,0.5990632176399231,0
False,False,419.26244763870756,False,0.0009164185528197298,0.00102114602876798,0.8974412346541614,0.001398834612928176,0.6709340984167957,0.0017245237813145874,0.003443109837832155,0.00023228032917440935,0.00046445277510533123,0.0,0.0,0.0,0.0,0.0,0.0,0.0,0.0,0.0,0.0,0.0,0.0,0.0,0.0,0.0,0.0,0.0,0.0,0.0,0.0,0.0,0.0,0.0,0.0,0.0,0.0,0.0,0.0,0.0,0.0,0.0,0.0,0.0,0.0,76,0.4923061430454254,0
False,False,187.11493793922494,False,0.00019139720190321178,0.0005825109649122807,0.32857270237313724,0.0004457263926928744,0.34427319780210913,0.000861730303759932,0.001721976727990985,0.0,0.0,0.0,0.0,0.0,0.0,0.0,0.0,0.0,0.0,0.0,0.0,0.0,0.0,0.0,0.0,0.0,0.0,0.0,0.0,0.0,0.0,0.0,0.0,0.0,0.0,0.0,0.0,0.0,0.0,0.0,0.0,0.0,0.0,0.0,0.0,77,0.7209711074829102,0
False,False,278.72925931807015,False,0.0,0.0005297991653625457,0.0,0.0005297991653625457,0.2217487746996893,0.0,0.0,0.0,0.0,0.0,0.0,0.0,0.0,0.0,0.0,0.0,0.0,0.0,0.0,0.0,0.0,0.0,0.0,0.0,0.0,0.0,0.0,0.0,0.0,0.0,0.0,0.0,0.0,0.0,0.0,0.0,0.0,0.0,0.0,0.0,0.0,0.0,0.0,78,0.49633750319480896,0
False,False,149.26486525636233,False,0.011063416785718597,0.005323483560090703,2.0782287877545533,0.013188853310629972,0.8127868797562636,0.01059534932919627,0.020968529760658713,0.012728601230502049,0.025137240550007843,0.015187506317598302,0.029920593433400543,0.018297231059625836,0.03593691606248599,0.020132714250803617,0.039470774673840935,0.014970200384813928,0.029498797854632882,0.0010696458283812693,0.002137005817404725,0.0,0.0,0.0,0.0,0.0,0.0,0.0,0.0,0.0,0.0,0.0,0.0,0.0,0.0,0.0,0.0,0.0,0.0,0.0,0.0,0.0,0.0,0.0,0.0,79,0.4878324866294861,1
False,False,261.22212769977966,False,0.0,0.003370358560090703,0.0,0.003370358560090703,0.22050073101039414,0.0,0.0,0.0,0.0,0.0,0.0,0.0,0.0,0.0,0.0,0.0,0.0,0.0,0.0,0.0,0.0,0.0,0.0,0.0,0.0,0.0,0.0,0.0,0.0,0.0,0.0,0.0,0.0,0.0,0.0,0.0,0.0,0.0,0.0,0.0,0.0,0.0,0.0,80,0.34837982058525085,1
False,False,404.5268841498671,False,0.0,0.011567540322580646,0.0,0.011567540322580646,0.2761199357487061,0.0,0.0,0.0,0.0,0.0,0.0,0.0,0.0,0.0,0.0,0.0,0.0,0.0,0.0,0.0,0.0,0.0,0.0,0.0,0.0,0.0,0.0,0.0,0.0,0.0,0.0,0.0,0.0,0.0,0.0,0.0,0.0,0.0,0.0,0.0,0.0,0.0,0.0,81,0.2376643419265747,0
False,False,263.47295876427245,False,0.0,0.004843247588424437,0.0,0.004843247588424437,0.31477816595650154,0.0,0.0,0.0,0.0,0.0,0.0,0.0,0.0,0.0,0.0,0.0,0.0,0.0,0.0,0.0,0.0,0.0,0.0,0.0,0.0,0.0,0.0,0.0,0.0,0.0,0.0,0.0,0.0,0.0,0.0,0.0,0.0,0.0,0.0,0.0,0.0,0.0,0.0,82,0.2646785080432892,0
False,False,116.1077086157504,False,0.001065548603402685,0.001533132946379215,0.6950138315918268,0.001779095168796083,0.5926823213445128,0.0024310495915271326,0.004850307844150961,0.0004109230826702529,0.0008215085884988797,0.0,0.0,0.0,0.0,0.0,0.0,0.0,0.0,0.0,0.0,0.0,0.0,0.0,0.0,0.0,0.0,0.0,0.0,0.0,0.0,0.0,0.0,0.0,0.0,0.0,0.0,0.0,0.0,0.0,0.0,0.0,0.0,0.0,0.0,83,0.2516965866088867,0
False,False,97.45255255764212,False,0.002088288123610913,0.001286967938087341,1.6226419181152822,0.002572079675384752,0.7651786382305567,0.0028105253230217863,0.00560529681739523,0.0036127709578218366,0.007199531656764196,0.004031340420689879,0.008030307936405141,0.0005027881890483591,0.0010050710402485267,0.0,0.0,0.0,0.0,0.0,0.0,0.0,0.0,0.0,0.0,0.0,0.0,0.0,0.0,0.0,0.0,0.0,0.0,0.0,0.0,0.0,0.0,0.0,0.0,0.0,0.0,0.0,0.0,0.0,0.0,84,0.2516965866088867,0
False,False,136.6821129482567,False,0.0,0.001380024941314554,0.0,0.001380024941314554,0.4576880873785071,0.0,0.0,0.0,0.0,0.0,0.0,0.0,0.0,0.0,0.0,0.0,0.0,0.0,0.0,0.0,0.0,0.0,0.0,0.0,0.0,0.0,0.0,0.0,0.0,0.0,0.0,0.0,0.0,0.0,0.0,0.0,0.0,0.0,0.0,0.0,0.0,0.0,0.0,85,0.008189056999981403,0
False,False,103.61949623502326,False,0.0,0.0009215448943661971,0.0,0.0009215448943661971,0.457707504439886,0.0,0.0,0.0,0.0,0.0,0.0,0.0,0.0,0.0,0.0,0.0,0.0,0.0,0.0,0.0,0.0,0.0,0.0,0.0,0.0,0.0,0.0,0.0,0.0,0.0,0.0,0.0,0.0,0.0,0.0,0.0,0.0,0.0,0.0,0.0,0.0,0.0,0.0,86,0.008189056999981403,0
False,False,240.68444071023785,False,0.0,0.0009918478260869566,0.0,0.0009918478260869566,0.4303657159954847,0.0,0.0,0.0,0.0,0.0,0.0,0.0,0.0,0.0,0.0,0.0,0.0,0.0,0.0,0.0,0.0,0.0,0.0,0.0,0.0,0.0,0.0,0.0,0.0,0.0,0.0,0.0,0.0,0.0,0.0,0.0,0.0,0.0,0.0,0.0,0.0,0.0,0.0,87,0.0016983147943392396,0
False,False,56.36488268416781,False,0.0004623919744134026,0.00012928486997635933,3.5765358660913242,0.0010352076649547965,0.936924739879512,0.00170961045304677,0.0034133853468243324,0.00101603889977502,0.002030015225114188,0.0,0.0,0.0,0.0,0.0,0.0,0.0,0.0,0.0,0.0,0.0,0.0,0.0,0.0,0.0,0.0,0.0,0.0,0.0,0.0,0.0,0.0,0.0,0.0,0.0,0.0,0.0,0.0,0.0,0.0,0.0,0.0,0.0,0.0,88,0.008209445513784885,0
False,False,339.67631651323586,False,0.0,0.0012158526490066224,0.0,0.0012158526490066224,0.23132343926718296,0.0,0.0,0.0,0.0,0.0,0.0,0.0,0.0,0.0,0.0,0.0,0.0,0.0,0.0,0.0,0.0,0.0,0.0,0.0,0.0,0.0,0.0,0.0,0.0,0.0,0.0,0.0,0.0,0.0,0.0,0.0,0.0,0.0,0.0,0.0,0.0,0.0,0.0,89,0.4603424370288849,0
False,False,419.03937762458554,False,8.773261950583558e-05,0.0014583333333333334,0.06015951051828725,0.0012332640633426137,0.4272569457380803,0.0,0.0,0.0,0.0,0.0,0.0,0.0,0.0,0.0,0.0,0.0,0.0,0.0,0.0,0.0,0.0,0.0,0.0,0.0,0.0,0.0,0.0,0.0,0.0,0.0,0.0,0.0,0.0,0.0,0.0,0.0,0.0,0.0,0.0,0.0,0.0,0.0,0.0,90,0.20445041358470917,0
False,False,254.77833502870686,False,2.4710098607240407e-07,0.0052671370967741936,4.6913718312693746e-05,0.004436404952816498,0.19956299284243584,0.0,0.0,0.0,0.0,0.0,0.0,0.0,0.0,0.0,0.0,0.0,0.0,0.0,0.0,0.0,0.0,0.0,0.0,0.0,0.0,0.0,0.0,0.0,0.0,0.0,0.0,0.0,0.0,0.0,0.0,0.0,0.0,0.0,0.0,0.0,0.0,0.0,0.0,91,0.58113694190979,0
False,False,201.6382900145704,False,0.000458508913187827,0.0009877873563218392,0.46417775065996736,0.0011875844600963057,0.5852569152196119,0.0020676497401340213,0.004126766772024273,0.0,0.0,0.0,0.0,0.0,0.0,0.0,0.0,0.0,0.0,0.0,0.0,0.0,0.0,0.0,0.0,0.0,0.0,0.0,0.0,0.0,0.0,0.0,0.0,0.0,0.0,0.0,0.0,0.0,0.0,0.0,0.0,0.0,0.0,0.0,0.0,92,0.7751078605651855,0
False,True,0.0,True,0.376534653452806,0.034726456639566396,10.842875717524041,0.7494572571215873,0.966580193413947,0.14380551659654045,0.25145099321507397,0.2987653331195382,0.46007592826939103,0.416940931924476,0.5885085574572128,0.44484871696667944,0.6157720344599072,0.46217388311420116,0.6321736264770962,0.47310647639956094,0.6423248882265276,0.4819249008784887,0.6504039450215088,0.4887038258575198,0.6565494322902243,0.4944429859105627,0.6617087310417521,0.5010249720462169,0.6675771307964492,0.5069382050514126,0.6728055647565419,0.48307497627333124,0.6514505119453925,0.4451819891580927,0.6160912500956901,0.40960940200483925,0.5811672388425699,0.36456089973677913,0.5343270495396756,0.2894034917555771,0.44889515749882464,0.1976588220948665,0.33007534107106495,0.11047433239848799,0.19896782694630505,0.037190586513839774,0.07171408417587585,93,0.5561556220054626,1
False,False,111.30588483993108,False,0.0002098101162485381,0.006321985094850949,0.033187379138147864,0.004710447795229337,0.3423257735032616,0.0,0.0,0.0,0.0,0.0,0.0,0.0,0.0,0.0,0.0,0.0,0.0,0.0,0.0,0.0,0.0,0.0,0.0,0.0,0.0,0.0,0.0,0.0,0.0,0.0,0.0,0.0,0.0,0.0,0.0,0.0,0.0,0.0,0.0,0.0,0.0,0.0,0.0,94,0.5561556220054626,1
False,False,106.78014796768171,False,0.003300286527062604,0.028175349973586897,0.11713382549485532,0.024313035378960207,0.4664617433460324,0.005654213436086446,0.011244846112198576,0.0028460027890827334,0.005675852087294605,0.00036865741671693813,0.0007370431170223459,0.0,0.0,0.0,0.0,0.0,0.0,0.0,0.0,0.0,0.0,0.0,0.0,0.0,0.0,0.0,0.0,0.0,0.0,0.0,0.0,0.0,0.0,0.0,0.0,0.0,0.0,0.0,0.0,0.0,0.0,0.0,0.0,95,0.26102495193481445,1
False,False,2.23606797749979,True,0.2756183204823421,0.016017069466455362,17.207787046161663,0.9069281096829341,0.9986825909480321,0.0942104624347615,0.17219806548939567,0.1366068285814854,0.24037657551639777,0.16857788202588828,0.28851800914396164,0.20661201022146508,0.34246635782042795,0.24677306542888028,0.39585883312933495,0.3069197311190194,0.46968413409173426,0.3716365029206167,0.5418877408545099,0.4077965745508038,0.5793402000298552,0.44681096016578403,0.6176493992201798,0.49188846641318124,0.6594172117916914,0.5452374262433268,0.7057005182289299,0.6042939978059865,0.7533457067500244,0.6536244541484716,0.7905355445230802,0.7003117692907249,0.8237451294980518,0.7322392571798747,0.8454250810271753,0.7214891611687088,0.8382151656173008,0.5917363502213477,0.7435105067985167,0.4509952128999748,0.6216357006424726,0.30476919153277227,0.4671618451915559,96,0.26102495193481445,1
False,False,13.0,True,0.07870279118206874,0.010717941098784997,7.343088607847511,0.08886132656419869,0.9435951681088957,0.060467368930863304,0.11403909389842894,0.0808728692439084,0.1496436288579998,0.09017021276595745,0.1654240993012998,0.09792543904693438,0.1783826762078481,0.10146669872565521,0.18423924907225497,0.10681867692977998,0.19301928880724314,0.10677304362586997,0.19294478527607362,0.09668658337859859,0.17632491332342745,0.08888245512449335,0.16325445360276522,0.08046569132495364,0.14894631448459997,0.07087742504409171,0.1323726196603191,0.05990292411507044,0.11303473695967832,0.0484304932735426,0.09238665526090675,0.03533667223149694,0.06826122010212309,0.02106379754508259,0.04125853368952211,0.0075288606324242936,0.014945200929923613,0.0,0.0,0.0,0.0,0.0,0.0,97,0.26102495193481445,1
False,False,169.1862878604528,False,0.007668289630094445,0.11815271406727829,0.06490151064771972,0.09176455386644633,0.27001483258241044,0.008376822199541683,0.016614467955083645,0.0016764654520053555,0.0033473192389497784,0.0,0.0,0.0,0.0,0.0,0.0,0.0,0.0,0.0,0.0,0.0,0.0,0.0,0.0,0.0,0.0,0.0,0.0,0.0,0.0,0.0,0.0,0.0,0.0,0.0,0.0,0.0,0.0,0.0,0.0,0.0,0.0,0.0,0.0,98,0.5159866809844971,1
False,False,166.35504200354134,False,1.8195163953031738e-05,0.03846331120943953,0.0004730524591072218,0.0358424059112027,0.20040161907212892,0.0,0.0,0.0,0.0,0.0,0.0,0.0,0.0,0.0,0.0,0.0,0.0,0.0,0.0,0.0,0.0,0.0,0.0,0.0,0.0,0.0,0.0,0.0,0.0,0.0,0.0,0.0,0.0,0.0,0.0,0.0,0.0,0.0,0.0,0.0,0.0,0.0,0.0,99,0.5926243662834167,1
False,False,217.0,False,0.0,0.012322364790286975,0.0,0.012322364790286975,0.3730214162861558,0.0,0.0,0.0,0.0,0.0,0.0,0.0,0.0,0.0,0.0,0.0,0.0,0.0,0.0,0.0,0.0,0.0,0.0,0.0,0.0,0.0,0.0,0.0,0.0,0.0,0.0,0.0,0.0,0.0,0.0,0.0,0.0,0.0,0.0,0.0,0.0,0.0,0.0,100,0.016587575897574425,0
False,False,191.3765920900464,False,0.03094828167535999,0.016046135863586358,1.9287061968352897,0.03328015694122828,0.7560938731726081,0.027520534877634922,0.05356688055078584,0.03201673407967898,0.06204692815999834,0.03654670151095075,0.07051626609332207,0.039191555829033935,0.07542700979275792,0.04078053463299365,0.07836529081008213,0.0418034390556727,0.08025206577080378,0.04270237499011519,0.08190712136916349,0.04181528662420382,0.08027389722740196,0.023773923444976076,0.04644369796991383,0.0,0.0,0.0,0.0,0.0,0.0,0.0,0.0,0.0,0.0,0.0,0.0,0.0,0.0,0.0,0.0,0.0,0.0,0.0,0.0,101,0.6157011389732361,0
False,False,187.0,False,0.0,0.0031563021702838063,0.0,0.0031563021702838063,0.14865454228269875,0.0,0.0,0.0,0.0,0.0,0.0,0.0,0.0,0.0,0.0,0.0,0.0,0.0,0.0,0.0,0.0,0.0,0.0,0.0,0.0,0.0,0.0,0.0,0.0,0.0,0.0,0.0,0.0,0.0,0.0,0.0,0.0,0.0,0.0,0.0,0.0,0.0,0.0,102,0.5990917086601257,1
False,False,45.31004303683677,False,0.016856678237909505,0.004727628410914928,3.5655675050500144,0.020435222101364232,0.8963364468542726,0.012643087104274727,0.024970470376544096,0.01587769541778976,0.031259068861158326,0.019419309421198124,0.038098767095600616,0.023968973848175305,0.04681582051865803,0.025274451097804393,0.04930280096366778,0.021245399323737993,0.04160684461894577,0.02130579228658096,0.04172265044904887,0.02096788463239848,0.04107452339688042,0.019813328966759455,0.038856775850995506,0.017862050013740038,0.03509719222462203,0.015033650904641203,0.029621975372427452,0.009869503235003838,0.019546096210229125,0.0031826017769526586,0.006345009914077991,0.0,0.0,0.0,0.0,0.0,0.0,0.0,0.0,0.0,0.0,0.0,0.0,103,0.5226172208786011,1
False,False,210.95260131128984,False,0.0,0.0005492424242424242,0.0,0.0005492424242424242,0.30212616778154666,0.0,0.0,0.0,0.0,0.0,0.0,0.0,0.0,0.0,0.0,0.0,0.0,0.0,0.0,0.0,0.0,0.0,0.0,0.0,0.0,0.0,0.0,0.0,0.0,0.0,0.0,0.0,0.0,0.0,0.0,0.0,0.0,0.0,0.0,0.0,0.0,0.0,0.0,104,0.17441146075725555,0
False,False,229.93042425916585,False,0.0,0.0005255681818181818,0.0,0.0005255681818181818,0.3021308547579457,0.0,0.0,0.0,0.0,0.0,0.0,0.0,0.0,0.0,0.0,0.0,0.0,0.0,0.0,0.0,0.0,0.0,0.0,0.0,0.0,0.0,0.0,0.0,0.0,0.0,0.0,0.0,0.0,0.0,0.0,0.0,0.0,0.0,0.0,0.0,0.0,0.0,0.0,105,0.17441146075725555,0
False,False,292.91978424135164,False,0.0,0.0007149621212121213,0.0,0.0007149621212121213,0.3020933527285133,0.0,0.0,0.0,0.0,0.0,0.0,0.0,0.0,0.0,0.0,0.0,0.0,0.0,0.0,0.0,0.0,0.0,0.0,0.0,0.0,0.0,0.0,0.0,0.0,0.0,0.0,0.0,0.0,0.0,0.0,0.0,0.0,0.0,0.0,0.0,0.0,0.0,0.0,106,0.17441146075725555,0
False,False,307.67515336796373,False,0.0,0.0007433712121212121,0.0,0.0007433712121212121,0.30208772619797863,0.0,0.0,0.0,0.0,0.0,0.0,0.0,0.0,0.0,0.0,0.0,0.0,0.0,0.0,0.0,0.0,0.0,0.0,0.0,0.0,0.0,0.0,0.0,0.0,0.0,0.0,0.0,0.0,0.0,0.0,0.0,0.0,0.0,0.0,0.0,0.0,0.0,0.0,107,0.17441146075725555,0
False,False,320.3201523476161,False,0.0,0.0008191287878787878,0.0,0.0008191287878787878,0.30207272055234635,0.0,0.0,0.0,0.0,0.0,0.0,0.0,0.0,0.0,0.0,0.0,0.0,0.0,0.0,0.0,0.0,0.0,0.0,0.0,0.0,0.0,0.0,0.0,0.0,0.0,0.0,0.0,0.0,0.0,0.0,0.0,0.0,0.0,0.0,0.0,0.0,0.0,0.0,108,0.17441146075725555,0
False,False,298.77416220282504,False,0.0,0.000643939393939394,0.0,0.000643939393939394,0.30210741765530835,0.0,0.0,0.0,0.0,0.0,0.0,0.0,0.0,0.0,0.0,0.0,0.0,0.0,0.0,0.0,0.0,0.0,0.0,0.0,0.0,0.0,0.0,0.0,0.0,0.0,0.0,0.0,0.0,0.0,0.0,0.0,0.0,0.0,0.0,0.0,0.0,0.0,0.0,109,0.17441146075725555,0
False,False,168.24089871371942,False,0.003045358954959468,0.0007406345565749235,4.111824013509145,0.003432058769917874,0.9005350558201416,0.0033594139448189166,0.006696332138074049,0.004015648073784295,0.007999174278784126,0.004690857367672427,0.009337911922404964,0.005087979648081407,0.010124446319341911,0.004682665774730328,0.009321681231793591,0.0037333595323475956,0.0074389468017422794,0.0024201913103607236,0.004828696252011957,0.000673536741429245,0.001346166790065289,0.0,0.0,0.0,0.0,0.0,0.0,0.0,0.0,0.0,0.0,0.0,0.0,0.0,0.0,0.0,0.0,0.0,0.0,0.0,0.0,0.0,0.0,110,0.021990321576595306,0
False,False,258.9246994784391,False,4.53356945764334e-06,0.00031536697247706424,0.014375536607509062,0.00028162756074557904,0.4069126986403077,0.0,0.0,0.0,0.0,0.0,0.0,0.0,0.0,0.0,0.0,0.0,0.0,0.0,0.0,0.0,0.0,0.0,0.0,0.0,0.0,0.0,0.0,0.0,0.0,0.0,0.0,0.0,0.0,0.0,0.0,0.0,0.0,0.0,0.0,0.0,0.0,0.0,0.0,111,0.021990321576595306,0
False,False,269.7035409482048,False,0.00014850725398200023,0.000525611620795107,0.28254180103048193,0.0007907541755276178,0.6829862399874829,0.00019463667820069204,0.0003891976042725248,0.0,0.0,0.0,0.0,0.0,0.0,0.0,0.0,0.0,0.0,0.0,0.0,0.0,0.0,0.0,0.0,0.0,0.0,0.0,0.0,0.0,0.0,0.0,0.0,0.0,0.0,0.0,0.0,0.0,0.0,0.0,0.0,0.0,0.0,0.0,0.0,112,0.021990321576595306,0
False,False,261.37520922994975,False,0.0,0.0007597477064220184,0.0,0.0007597477064220184,0.35065105847810596,0.0,0.0,0.0,0.0,0.0,0.0,0.0,0.0,0.0,0.0,0.0,0.0,0.0,0.0,0.0,0.0,0.0,0.0,0.0,0.0,0.0,0.0,0.0,0.0,0.0,0.0,0.0,0.0,0.0,0.0,0.0,0.0,0.0,0.0,0.0,0.0,0.0,0.0,113,0.021990321576595306,0
False,False,271.4719138327205,False,0.0,0.0002819189602446483,0.0,0.0002819189602446483,0.35072244181989376,0.0,0.0,0.0,0.0,0.0,0.0,0.0,0.0,0.0,0.0,0.0,0.0,0.0,0.0,0.0,0.0,0.0,0.0,0.0,0.0,0.0,0.0,0.0,0.0,0.0,0.0,0.0,0.0,0.0,0.0,0.0,0.0,0.0,0.0,0.0,0.0,0.0,0.0,114,0.021990321576595306,0
False,False,257.390753524675,False,0.0,0.0005925076452599388,0.0,0.0005925076452599388,0.35067605041213257,0.0,0.0,0.0,0.0,0.0,0.0,0.0,0.0,0.0,0.0,0.0,0.0,0.0,0.0,0.0,0.0,0.0,0.0,0.0,0.0,0.0,0.0,0.0,0.0,0.0,0.0,0.0,0.0,0.0,0.0,0.0,0.0,0.0,0.0,0.0,0.0,0.0,0.0,115,0.021990321576595306,0
False,False,212.7016690108472,False,0.0,0.0008758618105515587,0.0,0.0008758618105515587,0.38959154685280595,0.0,0.0,0.0,0.0,0.0,0.0,0.0,0.0,0.0,0.0,0.0,0.0,0.0,0.0,0.0,0.0,0.0,0.0,0.0,0.0,0.0,0.0,0.0,0.0,0.0,0.0,0.0,0.0,0.0,0.0,0.0,0.0,0.0,0.0,0.0,0.0,0.0,0.0,116,0.02083497680723667,0
False,False,192.85486771144772,False,0.0,0.00046837529976019186,0.0,0.00046837529976019186,0.38963655789019885,0.0,0.0,0.0,0.0,0.0,0.0,0.0,0.0,0.0,0.0,0.0,0.0,0.0,0.0,0.0,0.0,0.0,0.0,0.0,0.0,0.0,0.0,0.0,0.0,0.0,0.0,0.0,0.0,0.0,0.0,0.0,0.0,0.0,0.0,0.0,0.0,0.0,0.0,117,0.02083497680723667,0
False,False,107.81465577554843,False,0.0,0.0009133318345323741,0.0,0.0009133318345323741,0.3895874060635041,0.0,0.0,0.0,0.0,0.0,0.0,0.0,0.0,0.0,0.0,0.0,0.0,0.0,0.0,0.0,0.0,0.0,0.0,0.0,0.0,0.0,0.0,0.0,0.0,0.0,0.0,0.0,0.0,0.0,0.0,0.0,0.0,0.0,0.0,0.0,0.0,0.0,0.0,118,0.02083497680723667,0
False,False,182.0988742414406,False,0.0,0.0007868705035971223,0.0,0.0007868705035971223,0.38960137998275024,0.0,0.0,0.0,0.0,0.0,0.0,0.0,0.0,0.0,0.0,0.0,0.0,0.0,0.0,0.0,0.0,0.0,0.0,0.0,0.0,0.0,0.0,0.0,0.0,0.0,0.0,0.0,0.0,0.0,0.0,0.0,0.0,0.0,0.0,0.0,0.0,0.0,0.0,119,0.02083497680723667,0
False,False,128.84486796143648,False,0.0,0.0006604091726618705,0.0,0.0006604091726618705,0.3896153503653398,0.0,0.0,0.0,0.0,0.0,0.0,0.0,0.0,0.0,0.0,0.0,0.0,0.0,0.0,0.0,0.0,0.0,0.0,0.0,0.0,0.0,0.0,0.0,0.0,0.0,0.0,0.0,0.0,0.0,0.0,0.0,0.0,0.0,0.0,0.0,0.0,0.0,0.0,120,0.02083497680723667,0
False,False,149.12075643584967,False,0.0017666511532794774,0.000576101618705036,3.0665616896730206,0.0028400403564988476,0.9024026377033212,0.00399532254921068,0.00795884693778511,0.004610049061072576,0.00917778806887551,0.000695112822158058,0.0013892599519102324,0.0,0.0,0.0,0.0,0.0,0.0,0.0,0.0,0.0,0.0,0.0,0.0,0.0,0.0,0.0,0.0,0.0,0.0,0.0,0.0,0.0,0.0,0.0,0.0,0.0,0.0,0.0,0.0,0.0,0.0,0.0,0.0,121,0.02083497680723667,0
False,False,20.0,False,0.011201434266123569,0.0008603872202591284,13.01906165313562,0.0514931096621638,0.9927683115685615,0.004845814977973568,0.009644892590968873,0.006164090055048291,0.012252653649587211,0.00688537869582827,0.013676588897827836,0.007648887434554974,0.015181652120966106,0.008501159248988498,0.01685899747565813,0.009564238952536825,0.018947261766046913,0.010936312065033043,0.021636006016429482,0.012720223114073873,0.025120902740462116,0.014710509754562617,0.028994495697340878,0.01720647773279352,0.03383084577114428,0.020381471389645776,0.03994872890408033,0.024608501118568233,0.048034934497816595,0.030278497409326425,0.058777306302058775,0.038000406421459056,0.07321848081440877,0.04873599166015116,0.09294234592445327,0.06547619047619048,0.12290502793296089,0.06360792492179354,0.11960784313725491,0.0,0.0,0.0,0.0,122,0.09486215561628342,0
False,False,210.6608648990125,False,0.0007020735952063925,0.000823579210836278,0.8524663881370848,0.0023338227264162346,0.8297662346950103,0.0030789133247089264,0.0061389254301116875,0.0,0.0,0.0,0.0,0.0,0.0,0.0,0.0,0.0,0.0,0.0,0.0,0.0,0.0,0.0,0.0,0.0,0.0,0.0,0.0,0.0,0.0,0.0,0.0,0.0,0.0,0.0,0.0,0.0,0.0,0.0,0.0,0.0,0.0,0.0,0.0,123,0.09486215561628342,0
False,False,222.49719099350446,False,0.0005501583811585278,0.0003956861012956419,1.3903909673781287,0.0013784339793209107,0.8569847402520248,0.00222855662088624,0.00444720239942083,0.0005261946262373796,0.0010518357821385136,0.0,0.0,0.0,0.0,0.0,0.0,0.0,0.0,0.0,0.0,0.0,0.0,0.0,0.0,0.0,0.0,0.0,0.0,0.0,0.0,0.0,0.0,0.0,0.0,0.0,0.0,0.0,0.0,0.0,0.0,0.0,0.0,0.0,0.0,124,0.09486215561628342,0
False,False,184.94593804677083,False,0.0,0.000869589222614841,0.0,0.000869589222614841,0.3172733761598858,0.0,0.0,0.0,0.0,0.0,0.0,0.0,0.0,0.0,0.0,0.0,0.0,0.0,0.0,0.0,0.0,0.0,0.0,0.0,0.0,0.0,0.0,0.0,0.0,0.0,0.0,0.0,0.0,0.0,0.0,0.0,0.0,0.0,0.0,0.0,0.0,0.0,0.0,125,0.09486215561628342,0
False,False,256.56383221335,False,1.717292774464642e-08,0.0006073321554770318,2.827600611918509e-05,0.0005702260627250788,0.3390335318267476,0.0,0.0,0.0,0.0,0.0,0.0,0.0,0.0,0.0,0.0,0.0,0.0,0.0,0.0,0.0,0.0,0.0,0.0,0.0,0.0,0.0,0.0,0.0,0.0,0.0,0.0,0.0,0.0,0.0,0.0,0.0,0.0,0.0,0.0,0.0,0.0,0.0,0.0,126,0.09486215561628342,0
False,False,290.6217472936256,False,0.0,0.0009063972320376914,0.0,0.0009063972320376914,0.31726664425481355,0.0,0.0,0.0,0.0,0.0,0.0,0.0,0.0,0.0,0.0,0.0,0.0,0.0,0.0,0.0,0.0,0.0,0.0,0.0,0.0,0.0,0.0,0.0,0.0,0.0,0.0,0.0,0.0,0.0,0.0,0.0,0.0,0.0,0.0,0.0,0.0,0.0,0.0,127,0.09486215561628342,0
False,False,299.0468190768797,False,0.0,0.001691077817531306,0.0,0.001691077817531306,0.43429556728404567,0.0,0.0,0.0,0.0,0.0,0.0,0.0,0.0,0.0,0.0,0.0,0.0,0.0,0.0,0.0,0.0,0.0,0.0,0.0,0.0,0.0,0.0,0.0,0.0,0.0,0.0,0.0,0.0,0.0,0.0,0.0,0.0,0.0,0.0,0.0,0.0,0.0,0.0,128,0.007837662473320961,0
False,False,115.0173899895142,False,0.0,0.0013578869047619047,0.0,0.0013578869047619047,0.35098813493024383,0.0,0.0,0.0,0.0,0.0,0.0,0.0,0.0,0.0,0.0,0.0,0.0,0.0,0.0,0.0,0.0,0.0,0.0,0.0,0.0,0.0,0.0,0.0,0.0,0.0,0.0,0.0,0.0,0.0,0.0,0.0,0.0,0.0,0.0,0.0,0.0,0.0,0.0,129,0.010206923820078373,0
False,False,25.059928172283335,False,0.22514167624679424,0.10424584740990991,2.159718414120653,0.29649369359435473,0.8180892171050202,0.14866752704194994,0.25885214571147275,0.16776010471619532,0.28731946576812817,0.19079353912555735,0.32044772306316666,0.21472621728355945,0.35353845867218137,0.23166043158017371,0.3761758121643352,0.24741721854304635,0.39668719473348907,0.2765370926093935,0.43326135090069157,0.29101401483924155,0.4508301404853129,0.27150480256136605,0.42706060097364446,0.24687549859065042,0.39599061633610577,0.2008329083800782,0.3344893481491967,0.15894456258049058,0.2742919164771553,0.12029119114982356,0.21474986521381345,0.08189450876836617,0.1513909315642895,0.03944555302166477,0.0758972952589901,0.018921020476172844,0.03713932698597282,0.008537886872998933,0.016931216931216932,0.0013736802857254994,0.002743591753547072,0.0,0.0,130,0.6385883688926697,1
False,False,136.5283853270081,False,0.2580576176974696,0.13415152186761228,1.9236279552022848,0.27594427386142617,0.8193759582790628,0.24602643679134242,0.3948976193874153,0.302654495855629,0.4646734753052611,0.32777310360805256,0.4937185468170297,0.3219337364230801,0.4870648619562068,0.24991298294465716,0.3998886104149262,0.16679806095576766,0.2859073331320711,0.11637577185280365,0.2084885300935177,0.10474789202648407,0.1896322098145682,0.09504760380830467,0.17359538247972528,0.08617851867482591,0.158682053075339,0.0784817414797263,0.1455411593191105,0.07138538808538343,0.13325809532077437,0.06433563016175536,0.12089350076907183,0.05759633688326388,0.10891931992313866,0.051550078397931395,0.09804588379940879,0.04493622523952272,0.0860075938686542,0.03274926345169794,0.0634215188733071,0.012143389138952755,0.023995392884566164,0.0,0.0,131,0.4207652509212494,1
False,False,276.1014306373656,False,0.002739963096069371,0.006295214245965498,0.43524540849826826,0.005616996464199317,0.4969076066268756,0.00446120890379063,0.008882789826516704,0.003112992510582872,0.006206663723478848,0.001520565650421957,0.0030365140818340544,0.0,0.0,0.0,0.0,0.0,0.0,0.0,0.0,0.0,0.0,0.0,0.0,0.0,0.0,0.0,0.0,0.0,0.0,0.0,0.0,0.0,0.0,0.0,0.0,0.0,0.0,0.0,0.0,0.0,0.0,0.0,0.0,132,0.6236439347267151,1
False,False,154.82893786369524,False,3.807521424381866e-05,0.004310941828254848,0.008832226404509902,0.0027401815702516943,0.21802646546262255,0.0,0.0,0.0,0.0,0.0,0.0,0.0,0.0,0.0,0.0,0.0,0.0,0.0,0.0,0.0,0.0,0.0,0.0,0.0,0.0,0.0,0.0,0.0,0.0,0.0,0.0,0.0,0.0,0.0,0.0,0.0,0.0,0.0,0.0,0.0,0.0,0.0,0.0,133,0.49973195791244507,1
False,False,281.12808468738945,False,0.011722664189197476,0.006767349498327759,1.7322386248994819,0.012312793465607912,0.7534380652228494,0.014070606557228615,0.027750743323481878,0.01660936203235646,0.03267599660729432,0.015809825673534072,0.031127530515963155,0.01461579438007724,0.028810500410172274,0.011700536641154217,0.023130434782608695,0.004995717956037682,0.009941769634995028,0.0,0.0,0.0,0.0,0.0,0.0,0.0,0.0,0.0,0.0,0.0,0.0,0.0,0.0,0.0,0.0,0.0,0.0,0.0,0.0,0.0,0.0,0.0,0.0,0.0,0.0,134,0.6658082008361816,1
False,False,304.0148022712052,False,0.0025101862736946977,0.006863962472406181,0.36570512787415416,0.005711256360434352,0.45794728829871584,0.006772964583039368,0.013454800280308338,0.00414262623235102,0.008251071360040935,0.001520802404316182,0.003036986152789327,0.0,0.0,0.0,0.0,0.0,0.0,0.0,0.0,0.0,0.0,0.0,0.0,0.0,0.0,0.0,0.0,0.0,0.0,0.0,0.0,0.0,0.0,0.0,0.0,0.0,0.0,0.0,0.0,0.0,0.0,0.0,0.0,135,0.32690635323524475,1
False,False,247.329739416836,False,9.414441078382128e-05,0.06811779350104821,0.0013820825065681637,0.06340417851680333,0.14716429950003557,0.0,0.0,0.0,0.0,0.0,0.0,0.0,0.0,0.0,0.0,0.0,0.0,0.0,0.0,0.0,0.0,0.0,0.0,0.0,0.0,0.0,0.0,0.0,0.0,0.0,0.0,0.0,0.0,0.0,0.0,0.0,0.0,0.0,0.0,0.0,0.0,0.0,0.0,136,0.6037679314613342,1
False,False,113.75851616472501,False,0.04598950408614078,0.06300578517924024,0.7299251006127268,0.061010025883795206,0.5275528382925945,0.07760889173816783,0.14403907082278394,0.07923643611650144,0.14683795591932375,0.0711827236453352,0.1329049135577798,0.05317680333112605,0.10098362053347827,0.030353002442623154,0.058917676506335816,0.0024143057847857813,0.004816981902299632,0.00018033994078838611,0.0003606148483163794,0.0,0.0,0.0,0.0,0.0,0.0,0.0,0.0,0.0,0.0,0.0,0.0,0.0,0.0,0.0,0.0,0.0,0.0,0.0,0.0,0.0,0.0,0.0,0.0,137,0.6223990321159363,1
True,False,327.5255715207593,False,0.036351429856899556,0.03328081232492997,1.0922638997507115,0.04246305016723156,0.6386315047279725,0.05880442347846261,0.11107702645456272,0.06551963069281093,0.12298155530031754,0.06731011668835032,0.12613038260557324,0.04820507003913117,0.09197641075582969,0.018214121376348483,0.03577660335672412,0.003088261622008713,0.006157507250687886,0.0,0.0,0.0,0.0,0.0,0.0,0.0,0.0,0.0,0.0,0.0,0.0,0.0,0.0,0.0,0.0,0.0,0.0,0.0,0.0,0.0,0.0,0.0,0.0,0.0,0.0,138,0.5926868915557861,0
False,False,133.37541002748594,False,1.8849174554316925e-06,0.027404538904899134,6.878121401614694e-05,0.027305820328941743,0.20764758329617428,0.0,0.0,0.0,0.0,0.0,0.0,0.0,0.0,0.0,0.0,0.0,0.0,0.0,0.0,0.0,0.0,0.0,0.0,0.0,0.0,0.0,0.0,0.0,0.0,0.0,0.0,0.0,0.0,0.0,0.0,0.0,0.0,0.0,0.0,0.0,0.0,0.0,0.0,139,0.340831995010376,0
False,False,163.682619724881,False,0.07720761760856283,0.05889963624338624,1.3108335217814246,0.06381345077976142,0.47455845779883676,0.04714659685863874,0.09004774880627985,0.05613819712381621,0.10630843061390545,0.06263908888597984,0.11789344009855252,0.06723971313768375,0.12600676738311967,0.06686205763120412,0.12534339777657963,0.06559583369905497,0.12311578484940007,0.0638059003305682,0.1199577861163227,0.0615876824635073,0.11602938406479563,0.05838531456068437,0.11032903377900516,0.054228855721393035,0.1028787163756489,0.04781816676326903,0.09127187956853293,0.03880977296510305,0.07471969166082691,0.024989882638607852,0.04876122791432238,0.0069034628660505516,0.013712263629326552,0.0,0.0,0.0,0.0,0.0,0.0,0.0,0.0,0.0,0.0,140,0.26252561807632446,0
False,False,291.247317584214,False,0.04789268989540294,0.05610832678197065,0.853575443115733,0.05142939007696312,0.4832192856635569,0.04893133625042073,0.0932975011030444,0.048772047868505794,0.09300790952167098,0.04768509205636666,0.09102943702820417,0.046379084355397435,0.08864681079509233,0.044759514630928046,0.08568386122186177,0.04473620595878407,0.08564115171585995,0.04202702702702703,0.08066398651277396,0.03852823644725929,0.07419776390300566,0.034239993314949445,0.0662128587876462,0.029007951183431954,0.05638042184235944,0.02353031152806812,0.04597872923360482,0.017293485560779046,0.03399900973758046,0.010346002540036552,0.02048011773001809,0.006946705741886465,0.013797563867629621,0.003900942362480824,0.007771568285015718,0.0011484052826643003,0.0022941759215808957,0.0,0.0,0.0,0.0,0.0,0.0,141,0.49121904373168945,0
False,False,230.88741845323665,False,0.005300926108829378,0.015406746031746032,0.3440652619253067,0.01296316741389066,0.4632504255758028,0.010167660484870309,0.020130639462344172,0.002900848062138385,0.005784914964911171,0.0,0.0,0.0,0.0,0.0,0.0,0.0,0.0,0.0,0.0,0.0,0.0,0.0,0.0,0.0,0.0,0.0,0.0,0.0,0.0,0.0,0.0,0.0,0.0,0.0,0.0,0.0,0.0,0.0,0.0,0.0,0.0,0.0,0.0,142,0.5998315215110779,1
False,False,227.8464395157405,False,0.00014290069956023152,0.014787137681159421,0.009663851290321324,0.012133951756725672,0.28512424625760346,0.0,0.0,0.0,0.0,0.0,0.0,0.0,0.0,0.0,0.0,0.0,0.0,0.0,0.0,0.0,0.0,0.0,0.0,0.0,0.0,0.0,0.0,0.0,0.0,0.0,0.0,0.0,0.0,0.0,0.0,0.0,0.0,0.0,0.0,0.0,0.0,0.0,0.0,143,0.30643191933631897,1
False,False,111.22050170719426,False,0.0001250710713266274,0.0058135474860335195,0.021513726623391044,0.004494691120569577,0.4105256782543338,0.0,0.0,0.0,0.0,0.0,0.0,0.0,0.0,0.0,0.0,0.0,0.0,0.0,0.0,0.0,0.0,0.0,0.0,0.0,0.0,0.0,0.0,0.0,0.0,0.0,0.0,0.0,0.0,0.0,0.0,0.0,0.0,0.0,0.0,0.0,0.0,0.0,0.0,144,0.7020151615142822,0
False,False,257.4975728040946,False,0.00782358744851929,0.004101015406162465,1.9077195947040417,0.008188799300291445,0.7695431753711102,0.008648618713137225,0.017148922930507512,0.00933609958506224,0.018499486125385406,0.008928708877907603,0.01769938509894872,0.009402643872378491,0.018630115404308954,0.00910829307568438,0.01805216177130604,0.00813307450297878,0.016134922479333357,0.005612033672202033,0.011161429028864188,0.001392369813422445,0.0027808676307007787,0.0,0.0,0.0,0.0,0.0,0.0,0.0,0.0,0.0,0.0,0.0,0.0,0.0,0.0,0.0,0.0,0.0,0.0,0.0,0.0,0.0,0.0,145,0.5028383135795593,0
False,False,245.20399670478457,False,0.0012802409970520388,0.0018288352272727273,0.7000308053783575,0.00172956479617034,0.4856435780452304,0.002480055219352457,0.004947839523470213,0.003124115339507421,0.006228771279115474,0.0003494496168534558,0.000698655088953764,0.0,0.0,0.0,0.0,0.0,0.0,0.0,0.0,0.0,0.0,0.0,0.0,0.0,0.0,0.0,0.0,0.0,0.0,0.0,0.0,0.0,0.0,0.0,0.0,0.0,0.0,0.0,0.0,0.0,0.0,0.0,0.0,146,0.8025690317153931,1
False,False,267.3200329193456,False,0.0,0.008706039755351683,0.0,0.008706039755351683,0.25196907325820167,0.0,0.0,0.0,0.0,0.0,0.0,0.0,0.0,0.0,0.0,0.0,0.0,0.0,0.0,0.0,0.0,0.0,0.0,0.0,0.0,0.0,0.0,0.0,0.0,0.0,0.0,0.0,0.0,0.0,0.0,0.0,0.0,0.0,0.0,0.0,0.0,0.0,0.0,147,0.5521265864372253,0
False,False,94.42986815621421,False,0.002656321034395919,0.011960078534031414,0.2220989625475767,0.008306151489432267,0.2924905216938364,0.0061191830749599925,0.012163932818094551,0.003921338125146945,0.007812042589851036,0.0019960490575355997,0.003984145565070955,0.00035232978067471153,0.0007044113762437263,0.0,0.0,0.0,0.0,0.0,0.0,0.0,0.0,0.0,0.0,0.0,0.0,0.0,0.0,0.0,0.0,0.0,0.0,0.0,0.0,0.0,0.0,0.0,0.0,0.0,0.0,0.0,0.0,0.0,0.0,148,0.6589583158493042,0
False,False,242.26019070412704,False,0.0020732063216801753,0.025634328358208957,0.08087617091852795,0.01952386485317551,0.3846027076170073,0.0015646441717004605,0.003124399769511492,0.0,0.0,0.0,0.0,0.0,0.0,0.0,0.0,0.0,0.0,0.0,0.0,0.0,0.0,0.0,0.0,0.0,0.0,0.0,0.0,0.0,0.0,0.0,0.0,0.0,0.0,0.0,0.0,0.0,0.0,0.0,0.0,0.0,0.0,0.0,0.0,149,0.429800420999527,0
False,False,32.202484376209235,False,0.050187075597506826,0.021785013089005236,2.3037431922790965,0.050714712371042255,0.7924163945117705,0.04963017664779454,0.0945669774973477,0.05451406018746917,0.10339181286549708,0.057793815620261424,0.10927236436218472,0.057032695179299736,0.10791093868600826,0.05589162918153146,0.10586622270100872,0.0531908595784987,0.10100896545909334,0.04937024314676366,0.09409499358151477,0.04448282479370562,0.08517674726243846,0.038630570449151795,0.0743875089916642,0.03256275113499974,0.06307171375145297,0.024773266784344758,0.0483487764314564,0.015473488755931504,0.030475416497358798,0.006082819932933011,0.01209208588481513,0.0,0.0,0.0,0.0,0.0,0.0,0.0,0.0,0.0,0.0,0.0,0.0,150,0.46338215470314026,0
False,False,170.4494059831245,False,0.015179776021371322,0.00807904411764706,1.878907430176564,0.017803640474494595,0.7972732029082201,0.018926018430798382,0.03714895505356803,0.022364049429408134,0.04374967887787083,0.02338697914134293,0.045705055112124665,0.021749835850295468,0.042573700698851316,0.017924503759202893,0.035217746882028216,0.013242924903702288,0.02613968393603318,0.007605857645589738,0.015096890491212258,0.001888412017167382,0.0037697052775873888,0.0,0.0,0.0,0.0,0.0,0.0,0.0,0.0,0.0,0.0,0.0,0.0,0.0,0.0,0.0,0.0,0.0,0.0,0.0,0.0,0.0,0.0,151,0.6094499826431274,1
False,False,157.95252451290546,False,0.017417737369381157,0.008427622126436782,2.066743988763224,0.022396158696447933,0.8300737243067238,0.018569082527057242,0.036461115589700756,0.024221822302206226,0.047298000832986256,0.029434343812608833,0.0571854708161298,0.028814897371598404,0.05601570786973301,0.024612092027822365,0.04804177545691906,0.013929124171594112,0.027475538160469666,0.0,0.0,0.0,0.0,0.0,0.0,0.0,0.0,0.0,0.0,0.0,0.0,0.0,0.0,0.0,0.0,0.0,0.0,0.0,0.0,0.0,0.0,0.0,0.0,0.0,0.0,152,0.5435197353363037,1
False,False,342.3813663153998,False,0.0007318790129770463,0.005188160211267606,0.14106715736872527,0.0031340374104371405,0.20768872492029533,9.402513035302163e-05,0.00018803258091811182,0.0,0.0,0.0,0.0,0.0,0.0,0.0,0.0,0.0,0.0,0.0,0.0,0.0,0.0,0.0,0.0,0.0,0.0,0.0,0.0,0.0,0.0,0.0,0.0,0.0,0.0,0.0,0.0,0.0,0.0,0.0,0.0,0.0,0.0,0.0,0.0,153,0.6248539090156555,1
False,False,367.27101709772853,False,0.004790478408058819,0.006845238095238095,0.6998264109164188,0.006255145013102143,0.4711044897713964,0.009546011081673734,0.01891149284309628,0.0114640594184046,0.02266824868695082,0.0,0.0,0.0,0.0,0.0,0.0,0.0,0.0,0.0,0.0,0.0,0.0,0.0,0.0,0.0,0.0,0.0,0.0,0.0,0.0,0.0,0.0,0.0,0.0,0.0,0.0,0.0,0.0,0.0,0.0,0.0,0.0,0.0,0.0,154,0.7817361950874329,1
False,False,171.0,False,0.0005561837222305323,0.018637628424657535,0.02984197933116333,0.016039421540580693,0.2924069680720743,9.087439341342396e-05,0.00018173227201686475,0.0,0.0,0.0,0.0,0.0,0.0,0.0,0.0,0.0,0.0,0.0,0.0,0.0,0.0,0.0,0.0,0.0,0.0,0.0,0.0,0.0,0.0,0.0,0.0,0.0,0.0,0.0,0.0,0.0,0.0,0.0,0.0,0.0,0.0,0.0,0.0,155,0.4931606948375702,1
False,False,72.44998274671983,False,0.034071800801266115,0.01565340909090909,2.1766377281389606,0.045930747284435046,0.8511740520005684,0.04918501062253405,0.09375850803158181,0.06145430286857905,0.11579264920307708,0.050947708025272216,0.0969557431568176,0.04582553987417106,0.08763515161368994,0.034817162590472586,0.06729142857142857,0.022226806250322313,0.0434870346080113,0.009937888198757764,0.01968019680196802,0.0013739695228578567,0.0027441686416365225,0.0,0.0,0.0,0.0,0.0,0.0,0.0,0.0,0.0,0.0,0.0,0.0,0.0,0.0,0.0,0.0,0.0,0.0,0.0,0.0,0.0,0.0,156,0.6253836154937744,1
False,False,294.70663379028304,False,5.655759257573751e-07,0.010017605633802816,5.6458194346254666e-05,0.009874042310002981,0.1661184329272682,0.0,0.0,0.0,0.0,0.0,0.0,0.0,0.0,0.0,0.0,0.0,0.0,0.0,0.0,0.0,0.0,0.0,0.0,0.0,0.0,0.0,0.0,0.0,0.0,0.0,0.0,0.0,0.0,0.0,0.0,0.0,0.0,0.0,0.0,0.0,0.0,0.0,0.0,157,0.48072952032089233,1
False,False,436.152496267074,False,0.026894796146449552,0.009998292349726776,2.689938962145322,0.043823736417916904,0.8695464314131042,0.01640331708410377,0.03227718132829835,0.02084297461820512,0.04083482991299496,0.026332691072575465,0.05131414267834793,0.0320661307171731,0.06213968226026493,0.03464847117518663,0.06697631541625301,0.03570515551768215,0.06894849432285667,0.037042591481703656,0.07143890093998553,0.03910665175738161,0.07526975540237908,0.04249779853746315,0.08153072092254582,0.047789406236651004,0.09121948733628905,0.05434611137403376,0.10308969851125907,0.05620915032679739,0.10643564356435643,0.037967289719626166,0.07315700619020822,0.013804713804713804,0.02723347725008303,0.0005767012687427913,0.0011527377521613833,0.0,0.0,0.0,0.0,0.0,0.0,0.0,0.0,158,0.6293724179267883,1
False,False,311.8493225902535,False,0.0,0.0028444840604026846,0.0,0.0028444840604026846,0.33320845000065724,0.0,0.0,0.0,0.0,0.0,0.0,0.0,0.0,0.0,0.0,0.0,0.0,0.0,0.0,0.0,0.0,0.0,0.0,0.0,0.0,0.0,0.0,0.0,0.0,0.0,0.0,0.0,0.0,0.0,0.0,0.0,0.0,0.0,0.0,0.0,0.0,0.0,0.0,159,0.06564805656671524,0
False,False,291.49442533262965,False,0.0,0.004577805417357656,0.0,0.004577805417357656,0.3145185082345591,0.0,0.0,0.0,0.0,0.0,0.0,0.0,0.0,0.0,0.0,0.0,0.0,0.0,0.0,0.0,0.0,0.0,0.0,0.0,0.0,0.0,0.0,0.0,0.0,0.0,0.0,0.0,0.0,0.0,0.0,0.0,0.0,0.0,0.0,0.0,0.0,0.0,0.0,160,0.26342543959617615,0
False,True,0.0,True,0.12352786465609736,0.01176321138211382,10.501202489987024,0.8761642547415275,0.9985702719739435,0.03487364892855798,0.06739692128534518,0.05150739793080432,0.09796868387642826,0.09282587629899422,0.16988228099678948,0.11771186440677966,0.21063007051330654,0.13588338876932107,0.23925587804667986,0.1562517576916587,0.2702728997421803,0.1786380297087004,0.3031261934639097,0.20385998385558082,0.33867723255105153,0.23272178939432017,0.3775739041794088,0.26768163422624786,0.42231681362116147,0.31073825503355706,0.47414234511008707,0.3652859960552268,0.5351054608494654,0.43603829854026055,0.6072794840966226,0.5339227368825677,0.6961533642400701,0.651497005988024,0.788977519941987,0.6584327086882453,0.7940421160760144,0.5483870967741935,0.7083333333333334,0.3655196629213483,0.5353561326819234,0.13498920086393087,0.23786869647954328,161,0.9043217301368713,1
False,False,1.0,True,0.08525447430136064,0.009872159090909091,8.635848907648617,0.18927902603746524,0.9792042236568002,0.028824455043364765,0.0560337672808328,0.045055007912750016,0.08622514139755519,0.06609605325725154,0.1239964317573595,0.10730178911997094,0.19380766864875948,0.12652602270293425,0.22463044821521935,0.1437435367114788,0.2513562386980108,0.16272495345790527,0.2799027456561703,0.1746987951807229,0.29743589743589743,0.18113077848427564,0.3067074057907755,0.18559265282693962,0.3130799644960865,0.18796029458853666,0.3164420485175202,0.18632723795864706,0.3141245214587951,0.18024426251509865,0.3054355242210598,0.16996047430830039,0.2905405405405405,0.15335518371571502,0.2659288064612623,0.12830114308238078,0.2274235807860262,0.08834498834498834,0.16234739772970658,0.05389908256880734,0.10228509249183895,0.020415738678544914,0.04001455074572572,162,0.4836091995239258,1
False,False,226.45087767549057,False,0.0,0.001160453216374269,0.0,0.001160453216374269,0.33526204568532564,0.0,0.0,0.0,0.0,0.0,0.0,0.0,0.0,0.0,0.0,0.0,0.0,0.0,0.0,0.0,0.0,0.0,0.0,0.0,0.0,0.0,0.0,0.0,0.0,0.0,0.0,0.0,0.0,0.0,0.0,0.0,0.0,0.0,0.0,0.0,0.0,0.0,0.0,163,0.013522457331418991,0
False,False,166.50825805346713,False,0.0,0.0021361137667304016,0.0,0.0021361137667304016,0.3491040553285131,0.0,0.0,0.0,0.0,0.0,0.0,0.0,0.0,0.0,0.0,0.0,0.0,0.0,0.0,0.0,0.0,0.0,0.0,0.0,0.0,0.0,0.0,0.0,0.0,0.0,0.0,0.0,0.0,0.0,0.0,0.0,0.0,0.0,0.0,0.0,0.0,0.0,0.0,164,0.013157057575881481,0
False,False,206.30317496345035,False,0.0544761108154263,0.01505199016100179,3.619196546950216,0.12167159502134892,0.9502042429437217,0.024238377806618104,0.04732956376527114,0.030192029154791383,0.05861437149647153,0.03618667891182367,0.06984586783112476,0.04524449672323979,0.0865720831156304,0.05961694590006643,0.1125254671147718,0.07653133734426074,0.14218134612422714,0.0920827633378933,0.16863696860565255,0.10710378890840985,0.19348463979879035,0.12619877089286413,0.2241145597997984,0.146283084004603,0.25523029353893106,0.1637566424465893,0.28142763954897027,0.16171063665097077,0.27840088839533594,0.1257645259938838,0.2234295415959253,0.026416469302240845,0.05147319843805467,0.0,0.0,0.0,0.0,0.0,0.0,0.0,0.0,0.0,0.0,165,0.7574127316474915,1
False,False,186.27130750601393,False,0.0010851301187873124,0.008552900326797386,0.12687276564973565,0.005246267815981831,0.2455564070991748,0.0026629776932388036,0.0053118101545253866,0.00020944235971725282,0.00041879700560140996,0.0,0.0,0.0,0.0,0.0,0.0,0.0,0.0,0.0,0.0,0.0,0.0,0.0,0.0,0.0,0.0,0.0,0.0,0.0,0.0,0.0,0.0,0.0,0.0,0.0,0.0,0.0,0.0,0.0,0.0,0.0,0.0,0.0,0.0,166,0.7677669525146484,1
False,False,154.2595215861893,False,2.6400388771240957e-05,0.0013773350846468183,0.019167731269991318,0.0009347141984781395,0.22310722850032158,0.0,0.0,0.0,0.0,0.0,0.0,0.0,0.0,0.0,0.0,0.0,0.0,0.0,0.0,0.0,0.0,0.0,0.0,0.0,0.0,0.0,0.0,0.0,0.0,0.0,0.0,0.0,0.0,0.0,0.0,0.0,0.0,0.0,0.0,0.0,0.0,0.0,0.0,167,0.6252517104148865,0
False,False,5.830951894845301,True,0.0537197330542926,0.003778782894736842,14.216146984552731,0.2577208223741929,0.9940961816030676,0.023082332847742,0.04512311884712641,0.034129312585880346,0.0660058895353013,0.03920648464163823,0.0754546574161501,0.04424437918251408,0.0847395112955279,0.04951508620689655,0.0943580265927409,0.055046421084156937,0.10434881344385148,0.06178151260504202,0.11637330631885526,0.0699977149821007,0.13083712984054668,0.08362147406733395,0.15433705600806114,0.09602925809822362,0.17523119458480313,0.11167821120427755,0.2009182334936598,0.13181296615031554,0.23292358382967937,0.15852184424106372,0.27366224474586376,0.18633276740237692,0.31413237924865833,0.20828905419766205,0.3447669305189094,0.22554347826086957,0.36807095343680707,0.23760144274120829,0.38397085610200365,0.1690427698574338,0.289198606271777,0.021897810218978103,0.04285714285714286,168,0.7483160495758057,1
False,True,0.0,True,0.07974388671818582,0.006928969359331476,11.508765962544205,0.7730926464941678,0.997732354192776,0.027756952314532297,0.054014623305681374,0.04171142610108209,0.08008249704469428,0.05243741765480896,0.09964947421131698,0.06179644437543669,0.11639979527674198,0.0717634331049405,0.13391655450874831,0.08235902741852043,0.15218430360386195,0.09459298871063578,0.1728368255346868,0.1087877545442121,0.19622827560705042,0.1259294415440595,0.22368975692005058,0.14717574188776925,0.2565879603513579,0.17435111159785346,0.29693182877925955,0.20969441517386722,0.34668989547038326,0.256608639587363,0.40841457157516675,0.32203733766233766,0.4871834228702993,0.40398740818467993,0.5754857997010463,0.48535997244230106,0.6535250463821892,0.47400881057268723,0.6431560071727436,0.4350382128159906,0.6063088897992626,0.1407035175879397,0.24669603524229075,169,0.9352080821990967,1
False,False,21.37755832643195,False,0.01324647663914821,0.0016200838833883389,8.17641405792134,0.03821217975317933,0.9812970442888174,0.004770823315026196,0.009496341263743876,0.006880315362995948,0.013666600206630295,0.00961832840085723,0.019053394991534633,0.012987012987012988,0.02564102564102564,0.017460170433493887,0.03432108880695525,0.022541106128550075,0.04408841071219741,0.02762107114074291,0.0537573078568373,0.034144569560479475,0.06603442219880576,0.04106917517494551,0.07889807162534435,0.045454545454545456,0.08695652173913043,0.04645476772616137,0.08878504672897196,0.04380148683946152,0.08392685274302214,0.04052471304755212,0.07789284106258443,0.03602105846494874,0.06953730944102701,0.03235800344234079,0.06268756252084028,0.019652650822669104,0.03854773644105782,0.0019907100199071004,0.003973509933774834,0.0,0.0,0.0,0.0,170,0.22711268067359924,0
False,True,0.0,True,0.07328753648838719,0.005064655172413793,14.470390183239005,0.39381001643570057,0.9954641451283752,0.023345114146527846,0.045625105008680715,0.040712976844910875,0.07824054806799628,0.0560499036785616,0.1061501042390549,0.06755486759909338,0.12655999171456683,0.0752277764097513,0.13992900492385205,0.08364706687658292,0.15438064556882067,0.09262487682862124,0.16954561220950398,0.10281867900715187,0.18646524757763028,0.1147848957354875,0.20593191776204922,0.12955894826123834,0.22939740942369063,0.1497182063219799,0.26044330775788577,0.17915261691834042,0.3038667163993535,0.21292908172155428,0.35109898003160467,0.2538622129436326,0.40492840492840493,0.2976521080535218,0.45875486381322955,0.31797235023041476,0.4825174825174825,0.3103180760279286,0.47365304914150386,0.2694041061592389,0.42445759368836294,0.1729903536977492,0.2949561403508772,171,0.6207137107849121,1
False,False,355.00140844791025,False,0.0078602711912487,0.0024664594240837697,3.1868641804916784,0.011815110108132673,0.904899056344711,0.01118572382577725,0.02212397497752747,0.01565808391059992,0.030833376228959694,0.01641824085005903,0.03230607281571019,0.010829119358839805,0.021426211713624993,0.0025397200401630145,0.005066572404854483,0.0,0.0,0.0,0.0,0.0,0.0,0.0,0.0,0.0,0.0,0.0,0.0,0.0,0.0,0.0,0.0,0.0,0.0,0.0,0.0,0.0,0.0,0.0,0.0,0.0,0.0,0.0,0.0,172,0.1249522864818573,1
False,False,363.6289317422364,False,0.0,0.0022122352285395765,0.0,0.0022122352285395765,0.15419598121541173,0.0,0.0,0.0,0.0,0.0,0.0,0.0,0.0,0.0,0.0,0.0,0.0,0.0,0.0,0.0,0.0,0.0,0.0,0.0,0.0,0.0,0.0,0.0,0.0,0.0,0.0,0.0,0.0,0.0,0.0,0.0,0.0,0.0,0.0,0.0,0.0,0.0,0.0,173,0.4832671880722046,0
False,False,6.324555320336759,True,0.02733863961210602,0.004048494397759104,6.752791760620522,0.23685207680578554,0.9940157075182894,0.008845157156927432,0.01753521260260469,0.011632878917450577,0.0229982222995736,0.014493434865720285,0.02857275240551686,0.017864040169949788,0.0351010340574898,0.021567301639114925,0.0422239466837084,0.02598533584290811,0.05065440008761842,0.03332492704542998,0.06450038351579387,0.039984438488804355,0.07689430150879088,0.04770008250825083,0.09105675050450361,0.05757500311216233,0.10888117238538049,0.0721810378462739,0.1346433770014556,0.09318021557368793,0.170475488389237,0.12191907209700804,0.21734022556390978,0.16580032263846567,0.284440344403444,0.22669332666833292,0.36960065199674,0.24974200206398348,0.3996696944673823,0.22489588153632578,0.36720816018133734,0.12979351032448377,0.2297650130548303,0.02321981424148607,0.0453857791225416,174,0.5761097073554993,0
False,True,0.0,True,0.05221324336796013,0.0045213161021984555,11.54823997874686,0.3973617727993553,0.994827264531826,0.015146331602027805,0.029840686274509805,0.024846938775510204,0.048489072534475035,0.03586816424231265,0.0692523729958406,0.04861735050414296,0.09272658035034273,0.06095118898623279,0.11489913884628997,0.06827900455660708,0.12782991009908787,0.07585079043688187,0.1410061527325371,0.08342612419700214,0.1540042691121828,0.09180018850141376,0.16816298342541436,0.10142663750911174,0.18417320601304718,0.11286210892236384,0.20283215326947104,0.1269386159259742,0.22528044408465364,0.1447896536346068,0.2529541617971692,0.16930297236224578,0.2895793072692136,0.20838682071031236,0.34490084985835695,0.2516499282639885,0.40210912425492895,0.26919866444073454,0.42420256494574154,0.23529411764705882,0.38095238095238093,0.12,0.21428571428571427,175,0.6543070673942566,0
False,False,410.7614879708174,False,0.004751864918549638,0.0025669642857142857,1.8511612900089025,0.005087464010649157,0.7599412000482173,0.006654691436907015,0.013221398546125196,0.007653804023793348,0.01519133653488916,0.008606710739678183,0.01706653475142221,0.008341151385927505,0.016544304225733327,0.006450289890195932,0.012817900605701373,0.0034071550255536627,0.006791171477079796,0.00011912703707233393,0.00023822569502346524,0.0,0.0,0.0,0.0,0.0,0.0,0.0,0.0,0.0,0.0,0.0,0.0,0.0,0.0,0.0,0.0,0.0,0.0,0.0,0.0,0.0,0.0,0.0,0.0,176,0.3496979773044586,1
False,False,300.8537850850476,False,0.009256177565742053,0.0016787574404761906,5.513707544978313,0.04277590703243462,0.9830694010857078,0.004352071754933754,0.008666426599447845,0.005005476906864852,0.009961093788802737,0.005628664088811276,0.01119431911561778,0.006164406953314436,0.0122532797040205,0.006755871619724899,0.01342107219867648,0.007468707975587048,0.014826679809429933,0.008714544357272178,0.01727851433494472,0.010745006994672143,0.021261558395665233,0.013164612355043397,0.02598711442248857,0.01632154806040329,0.032118866497620004,0.020883952331366425,0.0409134697115657,0.026218316508097902,0.051096956829440904,0.03458516957271508,0.06685804241133439,0.04844337090713902,0.0924100857545117,0.057617942768754836,0.10895795246800731,0.04110360360360361,0.07896160086533262,0.00789127575624726,0.0156589821661592,0.0,0.0,0.0,0.0,177,0.3496979773044586,1
False,False,36.124783736376884,False,0.0064213409215161344,0.0016154188948306596,3.9750314559675046,0.012338727853771665,0.9386086030428591,0.0035527242657192736,0.007080294198431349,0.004323894487034529,0.008610557830535314,0.005229701095532212,0.010404987218011391,0.006330034924330617,0.012580435254139252,0.007566697832184558,0.015019745786486545,0.0091245182097066,0.01808402837321693,0.011304573804573805,0.022356417833740202,0.013885563801771606,0.027390791027154665,0.017512958582859443,0.03442306741184035,0.021107680675445783,0.04134271257558929,0.008654970760233919,0.017161410018552876,0.0,0.0,0.0,0.0,0.0,0.0,0.0,0.0,0.0,0.0,0.0,0.0,0.0,0.0,0.0,0.0,178,0.45913001894950867,1
False,False,49.64876634922564,False,0.0031492821960196577,0.0012626262626262627,2.4942314992475687,0.003669644212148369,0.8440380658379958,0.002776841954815064,0.005538304912191397,0.003379595691015494,0.0067364249891647575,0.004087582465473453,0.008141884307416,0.004911055331223399,0.009774109470026065,0.00508375154793717,0.010116075481486285,0.004734501700235417,0.009424383640103095,0.003943880519816383,0.007856774858320453,0.00237398116641608,0.004736717454803821,0.0008944099378881987,0.0017872213672243458,0.0,0.0,0.0,0.0,0.0,0.0,0.0,0.0,0.0,0.0,0.0,0.0,0.0,0.0,0.0,0.0,0.0,0.0,0.0,0.0,179,0.45913001894950867,1
False,False,97.01546268507923,False,0.0,0.000830078125,0.0,0.000830078125,0.3086953688771604,0.0,0.0,0.0,0.0,0.0,0.0,0.0,0.0,0.0,0.0,0.0,0.0,0.0,0.0,0.0,0.0,0.0,0.0,0.0,0.0,0.0,0.0,0.0,0.0,0.0,0.0,0.0,0.0,0.0,0.0,0.0,0.0,0.0,0.0,0.0,0.0,0.0,0.0,180,0.3025825619697571,0
False,False,114.54693361238441,False,5.2858388692341e-05,0.0008541666666666667,0.06188299163981385,0.000814253617525485,0.4800418955418729,0.0,0.0,0.0,0.0,0.0,0.0,0.0,0.0,0.0,0.0,0.0,0.0,0.0,0.0,0.0,0.0,0.0,0.0,0.0,0.0,0.0,0.0,0.0,0.0,0.0,0.0,0.0,0.0,0.0,0.0,0.0,0.0,0.0,0.0,0.0,0.0,0.0,0.0,181,0.4984850585460663,0
False,True,0.0,True,0.17551844887662182,0.017348090277777777,10.11745074335093,0.8665793013948185,0.9973907034605403,0.06367184388689764,0.11972084107110766,0.09699572898466317,0.17683884526048005,0.1270784980764951,0.22550070521861776,0.14808639917009372,0.2579708274170647,0.170877687999658,0.29187965532349935,0.1972852912142152,0.3295543554437894,0.23128110172433747,0.37567554866300107,0.26484230055658625,0.41877521085441877,0.30551096843231673,0.4680327868852459,0.3549418346505639,0.5239218770481059,0.41670141784820686,0.5882699242033999,0.4918296608071305,0.6593643681022322,0.5700118413262285,0.7261242575657585,0.6311807144114024,0.7738942826321467,0.6361224489795918,0.7775976050891855,0.5452702702702703,0.7057280279842588,0.39709443099273606,0.5684575389948007,0.22166624968726545,0.36289166496006553,0.0600450337753315,0.11328770356384234,182,0.9157357215881348,1
False,True,0.0,True,0.1231330480314551,0.012876907023603916,9.562315531652672,0.6232815491283006,0.9920402173052907,0.037743559996836026,0.0727415933025903,0.0749869041382923,0.13951221889238116,0.09313900907641758,0.17040652342122492,0.10887173441837472,0.19636488340192043,0.12621787241546534,0.22414468018476474,0.14517519395568176,0.25354233085370176,0.1647011447966404,0.2828212980341796,0.1862234942110056,0.3139770795635247,0.2117290341665434,0.34946597497711324,0.241848285183308,0.3894973131079518,0.27456871486722234,0.4308417610828074,0.30355352567672944,0.4657323534438558,0.32934670781893005,0.4955015962077972,0.3591997575022734,0.5285459411239964,0.39158047541281077,0.5627852392750032,0.39781491002570696,0.5691954022988506,0.37953303527074017,0.5502340655383507,0.3426374252349758,0.5103945693678404,0.22473753280839895,0.3669970533083311,183,0.8393210768699646,1
False,True,0.0,True,0.02539088411029995,0.0018709115472127418,13.57139740151101,0.6676943966231204,0.9989749768350835,0.007852866016302624,0.015583358010068108,0.010378149188975989,0.0205430990314002,0.013091610174762113,0.025844869394395162,0.016752884998010347,0.03295370044225275,0.022425824322164813,0.04386787537772221,0.026876915219611847,0.0523469070562636,0.030589261062268402,0.05936266215454033,0.03495516439721023,0.06754913758523867,0.04012198608596207,0.07714861645592816,0.04630444346678399,0.08851045937138652,0.05389834848290872,0.10228377065111759,0.06337498118320035,0.11919592298980747,0.07606142728093948,0.14137004701141706,0.09416237978080966,0.17211774325429272,0.12195828505214369,0.2174025303382391,0.16746221161495625,0.2868824531516184,0.2537313432835821,0.40476190476190477,0.38264738598442716,0.5534995977473853,0.3851063829787234,0.5560675883256528,184,0.7916102409362793,1
False,False,340.47613719613304,False,0.0011147494620856934,0.0010434973637961336,1.068282010824016,0.001627992456090273,0.6915627062690355,0.0023445212240868706,0.004678074602979195,0.002886131312617607,0.005755651060485046,0.0017392586041712727,0.0034724776716742933,0.0002041510717931269,0.0004082188052796299,0.0,0.0,0.0,0.0,0.0,0.0,0.0,0.0,0.0,0.0,0.0,0.0,0.0,0.0,0.0,0.0,0.0,0.0,0.0,0.0,0.0,0.0,0.0,0.0,0.0,0.0,0.0,0.0,0.0,0.0,185,0.5507187247276306,1
False,False,281.05515472945876,False,0.0,0.0012462797619047618,0.0,0.0012462797619047618,0.18055426219432702,0.0,0.0,0.0,0.0,0.0,0.0,0.0,0.0,0.0,0.0,0.0,0.0,0.0,0.0,0.0,0.0,0.0,0.0,0.0,0.0,0.0,0.0,0.0,0.0,0.0,0.0,0.0,0.0,0.0,0.0,0.0,0.0,0.0,0.0,0.0,0.0,0.0,0.0,186,0.3914194405078888,0
False,False,6.324555320336759,True,0.0350197667652029,0.0035482889461626575,9.869479993469945,0.19541432046004067,0.9926281590015604,0.011200564971751412,0.02215300378528627,0.015607471117321735,0.030735242820045736,0.02055256064690027,0.04027731924727633,0.02528698979591837,0.04932665692159363,0.029649293352276975,0.0575910526889139,0.03527423157332859,0.06814471083612615,0.04346158062040995,0.08330269446924733,0.05419257841864279,0.10281343186827434,0.07002207505518764,0.13087968311602574,0.085572461422251,0.15765407554671967,0.09893948845913911,0.18006357856494096,0.11551347414420976,0.2071036824236093,0.13722097248658938,0.24132684114424832,0.16301600673967986,0.2803332126041289,0.18065205772314272,0.3060208239022182,0.18297101449275363,0.3093415007656968,0.1673618352450469,0.2867351496203662,0.10864575363427698,0.19599723947550035,0.005170630816959669,0.0102880658436214,187,0.5760543346405029,1
False,False,30.4138126514911,False,0.03630551034875862,0.003066417691857059,11.839714610690095,0.07552578872469211,0.9829623630856396,0.017651088044680963,0.03468986227606917,0.020492430035173575,0.04016184624606624,0.023537677849991216,0.04599279217436073,0.027407346805203306,0.05335244465679248,0.031566548881036514,0.06120118748572734,0.03579059829059829,0.06910778751933987,0.04063561377971858,0.07809768038232895,0.046206896551724136,0.08833223467369809,0.0527642148369822,0.1002393776181927,0.06019225586200701,0.11354969917803576,0.06893004115226338,0.1289701636188643,0.07949144486692016,0.1472757292239956,0.08554897368783579,0.15761421319796953,0.08769654725239098,0.16125186289120716,0.08646322378716745,0.159164566078502,0.08124397299903569,0.15027870680044594,0.06777609682299546,0.12694814395012752,0.04114906832298137,0.0790454884414616,0.014577259475218658,0.028735632183908046,188,0.39114895462989807,1
False,False,276.1756687327832,False,0.0,0.0013239059590316573,0.0,0.0013239059590316573,0.33466627819457595,0.0,0.0,0.0,0.0,0.0,0.0,0.0,0.0,0.0,0.0,0.0,0.0,0.0,0.0,0.0,0.0,0.0,0.0,0.0,0.0,0.0,0.0,0.0,0.0,0.0,0.0,0.0,0.0,0.0,0.0,0.0,0.0,0.0,0.0,0.0,0.0,0.0,0.0,189,0.2741205394268036,0
False,False,198.56485086741813,False,0.0004374584142220025,0.0010111416361416362,0.43263811773321664,0.0010058126370992915,0.5247796113235653,0.001363838788688488,0.0027239625316174223,0.0005124701059104886,0.0010244152296397474,0.0,0.0,0.0,0.0,0.0,0.0,0.0,0.0,0.0,0.0,0.0,0.0,0.0,0.0,0.0,0.0,0.0,0.0,0.0,0.0,0.0,0.0,0.0,0.0,0.0,0.0,0.0,0.0,0.0,0.0,0.0,0.0,0.0,0.0,190,0.15136629343032837,0
False,True,0.0,True,0.18089251084286734,0.021179624664879357,8.540874246125256,0.8353635192178607,0.9957814469011167,0.058847492347265384,0.11115385883723743,0.09382945160990999,0.17156139190037495,0.12305894952051794,0.21914958172597634,0.15375258484369297,0.2665260938323669,0.20284854563691074,0.33728027750908907,0.2312900274473925,0.37568732352504086,0.26439366208230924,0.41821415277720336,0.3030266706622715,0.46511200036796835,0.3492436278234441,0.5176880151538422,0.4054530874097835,0.5769713568412644,0.4668531468531468,0.6365369946605645,0.5168817204301075,0.6815056355001063,0.5656327543424318,0.7225612172121404,0.5897399660825325,0.741932616232554,0.5755896786449264,0.7306339797046116,0.5260663507109005,0.6894409937888198,0.41196646341463417,0.5835357624831309,0.22592665228476172,0.3685810270356743,0.06348892405063292,0.1193974335131114,191,0.8924742937088013,1
False,True,0.0,True,0.11140640003382009,0.0203125,5.484622770895758,0.9673827168315996,0.9987621206772417,0.04622458857696031,0.08836456164700439,0.05763896143087619,0.10899553350965178,0.06581057262884481,0.12349393845197389,0.07430127476210426,0.13832483774825213,0.08305320020738213,0.15336864374063836,0.09208574395490284,0.16864196692362549,0.10220209919736571,0.18545074314735976,0.11404556310857983,0.20474129045557618,0.12825744466540975,0.2273549273205906,0.14586576589807607,0.25459485786060343,0.1687049870906373,0.2887041451078426,0.2033662312133994,0.3379955759741365,0.25899655783874,0.4114333057166529,0.32638843246795923,0.49214607799415294,0.40771784232365144,0.5792607439721748,0.5423211662334727,0.703253223915592,0.8518303312027891,0.9199874490116097,0.6161900926298832,0.7625218041365562,0.36689488521949254,0.5368296994696523,192,0.8084380030632019,1
False,False,325.75143898377485,False,0.017304647494826207,0.00876234802431611,1.974887033339082,0.019733111953054983,0.8032032360617787,0.015206712382961889,0.029957864142303912,0.01859860283666495,0.03651802149516062,0.023527161438408568,0.045972715380302745,0.02685662693008095,0.0523084259783613,0.026324406927667007,0.05129841354249756,0.021789412247897797,0.042649516596500875,0.019328449981286425,0.03792388995252957,0.014915232302316552,0.029392074978481942,0.008551031615282027,0.016957062850031113,0.002281774929604816,0.004553160571566965,0.0,0.0,0.0,0.0,0.0,0.0,0.0,0.0,0.0,0.0,0.0,0.0,0.0,0.0,0.0,0.0,0.0,0.0,193,0.8896772861480713,0
False,True,0.0,True,0.05536537627309197,0.004839341692789968,11.44068342096605,0.8130276344226925,0.9991180639231824,0.01577871470550658,0.031067228476196466,0.026445396145610277,0.05152811098362366,0.03444188802900369,0.06659028105412146,0.042078364565587736,0.08075854176884094,0.05115195443955475,0.09732551839629612,0.058045943246577754,0.10972291631961797,0.06527052916694193,0.12254263565891473,0.07421875,0.13818181818181818,0.08531214920991279,0.1572121887182751,0.09895833333333333,0.18009478672985782,0.11637220259128386,0.2084828022789618,0.1389201349831271,0.24395061728395062,0.16929403701165183,0.2895662368112544,0.21133689839572192,0.34893166166342926,0.27330567081604423,0.4292852487508147,0.3700374531835206,0.5401858939311099,0.5458078845086063,0.7061781609195402,0.5984251968503937,0.7487684729064039,0.3543457497612225,0.5232722143864598,194,0.900256872177124,1
False,False,281.1138559374119,False,0.0,0.004215976331360947,0.0,0.004215976331360947,0.2652083488078437,0.0,0.0,0.0,0.0,0.0,0.0,0.0,0.0,0.0,0.0,0.0,0.0,0.0,0.0,0.0,0.0,0.0,0.0,0.0,0.0,0.0,0.0,0.0,0.0,0.0,0.0,0.0,0.0,0.0,0.0,0.0,0.0,0.0,0.0,0.0,0.0,0.0,0.0,195,0.1878068447113037,1
False,False,7.211102550927978,True,0.018424917949817893,0.0015496222527472527,11.889941511328468,0.1499371390841049,0.9959258821659938,0.005756657630361984,0.011447416403735472,0.008651058017206259,0.017153718222855784,0.011296429577244423,0.02234049136704004,0.014841308995231048,0.029248531496860443,0.019545208446128857,0.038341033402368434,0.02236817646694343,0.04375757575757576,0.025519581507139826,0.049769076997311645,0.029112903225806452,0.056578638037771335,0.03332717872968981,0.06450460108996695,0.03838792003402807,0.07393753200204813,0.044656110836219697,0.08549437537004144,0.052639253426655,0.1000138523341183,0.06325565095496759,0.11898483849703362,0.07795292593392356,0.14463141025641027,0.09917582417582417,0.1804548862784304,0.13581640331075998,0.23915203709837696,0.16272677295217153,0.2799054373522459,0.1361737677527151,0.23970588235294119,0.06437768240343347,0.12096774193548387,196,0.9221676588058472,1
False,False,24.413111231467404,False,0.00966349745625496,0.0018302869496855346,5.279771818247005,0.026479031874114323,0.9692635159398945,0.003164937869508266,0.006309905280840192,0.004875867184432131,0.009704416920855812,0.007188113080114495,0.014273625724458353,0.010215041477181837,0.020223499072524093,0.013919596425123781,0.027457002457002458,0.017376768776240087,0.03415994803408353,0.020210697653388798,0.03962063463924836,0.02354862501317037,0.046013690874466,0.02764378478664193,0.05380032496840585,0.03261107463339899,0.06316235693090293,0.0383125269048644,0.07379767827529021,0.038519866545344256,0.0741822429906542,0.031698204170181994,0.06144859813084112,0.018970588235294118,0.037234810217924665,0.004919825072886298,0.009791477787851315,0.0,0.0,0.0,0.0,0.0,0.0,0.0,0.0,197,0.764352560043335,1
False,False,68.59300255857006,False,0.0069905635866829635,0.0031637396694214875,2.209588751643791,0.011727899567698121,0.8764757066762193,0.0071070800054149185,0.01411385173734794,0.01079326852477312,0.021356035622448536,0.014793635007458976,0.02915594756829597,0.015984612323406512,0.031466248857553204,0.008475266889414065,0.016808080808080807,0.002761904761904762,0.00550859530819641,0.0,0.0,0.0,0.0,0.0,0.0,0.0,0.0,0.0,0.0,0.0,0.0,0.0,0.0,0.0,0.0,0.0,0.0,0.0,0.0,0.0,0.0,0.0,0.0,0.0,0.0,198,0.8779642581939697,1
False,True,0.0,True,0.04199733981654306,0.004212328767123288,9.970100184089896,0.5708650179076938,0.9974619839990315,0.011827918214272835,0.023379307886952493,0.019234904314170104,0.037743810053508756,0.025625,0.049969530773918344,0.03562248850595518,0.06879435103296395,0.047203300393360834,0.09015116811726981,0.05348698157308257,0.1015427480522161,0.06121687196715192,0.11537108688005628,0.07167832167832168,0.13376835236541598,0.08341810783316378,0.1539906103286385,0.0979689366786141,0.17845484221980412,0.11676753292986829,0.2091169907554989,0.14141994826099455,0.24779652480483505,0.1749955539747466,0.29786589980323896,0.22383985441310283,0.3657992565055762,0.29576167076167076,0.4565062811092676,0.36623376623376624,0.5361216730038023,0.4033457249070632,0.5748344370860927,0.2981007431874484,0.4592875318066158,0.11089494163424124,0.19964973730297722,199,0.8484016060829163,1
False,False,3.0,True,0.050956894430369805,0.004600971778487753,11.075246031419542,0.39972836363381103,0.9951903115954601,0.014609531860932052,0.02879833355031897,0.020363448898053874,0.03991410887962612,0.032177353659955776,0.062348497660522015,0.0451023570671234,0.08631184641798033,0.05182512534557893,0.0985432351761928,0.05877351471994899,0.11102188315599278,0.06684799032940465,0.12531867882839498,0.07614982098595428,0.1415227127319258,0.08700440528634361,0.160081053698075,0.10024472038430164,0.18222258835159402,0.11639654809513787,0.20852187028657618,0.13676270557685175,0.24061786141629501,0.16387612979700697,0.28160407383831954,0.20076238881829733,0.3343915343915344,0.2521759047182776,0.40278031827327604,0.27952297847585805,0.43691748124573765,0.27606461086637296,0.4326812428078251,0.25274725274725274,0.40350877192982454,0.2005921539600296,0.33415536374845867,200,0.906663715839386,1
False,False,222.48145990171855,False,0.0003038596577072792,0.005378364833906071,0.056496661548822304,0.003586063527425803,0.25607317837883686,0.0,0.0,0.0,0.0,0.0,0.0,0.0,0.0,0.0,0.0,0.0,0.0,0.0,0.0,0.0,0.0,0.0,0.0,0.0,0.0,0.0,0.0,0.0,0.0,0.0,0.0,0.0,0.0,0.0,0.0,0.0,0.0,0.0,0.0,0.0,0.0,0.0,0.0,201,0.6108261942863464,0
False,False,85.44003745317531,False,0.0016970626208387643,0.006053163322185061,0.28035962859600516,0.0055891109954016105,0.4846346982840817,0.0056252609373969985,0.011187588768709712,0.0029247401681725595,0.005832422017393116,0.0007033791506696756,0.0014057695123737004,0.0,0.0,0.0,0.0,0.0,0.0,0.0,0.0,0.0,0.0,0.0,0.0,0.0,0.0,0.0,0.0,0.0,0.0,0.0,0.0,0.0,0.0,0.0,0.0,0.0,0.0,0.0,0.0,0.0,0.0,0.0,0.0,202,0.06683824211359024,0
False,False,281.05515472945876,False,0.0068029486666923164,0.002575648414985591,2.6412567131101916,0.01051888674612907,0.8810832820005174,0.006058808575544445,0.012044640977047799,0.007565437062705834,0.015017261975084998,0.009505292719809894,0.01883158570511449,0.012190963341858483,0.02408826749768382,0.016634676903390915,0.032724984266834484,0.0,0.0,0.0,0.0,0.0,0.0,0.0,0.0,0.0,0.0,0.0,0.0,0.0,0.0,0.0,0.0,0.0,0.0,0.0,0.0,0.0,0.0,0.0,0.0,0.0,0.0,0.0,0.0,203,0.3018956780433655,0
False,False,489.57941133180833,False,0.0009233825403276602,0.0022296831955922864,0.41413172156162553,0.0035562309331214287,0.7026889652762165,0.0008181074447777475,0.0016348773841961854,0.0,0.0,0.0,0.0,0.0,0.0,0.0,0.0,0.0,0.0,0.0,0.0,0.0,0.0,0.0,0.0,0.0,0.0,0.0,0.0,0.0,0.0,0.0,0.0,0.0,0.0,0.0,0.0,0.0,0.0,0.0,0.0,0.0,0.0,0.0,0.0,204,0.13700293004512787,0
False,False,174.04884371922728,False,0.004679941268517242,0.0011420107033639144,4.097983718306646,0.0070970687559437935,0.9210862100103723,0.00390720789942618,0.007784002084418968,0.0050273453933529656,0.01000439523640093,0.006212471731953939,0.012348230431413072,0.0075180874488832965,0.014923975147522557,0.008801001620268081,0.01744843949625844,0.010391304347826086,0.020568871293945523,0.012659568833094973,0.025002615336332253,0.0,0.0,0.0,0.0,0.0,0.0,0.0,0.0,0.0,0.0,0.0,0.0,0.0,0.0,0.0,0.0,0.0,0.0,0.0,0.0,0.0,0.0,0.0,0.0,205,0.4258088767528534,1
False,False,291.7601754866486,False,4.7614748549581805e-05,0.0017488143631436315,0.027226874134308084,0.0013296647596999665,0.3404408557123622,0.0,0.0,0.0,0.0,0.0,0.0,0.0,0.0,0.0,0.0,0.0,0.0,0.0,0.0,0.0,0.0,0.0,0.0,0.0,0.0,0.0,0.0,0.0,0.0,0.0,0.0,0.0,0.0,0.0,0.0,0.0,0.0,0.0,0.0,0.0,0.0,0.0,0.0,206,0.5327044725418091,1
False,False,404.76412884543015,False,0.0,0.001323499177631579,0.0,0.001323499177631579,0.22112213344312776,0.0,0.0,0.0,0.0,0.0,0.0,0.0,0.0,0.0,0.0,0.0,0.0,0.0,0.0,0.0,0.0,0.0,0.0,0.0,0.0,0.0,0.0,0.0,0.0,0.0,0.0,0.0,0.0,0.0,0.0,0.0,0.0,0.0,0.0,0.0,0.0,0.0,0.0,207,0.5112367272377014,1
False,False,19.235384061671343,False,0.05223079923177332,0.007522963258785943,6.942849171936849,0.0851998919730253,0.963704146151203,0.024017084482126635,0.046907585519967626,0.034740312132598726,0.06714788575502384,0.0467562284756911,0.08933546742545498,0.061130942722699984,0.11521847165411522,0.07147261086080152,0.1334100566572238,0.0820180690105584,0.15160203209094109,0.094099281923197,0.17201232735989042,0.10432041269613813,0.18893142152728215,0.10477280156914025,0.1896730285545199,0.09825835894570178,0.1789348710990502,0.09148029818956337,0.167626109864377,0.08410871694417238,0.15516657255787691,0.07363957597173144,0.1371774618220116,0.058300395256917,0.11017740429505135,0.041071777821239976,0.07890287431899305,0.024793388429752067,0.04838709677419355,0.004122497055359246,0.008211143695014663,0.0,0.0,0.0,0.0,208,0.7442869544029236,0
False,False,186.63868837944614,False,0.0003504214381510495,0.0025378184713375795,0.1380797886486959,0.00230151325142372,0.46547172782807317,0.0,0.0,0.0,0.0,0.0,0.0,0.0,0.0,0.0,0.0,0.0,0.0,0.0,0.0,0.0,0.0,0.0,0.0,0.0,0.0,0.0,0.0,0.0,0.0,0.0,0.0,0.0,0.0,0.0,0.0,0.0,0.0,0.0,0.0,0.0,0.0,0.0,0.0,209,0.633075475692749,0
True,False,514.5250236868951,False,0.0025460232864378827,0.001264613309352518,2.0132820583245694,0.0033989977773206366,0.8247750358760798,0.0045139933794763765,0.008987417615338526,0.0057431349503152046,0.01142067939762556,0.002803485779909478,0.0055912964397588335,0.0,0.0,0.0,0.0,0.0,0.0,0.0,0.0,0.0,0.0,0.0,0.0,0.0,0.0,0.0,0.0,0.0,0.0,0.0,0.0,0.0,0.0,0.0,0.0,0.0,0.0,0.0,0.0,0.0,0.0,0.0,0.0,210,0.3495793342590332,0
False,False,25.179356624028344,False,0.07803314076533359,0.005426646706586827,14.379624284480782,0.21546194707281707,0.9899406729490382,0.02717518624373331,0.052912466359531084,0.049708604730887895,0.09470934030045722,0.06910932380101281,0.1292839230983561,0.0765070571164754,0.14213944369562553,0.08478912360207587,0.15632369786402533,0.09388911371914205,0.1716611172770995,0.10416666666666667,0.18867924528301888,0.11634904714142427,0.20844564240790656,0.13008859481888527,0.2302272501736628,0.1468354430379747,0.2560706401766004,0.16503878195920713,0.2833189495746517,0.17849532863465006,0.30292072322670377,0.19372026641294005,0.32456559859716244,0.20631341600901917,0.34205607476635513,0.20622462787550744,0.34193403634731884,0.19414893617021275,0.32516703786191536,0.164043082021541,0.2818505338078292,0.11449200618875709,0.20546043498380379,0.04921259842519685,0.09380863039399624,211,0.671622097492218,1
False,True,0.0,True,0.23433966381707594,0.018498411016949153,12.668096930182944,0.7929922793905647,0.9955751845805632,0.11375603930296943,0.20427460824214658,0.14411471407448162,0.2519235393123347,0.16734547196933397,0.2867111339148281,0.18830877066858376,0.31693575830907095,0.21252535496957403,0.35054995608715656,0.24242248958815363,0.3902416313608641,0.2780837369783027,0.43515730453743123,0.32060893512851896,0.4855471239066211,0.37263270205388105,0.5429459774582199,0.4342447239837821,0.6055378370542186,0.49043351901186727,0.6581085472863178,0.5274249825540823,0.6906067251461988,0.5508243957099408,0.7103633360858794,0.5641588870583928,0.721357519016969,0.5168425324675324,0.6814715719063545,0.4166301969365427,0.5881989496447327,0.2857142857142857,0.4444444444444444,0.16148921033910363,0.27807268272764396,0.046289668336912435,0.08848346636259977,212,0.8951695561408997,1
True,False,253.16002844051033,False,0.0,0.003210382513661202,0.0,0.003210382513661202,0.3593846364695402,0.0,0.0,0.0,0.0,0.0,0.0,0.0,0.0,0.0,0.0,0.0,0.0,0.0,0.0,0.0,0.0,0.0,0.0,0.0,0.0,0.0,0.0,0.0,0.0,0.0,0.0,0.0,0.0,0.0,0.0,0.0,0.0,0.0,0.0,0.0,0.0,0.0,0.0,213,0.012721012346446514,0
False,False,216.78791479231492,False,0.015788103455727044,0.004997068156732892,3.159473307254105,0.013464555442757606,0.7508670141668649,0.02017672521732909,0.03955535294736473,0.020087297345448066,0.03938348687944811,0.01924303635977036,0.03775946594346511,0.01776887943439905,0.03491731726808877,0.015789473684210527,0.031088082901554404,0.013293566254793353,0.026238331511226978,0.011018432705179692,0.02179669993888776,0.0074866310160427805,0.014861995753715499,0.0043133435369417,0.008589637018564699,0.0016691704223001167,0.0033327778703549408,0.0,0.0,0.0,0.0,0.0,0.0,0.0,0.0,0.0,0.0,0.0,0.0,0.0,0.0,0.0,0.0,0.0,0.0,214,0.007054279558360577,0
False,False,25.96150997149434,False,0.02243463530730356,0.004954954954954955,4.527717307473991,0.27696475246251945,0.9927722447675887,0.007340163763502148,0.014573356702226025,0.008883504946497072,0.017610566339803884,0.010560422416896675,0.020900130625816412,0.013111334599769061,0.025883304533254898,0.016830294530154277,0.03310344827586207,0.019917388106150624,0.039056865464632454,0.024164206768723828,0.04718814933976808,0.03028391167192429,0.05878750765462339,0.037686021198386925,0.07263472847955428,0.04710290378696641,0.08996805111821086,0.06301467955603295,0.11855843718423711,0.08008493857121189,0.1482937789636287,0.09913631242959069,0.18038947728049198,0.12460176991150443,0.2215926975133774,0.15996343692870202,0.27580772261623326,0.19491185897435898,0.3262363788767812,0.2331877729257642,0.3781869688385269,0.2799429657794677,0.43743037504641663,0.04360257326661901,0.08356164383561644,215,0.791092574596405,1
False,False,211.29363454680788,False,0.003100947125549247,0.0029825846354166667,1.039684536937221,0.003678131927981009,0.6310494690534174,0.005037130446966512,0.010023769857589973,0.005194006389994703,0.010334336171876329,0.004508701472556894,0.008976928653673931,0.0026755398614695097,0.005336800899399949,0.0008011704054618922,0.001601058090564199,0.0,0.0,0.0,0.0,0.0,0.0,0.0,0.0,0.0,0.0,0.0,0.0,0.0,0.0,0.0,0.0,0.0,0.0,0.0,0.0,0.0,0.0,0.0,0.0,0.0,0.0,0.0,0.0,216,0.5422413945198059,1
False,False,281.2561110447202,False,1.8250020455280112e-05,0.0024084944751381217,0.0075773561632245445,0.0022025939268158165,0.20146481777114783,0.0,0.0,0.0,0.0,0.0,0.0,0.0,0.0,0.0,0.0,0.0,0.0,0.0,0.0,0.0,0.0,0.0,0.0,0.0,0.0,0.0,0.0,0.0,0.0,0.0,0.0,0.0,0.0,0.0,0.0,0.0,0.0,0.0,0.0,0.0,0.0,0.0,0.0,217,0.5553513169288635,1
False,False,172.01162751395617,False,0.0,0.006448193215339233,0.0,0.006448193215339233,0.24741256535273076,0.0,0.0,0.0,0.0,0.0,0.0,0.0,0.0,0.0,0.0,0.0,0.0,0.0,0.0,0.0,0.0,0.0,0.0,0.0,0.0,0.0,0.0,0.0,0.0,0.0,0.0,0.0,0.0,0.0,0.0,0.0,0.0,0.0,0.0,0.0,0.0,0.0,0.0,218,0.33952242136001587,0
False,False,268.6726632912251,False,0.0,0.0032690293296089384,0.0,0.0032690293296089384,0.30757626844038866,0.0,0.0,0.0,0.0,0.0,0.0,0.0,0.0,0.0,0.0,0.0,0.0,0.0,0.0,0.0,0.0,0.0,0.0,0.0,0.0,0.0,0.0,0.0,0.0,0.0,0.0,0.0,0.0,0.0,0.0,0.0,0.0,0.0,0.0,0.0,0.0,0.0,0.0,219,0.20982345938682556,0
False,False,146.102703602637,False,0.0,0.007210891222401723,0.0,0.007210891222401723,0.23855633056758568,0.0,0.0,0.0,0.0,0.0,0.0,0.0,0.0,0.0,0.0,0.0,0.0,0.0,0.0,0.0,0.0,0.0,0.0,0.0,0.0,0.0,0.0,0.0,0.0,0.0,0.0,0.0,0.0,0.0,0.0,0.0,0.0,0.0,0.0,0.0,0.0,0.0,0.0,220,0.21156664192676544,0
False,True,0.0,True,0.0415777762958168,0.006352257853403142,6.545353991501153,0.15756051032081772,0.9602441005287333,0.01930247588744158,0.037873891889914524,0.026120595408291987,0.050911355887752426,0.03353125337363705,0.06488677195621292,0.04145755472504004,0.0796144874785328,0.050859669232028816,0.09679631014709549,0.057158242941764754,0.10813564255566875,0.060519386179969124,0.1141315980992337,0.06217560553633218,0.11707217754250229,0.06580933009645036,0.1234917508002955,0.07462437395659433,0.13888457355911138,0.09226962055149658,0.16895026432193333,0.09958567623557266,0.1811330911048311,0.10357079410197192,0.18770122343850612,0.11128561812878618,0.20028265697557035,0.11318051575931232,0.20334620334620335,0.10892531876138434,0.1964520367936925,0.09921550530687587,0.18052057094878254,0.0794813979706877,0.1472584856396867,0.03638644918444166,0.07021791767554479,221,0.5214354991912842,0
False,False,110.16351483136329,False,0.010470825059632798,0.0024671052631578946,4.244174424171161,0.015774009715200675,0.9278401003022808,0.005708414202534536,0.0113520263367011,0.007423353871279044,0.01473730749392086,0.009701359807266318,0.0192162954185149,0.01251590563007155,0.024722388182698448,0.016083634901487735,0.031658092599920855,0.02015045674368619,0.03950487226757967,0.0224517287831163,0.04391743522178305,0.025114059687748526,0.048997590951778205,0.025023430178069354,0.048825089146932434,0.020929150948271406,0.04100020247013565,0.013811359843471255,0.02724640971788613,0.006702589039295571,0.013315926892950391,0.0008530603540200469,0.0017046665246111229,0.0,0.0,0.0,0.0,0.0,0.0,0.0,0.0,0.0,0.0,0.0,0.0,222,0.22305727005004883,0
False,False,90.13878188659973,False,0.0010901830233677734,0.0020007621951219513,0.5448838577746737,0.0026101536764337155,0.6477482498011138,0.002600594421582076,0.005187697745346749,0.00027174481071928763,0.000543341971077489,0.0,0.0,0.0,0.0,0.0,0.0,0.0,0.0,0.0,0.0,0.0,0.0,0.0,0.0,0.0,0.0,0.0,0.0,0.0,0.0,0.0,0.0,0.0,0.0,0.0,0.0,0.0,0.0,0.0,0.0,0.0,0.0,0.0,0.0,223,0.610406756401062,0
False,False,4.47213595499958,True,0.035183692943800374,0.005366379310344827,6.5563186851097885,0.20857129566224264,0.989251977139996,0.010386468392183035,0.02055939725461864,0.013789284230928976,0.027203452325676673,0.018209408194233688,0.03576751117734724,0.02399421826066008,0.04686397214510893,0.03342954957373968,0.06469632997726535,0.04377637130801688,0.08388074785245073,0.05169460735973426,0.0983072595370873,0.06102193358657027,0.11502482965700428,0.07335395492708793,0.1366817620419926,0.08381721787427417,0.15467039366410434,0.09513802655458974,0.17374618403837766,0.1089119737561509,0.1964303323143674,0.12609191036840106,0.2239460370994941,0.14677132701421802,0.25597313702699215,0.1640461215932914,0.2818550202611436,0.18268416596104997,0.3089314480042957,0.1874310915104741,0.31569173630454966,0.17832167832167833,0.3026706231454006,0.055353241077931534,0.1048999309868875,224,0.8187875151634216,1
False,False,346.5082971589569,False,0.0,0.007728441455696203,0.0,0.007728441455696203,0.29772470188412226,0.0,0.0,0.0,0.0,0.0,0.0,0.0,0.0,0.0,0.0,0.0,0.0,0.0,0.0,0.0,0.0,0.0,0.0,0.0,0.0,0.0,0.0,0.0,0.0,0.0,0.0,0.0,0.0,0.0,0.0,0.0,0.0,0.0,0.0,0.0,0.0,0.0,0.0,225,0.2452828586101532,0
False,False,328.0,False,0.0,0.005145155325443787,0.0,0.005145155325443787,0.303909724126074,0.0,0.0,0.0,0.0,0.0,0.0,0.0,0.0,0.0,0.0,0.0,0.0,0.0,0.0,0.0,0.0,0.0,0.0,0.0,0.0,0.0,0.0,0.0,0.0,0.0,0.0,0.0,0.0,0.0,0.0,0.0,0.0,0.0,0.0,0.0,0.0,0.0,0.0,226,0.20314407348632812,0
True,False,22.80350850198276,False,0.058292372128078626,0.0057664756446991405,10.10883869450904,0.13748629307934282,0.9837977660398429,0.023712213262638535,0.04632593605006654,0.030529284884685582,0.059249718241829015,0.03876949009692372,0.07464503042596349,0.04926183737474184,0.093898082671138,0.06526475804408412,0.12253246444370451,0.08226877874297393,0.15203021718602455,0.09775349119611415,0.17809734513274336,0.11853487944045647,0.2119466842191871,0.1426349700066652,0.24965973167412017,0.1589958158995816,0.2743682310469314,0.17010545621274645,0.2907523510971787,0.16599118942731278,0.28472117273688985,0.14593058656383195,0.2546935883811548,0.11532086194648354,0.20679405520169852,0.07251693002257337,0.13522757169166008,0.019070735090152564,0.0374276964954066,0.0,0.0,0.0,0.0,0.0,0.0,227,0.09169542789459229,0
False,False,314.058911671043,False,8.322985036331298e-06,0.0026326943140323423,0.0031613943905183105,0.0016766840772915147,0.21706039789347686,0.0,0.0,0.0,0.0,0.0,0.0,0.0,0.0,0.0,0.0,0.0,0.0,0.0,0.0,0.0,0.0,0.0,0.0,0.0,0.0,0.0,0.0,0.0,0.0,0.0,0.0,0.0,0.0,0.0,0.0,0.0,0.0,0.0,0.0,0.0,0.0,0.0,0.0,228,0.63241046667099,0
False,False,170.60187572239644,False,0.0,0.001186650413711584,0.0,0.001186650413711584,0.4218931300533009,0.0,0.0,0.0,0.0,0.0,0.0,0.0,0.0,0.0,0.0,0.0,0.0,0.0,0.0,0.0,0.0,0.0,0.0,0.0,0.0,0.0,0.0,0.0,0.0,0.0,0.0,0.0,0.0,0.0,0.0,0.0,0.0,0.0,0.0,0.0,0.0,0.0,0.0,229,0.008209445513784885,0
False,False,8.602325267042627,True,0.07196166081171368,0.007790834719911259,9.236707413109304,0.05513445168666366,0.8161259940047919,0.06016001641193969,0.11349233225291472,0.06640181611804767,0.12453432676955828,0.06931809638373054,0.1296491598115728,0.07009386788314764,0.13100508280045908,0.06880824905810033,0.1287569573283859,0.08108467366741991,0.15000614779294233,0.0777270719858678,0.14424258981013524,0.07331711273317112,0.13661780262959045,0.0679177837354781,0.12719665271966527,0.060707269155206287,0.11446564178551584,0.052517830127512426,0.0997946611909651,0.04202483285577841,0.08065994500458296,0.029661016949152543,0.05761316872427984,0.02004787552363854,0.0393077148723966,0.012056737588652482,0.023826208829712685,0.004985459077690071,0.009921455146754857,0.0009380863039399625,0.0018744142455482662,0.0,0.0,0.0,0.0,230,0.015511837787926197,0
False,False,95.1892851112981,False,0.012779347475879723,0.01141541204437401,1.1194819272579755,0.015519129885751867,0.6560255955657519,0.017680150013394052,0.03474598578573309,0.020521291189562977,0.0402172720289696,0.018636094479899994,0.03659028887920038,0.016101479300694218,0.03169265989411933,0.01313119255103259,0.025921998350418286,0.010596777358655125,0.020971326242205872,0.007871164014776541,0.015619385286155762,0.005633296377311,0.011203480230028902,0.002893912569794362,0.005771124011270666,0.0,0.0,0.0,0.0,0.0,0.0,0.0,0.0,0.0,0.0,0.0,0.0,0.0,0.0,0.0,0.0,0.0,0.0,0.0,0.0,231,0.7176145911216736,1
False,False,39.6232255123179,False,0.03624187955417447,0.008907331314878893,4.068769676685954,0.04364276901761408,0.9079880553861164,0.024138604673878537,0.047139331656314454,0.035032018511542806,0.06769262763855673,0.048384533898305083,0.09230302877207164,0.049913471172237905,0.09508111390648044,0.050561603594263003,0.09625633265346405,0.04883432731779103,0.09312114610641362,0.04619776797300804,0.08831555445298933,0.04413438226708228,0.08453774344879875,0.04319309855826046,0.08280940243557065,0.04167564848746138,0.08001655514934124,0.03779296030441927,0.07283333333333333,0.03020865773902211,0.058645707376058044,0.02158273381294964,0.04225352112676056,0.011243658302481831,0.02223728813559322,0.002398081534772182,0.004784688995215311,0.0,0.0,0.0,0.0,0.0,0.0,0.0,0.0,232,0.4458678662776947,1
False,False,170.3907274472411,False,0.0,0.002727049304295221,0.0,0.002727049304295221,0.45056088186647836,0.0,0.0,0.0,0.0,0.0,0.0,0.0,0.0,0.0,0.0,0.0,0.0,0.0,0.0,0.0,0.0,0.0,0.0,0.0,0.0,0.0,0.0,0.0,0.0,0.0,0.0,0.0,0.0,0.0,0.0,0.0,0.0,0.0,0.0,0.0,0.0,0.0,0.0,233,0.005889940541237593,0
False,False,221.6776939613005,False,0.0,0.004678281710914454,0.0,0.004678281710914454,0.4537660052328139,0.0,0.0,0.0,0.0,0.0,0.0,0.0,0.0,0.0,0.0,0.0,0.0,0.0,0.0,0.0,0.0,0.0,0.0,0.0,0.0,0.0,0.0,0.0,0.0,0.0,0.0,0.0,0.0,0.0,0.0,0.0,0.0,0.0,0.0,0.0,0.0,0.0,0.0,234,0.002206748351454735,0
False,False,80.05623023850174,False,0.013987463392456646,0.006020969055374593,2.3231249428147773,0.026702357935666846,0.898372371281089,0.006982770324111512,0.013868698710433763,0.008504795180376425,0.016866147233053658,0.010126257222341109,0.02004948817029354,0.011804384485666104,0.023333333333333334,0.013921086386048317,0.027459901116501474,0.017400641308504692,0.03420607497578395,0.020767502282143108,0.04068997540715772,0.02368510621258534,0.04627420301193037,0.02727440402084198,0.05310052292569069,0.03178996587214145,0.06162100218772789,0.03809154884111305,0.07338764848560234,0.04014869888475837,0.07719799857040743,0.01645650780081214,0.032380151387720775,0.0011983223487118035,0.0023937761819269898,0.0,0.0,0.0,0.0,0.0,0.0,0.0,0.0,0.0,0.0,235,0.9757730960845947,1
False,False,107.00467279516349,False,0.01539069094936038,0.005512011400651466,2.7922095639245867,0.0610367237810119,0.960728724692047,0.006392510786993041,0.012703812316715543,0.007785877582711469,0.015451452051276564,0.009270276053926814,0.01837025477490925,0.010806549786962293,0.02138203356367226,0.012744325068546346,0.025167902210034628,0.015929750242697025,0.031359944403422664,0.019012007583737098,0.03731458990128689,0.02168298396300078,0.042445620223398,0.024968875363120764,0.04872123625075916,0.02910273291591648,0.05655943179444328,0.0349636803874092,0.06756503836795807,0.04512688028667861,0.0863567498604577,0.06070287539936102,0.1144578313253012,0.08531697341513292,0.15722037986132048,0.07480269930229898,0.1391933595828456,0.00844062947067239,0.01673996311533551,0.0,0.0,0.0,0.0,0.0,0.0,236,0.9757730960845947,1
False,False,20.0,False,0.017982712630722864,0.005687699044585987,3.161684978364013,0.028852481435618187,0.9134450104084958,0.008359724121790136,0.01658083702038152,0.010867601616353697,0.021501533136439738,0.014305918870545827,0.028208292201382032,0.016877824045361922,0.03319538226965803,0.019177208818496022,0.03763272697341345,0.02142816970060554,0.04195727185962851,0.023694029850746267,0.0462912338254055,0.026264390266320457,0.05118445210693655,0.029280664002459267,0.05689539311580676,0.03306430617026816,0.06401209677419355,0.038245332262597874,0.07367301556608334,0.041253015860459596,0.07923725594469345,0.036865049279757395,0.07110867379581391,0.028263164067081036,0.054972627737226276,0.011962982469340156,0.023643122676579927,0.003324040317392237,0.006626055359623811,0.0,0.0,0.0,0.0,0.0,0.0,237,0.9666191339492798,1
False,False,121.63058825805291,False,0.02092843900719938,0.005851910828025477,3.576342774563595,0.05272976016167002,0.9491261021086447,0.008601080986198776,0.017055466523570914,0.011181364392678868,0.022115447903639833,0.014718950648960536,0.029010891418844744,0.01736511030388943,0.03413742053470348,0.019730881514043154,0.03869821316923887,0.022046830768077088,0.04314250600730048,0.02437810945273632,0.047595920349684316,0.027022679749075115,0.05262333594361786,0.030126037503842608,0.058490002984183824,0.03401891868437039,0.06579941250524549,0.03934952820718731,0.07571952868456636,0.04649039225027791,0.08885010812246291,0.05143213548913304,0.09783253479352041,0.05494175573435811,0.10416073766292902,0.05749019607843137,0.10872951123637173,0.06281833616298811,0.1182108626198083,0.04354456116570654,0.08345510634843319,0.0,0.0,0.0,0.0,238,0.9666191339492798,1
False,False,10.295630140987,True,0.020967631517021367,0.004128086419753086,5.079261765618634,0.1216937266081303,0.9862686549078182,0.0058552334569134164,0.011642298537912274,0.007970724348886798,0.01581538859481381,0.011844799911440749,0.023412285979979214,0.018760410274392916,0.03682987694690646,0.024347232493315888,0.04753706891764314,0.028952174795373063,0.056275064098349876,0.03396825396825397,0.06570463616825299,0.03939798407511391,0.07580923703670903,0.045415959252971136,0.08688591149005279,0.05254434964090602,0.09984253805330379,0.06144569664776398,0.11577737201595996,0.07288828337874659,0.13587301587301587,0.08853951179147704,0.16267578867350818,0.11046893471693156,0.19895907262834162,0.13524150268336316,0.23826032146233847,0.1333676622039135,0.23534756928668787,0.09471050750536097,0.17303297420829253,0.046858359957401494,0.08952187182095625,0.0,0.0,239,0.9342638254165649,1
False,True,0.0,True,0.0711332664351253,0.007123419943820225,9.985830822291403,0.795247394316048,0.9983852207774011,0.016319266387137644,0.03211444853377656,0.02744938860419098,0.0534320987654321,0.04351206434316354,0.08339542173008246,0.06841750274007251,0.12807259814559085,0.08377638982088474,0.1546008763574014,0.09573526809414264,0.17474160206718345,0.10905059463817779,0.19665576154125772,0.1241205261547874,0.2208313490713654,0.1419699090272918,0.24864036767522021,0.1633125377339505,0.28077155955367183,0.18933737750816612,0.31839136831780285,0.22181221812218122,0.36308724832214767,0.2644614632556624,0.41829896907216496,0.32266401590457255,0.48790019540057117,0.3968804159445407,0.5682382133995038,0.5001602050624799,0.6668090559589919,0.5832985386221294,0.7368143459915611,0.5062630480167014,0.6722106722106722,0.28426092160383004,0.4426840633737186,240,0.9288190603256226,1
False,False,16.0312195418814,False,0.016188250309471918,0.0015921208530805687,10.167727078098084,0.22373981009135813,0.9975914163142223,0.00391003879728419,0.007789619878626853,0.006125453077763181,0.012176320674574458,0.007848624969578973,0.015575007546030788,0.009680082043072613,0.019174552841500273,0.014380202140309157,0.028352686911608485,0.023071420054846786,0.04510226676767088,0.03347171769590036,0.06477529500376601,0.03948173842073046,0.07596427519874374,0.043748586931946644,0.08382974114588974,0.04883280757097792,0.09311838306063523,0.055222602739726026,0.10466531440162272,0.0628348757915246,0.11824014665444546,0.07249906331959535,0.13519650655021834,0.0868491921005386,0.15981829444559156,0.10972497873546924,0.19775166070516095,0.14349276974416017,0.2509727626459144,0.1976506639427988,0.3300639658848614,0.2882882882882883,0.44755244755244755,0.019174041297935103,0.03762662807525326,241,0.6626579761505127,1
False,False,265.37709019431196,False,6.379637678065709e-05,0.0020875336021505377,0.030560646647764263,0.0014972734869890358,0.31254210166908014,0.0,0.0,0.0,0.0,0.0,0.0,0.0,0.0,0.0,0.0,0.0,0.0,0.0,0.0,0.0,0.0,0.0,0.0,0.0,0.0,0.0,0.0,0.0,0.0,0.0,0.0,0.0,0.0,0.0,0.0,0.0,0.0,0.0,0.0,0.0,0.0,0.0,0.0,242,0.5782456398010254,1
False,True,0.0,True,0.09699259199403322,0.006846816976127321,14.166085106731439,0.746842599991182,0.9977447173364882,0.03084794502642242,0.059849651299701115,0.05707376058041112,0.10798444291924045,0.07558565153733529,0.14054789858771483,0.0853923291636514,0.1573483188875131,0.09578477416362266,0.1748240647653315,0.10727969348659004,0.19377162629757785,0.11982302168709653,0.21400349763585724,0.1341780376868096,0.23660842165568605,0.15157353885677585,0.2632459564974902,0.17269496132134643,0.29452665359244073,0.19980648282535074,0.33306451612903226,0.23890093998553869,0.3856659273958212,0.29851825081315503,0.4597829112162538,0.3780375974323705,0.5486607885543171,0.46446329336063175,0.634311963251448,0.4861717612809316,0.6542605288932419,0.44760614272809396,0.6184087363494539,0.3630252100840336,0.5326757090012331,0.1271186440677966,0.22556390977443608,243,0.7624121904373169,1
False,True,0.0,True,0.10196211761382974,0.012392979452054795,8.227409559444085,0.7156681844228888,0.9957309707714646,0.027702023826611168,0.05391061452513966,0.04568587998579714,0.08737973967176005,0.07025633247383589,0.131288795669057,0.09854480469747255,0.17940971415291657,0.11569009441031021,0.2073875083948959,0.13513040434097673,0.23808789514263684,0.15635970834458546,0.27043437645959834,0.1798695246971109,0.3048973143759874,0.20758268351707448,0.34379870852816746,0.24067338667775123,0.3879721919758774,0.2813069355034617,0.4390937529623661,0.33275862068965517,0.49935316946959896,0.3973475714777816,0.5687168741525946,0.45771867857884896,0.6279931584948689,0.4874221668742217,0.6553918285331547,0.47409638554216865,0.6432366162648141,0.40065028901734107,0.572091823574929,0.2394596807204257,0.38639365918097757,0.08246977547495682,0.1523733546071001,244,0.9018906950950623,1
False,False,294.27877939124323,False,0.016434203139849227,0.004953778135048231,3.3175089178048585,0.027244521545313146,0.9176828420859506,0.009491538476348165,0.018804592440019835,0.011837871584305815,0.023398751750160183,0.014720152874609975,0.029013226618017036,0.01810636109886881,0.03556870242776235,0.02201777499888348,0.04308687292431393,0.026925912777519868,0.052439835128307404,0.032803247055692326,0.06352274191470171,0.039961092648131635,0.07685113016367888,0.039829872404303225,0.07660844040229055,0.02258856100169886,0.04417917794732956,0.0,0.0,0.0,0.0,0.0,0.0,0.0,0.0,0.0,0.0,0.0,0.0,0.0,0.0,0.0,0.0,0.0,0.0,245,0.4917828440666199,0
False,False,11.180339887498949,True,0.19928383149026901,0.006912878787878788,28.82790767859234,0.3746492939236456,0.993756044841294,0.10083505996107239,0.18319739919009867,0.13407914509934882,0.23645465253239104,0.16236983115964007,0.2793772288423067,0.19464394400486915,0.32586101487670677,0.229278951201748,0.3730299798554331,0.2667242869490061,0.4211244541484716,0.29343094578551643,0.4537249502830044,0.31308203991130823,0.4768659236744343,0.3286280336800396,0.4946877912395154,0.34305555555555556,0.5108583247156153,0.34595097735029473,0.5140617796219455,0.3220922229869236,0.4872462259239979,0.2833777101559528,0.44161232957913454,0.2403685092127303,0.387575962187711,0.19246669728984842,0.32280431432973805,0.1337642963699652,0.23596491228070177,0.07230196703880915,0.13485374318294496,0.02164009111617312,0.042363433667781496,0.0006035003017501509,0.0012062726176115801,246,0.019451890140771866,0
False,False,139.44174410842686,False,0.007631060063628608,0.008263548474945533,0.9234604343116539,0.01659783463337967,0.768004080526228,0.020452056937275146,0.04008430733857061,0.011487524694519646,0.02271412037037037,0.0043371201522189266,0.008636781545148079,0.0,0.0,0.0,0.0,0.0,0.0,0.0,0.0,0.0,0.0,0.0,0.0,0.0,0.0,0.0,0.0,0.0,0.0,0.0,0.0,0.0,0.0,0.0,0.0,0.0,0.0,0.0,0.0,0.0,0.0,0.0,0.0,247,0.06589774787425995,0
False,False,98.12746812182611,False,0.0004761880082397172,0.001026684997179921,0.46381120747619903,0.0016898218156761536,0.7147741628595505,0.0007256367462448298,0.0014502211587267058,0.0,0.0,0.0,0.0,0.0,0.0,0.0,0.0,0.0,0.0,0.0,0.0,0.0,0.0,0.0,0.0,0.0,0.0,0.0,0.0,0.0,0.0,0.0,0.0,0.0,0.0,0.0,0.0,0.0,0.0,0.0,0.0,0.0,0.0,0.0,0.0,248,0.042391110211610794,0
False,False,240.01041644062033,False,0.0,0.0011116425736961452,0.0,0.0011116425736961452,0.32264865368159223,0.0,0.0,0.0,0.0,0.0,0.0,0.0,0.0,0.0,0.0,0.0,0.0,0.0,0.0,0.0,0.0,0.0,0.0,0.0,0.0,0.0,0.0,0.0,0.0,0.0,0.0,0.0,0.0,0.0,0.0,0.0,0.0,0.0,0.0,0.0,0.0,0.0,0.0,249,0.06636633723974228,0
False,False,156.66843970627906,False,0.0,0.0011153875612745097,0.0,0.0011153875612745097,0.31597120716178717,0.0,0.0,0.0,0.0,0.0,0.0,0.0,0.0,0.0,0.0,0.0,0.0,0.0,0.0,0.0,0.0,0.0,0.0,0.0,0.0,0.0,0.0,0.0,0.0,0.0,0.0,0.0,0.0,0.0,0.0,0.0,0.0,0.0,0.0,0.0,0.0,0.0,0.0,250,0.01187381986528635,0
False,False,15.524174696260024,False,0.031877915677977015,0.0012070407542579076,26.409974613968735,0.0541340899233446,0.9904507450490221,0.012853600526289156,0.025380964276792407,0.02001891551071879,0.0392520475969711,0.024465420920824505,0.047762316660398645,0.027998236331569663,0.05447137036242762,0.03148239960337134,0.061043018505167024,0.0349910455985673,0.06761613203780115,0.03872541545967373,0.07456333480111552,0.04286919831223629,0.08221395047742353,0.047432306255835666,0.09056872882866822,0.05272991488478306,0.10017747978702425,0.0589190443052656,0.11128148959474261,0.06365289685632632,0.11968734733756717,0.06577024261911722,0.12342292923752057,0.06510244547257105,0.1222463543282656,0.06430989093644227,0.12084805653710247,0.06128614587829089,0.11549410329402196,0.05711422845691383,0.1080568720379147,0.04865181711606096,0.09278926774734489,0.036619718309859155,0.07065217391304347,251,0.019324060529470444,0
False,True,0.0,True,0.019825861078141924,0.0029488968633705477,6.723144957833908,0.525657848424988,0.9970306941080788,0.004957269731329945,0.009865632859505051,0.006800245191939315,0.013508628398561616,0.009227969846633741,0.018287186091435932,0.012258710590835319,0.024220508971822336,0.016064438762811956,0.03162090542677088,0.02103329778409764,0.04120002321128068,0.030264279624893437,0.05875051717004551,0.04011979431542069,0.07714456456782745,0.053431667670078266,0.1014430632947564,0.0701442402687216,0.1310930576070901,0.09066530455880475,0.1662568785856457,0.10614441620571087,0.19191782673334234,0.12239269091535943,0.21809245891568116,0.14404544532359506,0.251817698173435,0.176441351888668,0.29995775242923534,0.22581678411274825,0.3684348053305461,0.2691659646166807,0.42416196481911717,0.27057430432208407,0.42590866728797766,0.2751141552511416,0.4315129811996419,252,0.8889542818069458,1
False,False,93.62157870918435,False,0.0002978607799519018,0.001555798100490196,0.19145207842717685,0.001187595723633151,0.37872028082670983,5.846756511825065e-05,0.00011692829372387384,0.0,0.0,0.0,0.0,0.0,0.0,0.0,0.0,0.0,0.0,0.0,0.0,0.0,0.0,0.0,0.0,0.0,0.0,0.0,0.0,0.0,0.0,0.0,0.0,0.0,0.0,0.0,0.0,0.0,0.0,0.0,0.0,0.0,0.0,0.0,0.0,253,0.6975955963134766,0
False,False,176.23847480048164,False,0.0,0.0013020833333333333,0.0,0.0013020833333333333,0.17654770262332192,0.0,0.0,0.0,0.0,0.0,0.0,0.0,0.0,0.0,0.0,0.0,0.0,0.0,0.0,0.0,0.0,0.0,0.0,0.0,0.0,0.0,0.0,0.0,0.0,0.0,0.0,0.0,0.0,0.0,0.0,0.0,0.0,0.0,0.0,0.0,0.0,0.0,0.0,254,0.47928115725517273,0
False,False,13.45362404707371,True,0.014556829450444207,0.002064443005181347,7.051214014583798,0.06669476215668055,0.9870100505056173,0.004416051722645013,0.00879327190176057,0.005843858219596659,0.011619811905876992,0.008205219878441188,0.016276884341920955,0.011009834492684096,0.021779876153645402,0.014581612554800179,0.02874408992704387,0.019877013684392864,0.03897923655046495,0.02919661599134915,0.056736711990111245,0.03807232913072329,0.07335197762684778,0.047407560421400534,0.09052361700029583,0.05705407085146053,0.1079492003762935,0.06607168561969196,0.1239535511747232,0.07735085945399393,0.14359455654622244,0.09216867469879518,0.16878102592388305,0.0923298869920654,0.1690512876953555,0.07491289198606271,0.1393841166936791,0.04446012702893437,0.08513513513513514,0.014905149051490514,0.029372496662216287,0.0,0.0,0.0,0.0,255,0.5114561915397644,0
False,False,71.42128534267638,False,0.0021042480138955028,0.00307646977260122,0.6839813713223376,0.004012178023938514,0.6376194609523672,0.005141429607542912,0.010230261048040536,0.0018794985156233314,0.00375194525570786,0.0,0.0,0.0,0.0,0.0,0.0,0.0,0.0,0.0,0.0,0.0,0.0,0.0,0.0,0.0,0.0,0.0,0.0,0.0,0.0,0.0,0.0,0.0,0.0,0.0,0.0,0.0,0.0,0.0,0.0,0.0,0.0,0.0,0.0,256,0.32453083992004395,0
False,False,107.56393447619885,False,0.002412926364971936,0.0013936980609418283,1.7313121346680624,0.003348661115018535,0.7977100476347156,0.0035682624113475177,0.007111150372120757,0.004909060418032412,0.00977015853751043,0.0056384394480633185,0.011213651401706425,0.0054926398625841375,0.010925271145365699,0.0011760714689584982,0.0023493798992477465,0.0,0.0,0.0,0.0,0.0,0.0,0.0,0.0,0.0,0.0,0.0,0.0,0.0,0.0,0.0,0.0,0.0,0.0,0.0,0.0,0.0,0.0,0.0,0.0,0.0,0.0,0.0,0.0,257,0.5780654549598694,0
False,False,278.6485241303101,False,0.0,0.0040564041881812965,0.0,0.0040564041881812965,0.3928528031179258,0.0,0.0,0.0,0.0,0.0,0.0,0.0,0.0,0.0,0.0,0.0,0.0,0.0,0.0,0.0,0.0,0.0,0.0,0.0,0.0,0.0,0.0,0.0,0.0,0.0,0.0,0.0,0.0,0.0,0.0,0.0,0.0,0.0,0.0,0.0,0.0,0.0,0.0,258,0.012675376608967781,0
False,False,221.8828519737386,False,0.0002681257638506694,0.002754859855334539,0.0973282772738758,0.0030495331989918257,0.5590202931870898,0.0,0.0,0.0,0.0,0.0,0.0,0.0,0.0,0.0,0.0,0.0,0.0,0.0,0.0,0.0,0.0,0.0,0.0,0.0,0.0,0.0,0.0,0.0,0.0,0.0,0.0,0.0,0.0,0.0,0.0,0.0,0.0,0.0,0.0,0.0,0.0,0.0,0.0,259,0.22796325385570526,0
False,False,275.0,False,0.0003309076176061994,0.001752708731676227,0.18879783709968248,0.002507667511002909,0.6581644252657259,0.0,0.0,0.0,0.0,0.0,0.0,0.0,0.0,0.0,0.0,0.0,0.0,0.0,0.0,0.0,0.0,0.0,0.0,0.0,0.0,0.0,0.0,0.0,0.0,0.0,0.0,0.0,0.0,0.0,0.0,0.0,0.0,0.0,0.0,0.0,0.0,0.0,0.0,260,0.15557625889778137,0
False,False,279.94642344563005,False,0.00017921158073610079,0.0016515395220588235,0.10851183295492321,0.0014744570996589707,0.5053271020698444,0.0,0.0,0.0,0.0,0.0,0.0,0.0,0.0,0.0,0.0,0.0,0.0,0.0,0.0,0.0,0.0,0.0,0.0,0.0,0.0,0.0,0.0,0.0,0.0,0.0,0.0,0.0,0.0,0.0,0.0,0.0,0.0,0.0,0.0,0.0,0.0,0.0,0.0,261,0.06526515632867813,0
False,False,138.45215780189199,False,0.00032216075216590014,0.0006068840579710145,0.5308439856584384,0.0007567099339835056,0.6232732564958374,0.0010907782819081658,0.002179179562077639,0.00016797996457149837,0.00033590350408428123,0.0,0.0,0.0,0.0,0.0,0.0,0.0,0.0,0.0,0.0,0.0,0.0,0.0,0.0,0.0,0.0,0.0,0.0,0.0,0.0,0.0,0.0,0.0,0.0,0.0,0.0,0.0,0.0,0.0,0.0,0.0,0.0,0.0,0.0,262,0.6570658087730408,1
False,False,434.32936810673993,False,0.00011395825110085416,0.0012460443037974683,0.09145601866125694,0.0014564874290649821,0.5875920925366931,0.0,0.0,0.0,0.0,0.0,0.0,0.0,0.0,0.0,0.0,0.0,0.0,0.0,0.0,0.0,0.0,0.0,0.0,0.0,0.0,0.0,0.0,0.0,0.0,0.0,0.0,0.0,0.0,0.0,0.0,0.0,0.0,0.0,0.0,0.0,0.0,0.0,0.0,263,0.43468278646469116,0
False,False,118.2285921425101,False,0.002875487732839382,0.002333797770700637,1.2321066413462733,0.005149567943932969,0.7780556782140358,0.003991659219541257,0.007951578447661999,0.006862443849406669,0.013631343370342382,0.009704117525346575,0.01922170536281481,7.795447458684128e-05,0.00015589679632083562,0.0,0.0,0.0,0.0,0.0,0.0,0.0,0.0,0.0,0.0,0.0,0.0,0.0,0.0,0.0,0.0,0.0,0.0,0.0,0.0,0.0,0.0,0.0,0.0,0.0,0.0,0.0,0.0,0.0,0.0,264,0.8465803265571594,0
False,False,515.6403785585454,False,0.0,0.0037429793625914317,0.0,0.0037429793625914317,0.21126907712793197,0.0,0.0,0.0,0.0,0.0,0.0,0.0,0.0,0.0,0.0,0.0,0.0,0.0,0.0,0.0,0.0,0.0,0.0,0.0,0.0,0.0,0.0,0.0,0.0,0.0,0.0,0.0,0.0,0.0,0.0,0.0,0.0,0.0,0.0,0.0,0.0,0.0,0.0,265,0.5606477856636047,1
False,False,354.7421598851763,False,0.0,0.005042989417989418,0.0,0.005042989417989418,0.23899459908599918,0.0,0.0,0.0,0.0,0.0,0.0,0.0,0.0,0.0,0.0,0.0,0.0,0.0,0.0,0.0,0.0,0.0,0.0,0.0,0.0,0.0,0.0,0.0,0.0,0.0,0.0,0.0,0.0,0.0,0.0,0.0,0.0,0.0,0.0,0.0,0.0,0.0,0.0,266,0.23220670223236084,1
False,False,371.10241174101793,False,0.0,0.0037423823696145124,0.0,0.0037423823696145124,0.21228778334452114,0.0,0.0,0.0,0.0,0.0,0.0,0.0,0.0,0.0,0.0,0.0,0.0,0.0,0.0,0.0,0.0,0.0,0.0,0.0,0.0,0.0,0.0,0.0,0.0,0.0,0.0,0.0,0.0,0.0,0.0,0.0,0.0,0.0,0.0,0.0,0.0,0.0,0.0,267,0.24963074922561646,0
False,False,68.00735254367721,False,0.0003413725870870301,0.004215440356744705,0.08098147718798439,0.0032397551993472258,0.40855271506310603,0.000270632506830249,0.0005411185693855727,0.0,0.0,0.0,0.0,0.0,0.0,0.0,0.0,0.0,0.0,0.0,0.0,0.0,0.0,0.0,0.0,0.0,0.0,0.0,0.0,0.0,0.0,0.0,0.0,0.0,0.0,0.0,0.0,0.0,0.0,0.0,0.0,0.0,0.0,0.0,0.0,268,0.5791638493537903,0
False,False,83.2586331859946,False,5.474128123173405e-06,0.0036739864864864867,0.0014899695857097267,0.0033539353371339706,0.29943818192905974,0.0,0.0,0.0,0.0,0.0,0.0,0.0,0.0,0.0,0.0,0.0,0.0,0.0,0.0,0.0,0.0,0.0,0.0,0.0,0.0,0.0,0.0,0.0,0.0,0.0,0.0,0.0,0.0,0.0,0.0,0.0,0.0,0.0,0.0,0.0,0.0,0.0,0.0,269,0.1372310370206833,0
False,True,0.0,True,0.03659174928528709,0.002968480138169257,12.326762377414532,0.5790960191074823,0.9972310017568639,0.009065560485144843,0.017968228904346406,0.01646254770397346,0.0323918431449535,0.026270747920232457,0.05119652484195012,0.036349617227515556,0.07014933304990169,0.04167982317650774,0.08002424977265839,0.0461829123224407,0.08828840880208681,0.05115485971167261,0.09733077717150863,0.0566669528633983,0.1072560331518648,0.06288708909004288,0.1183325862841775,0.06971585507552551,0.13034462328428953,0.07890017931858936,0.14626038781163436,0.09049773755656108,0.16597510373443983,0.10853478046373952,0.19581664441477525,0.1410859341598974,0.2472836268265268,0.17847485127095727,0.30289123451124367,0.2296243798724309,0.3734870317002882,0.2654614652711703,0.4195488721804511,0.30187265917602996,0.46375143843498273,0.31891891891891894,0.48360655737704916,270,0.8781934380531311,1
False,True,0.0,True,0.035459560101423135,0.0027584204413472705,12.855023683084346,0.6376883777912219,0.9986731617090705,0.008511114844056217,0.016878574204652712,0.013961284989322373,0.02753810267907693,0.02361531888448691,0.046141003263261746,0.03339008182766764,0.0646224159005155,0.039069528338259864,0.07520098948670377,0.04406755091686598,0.0844151336341548,0.04970568999345978,0.09470404984423676,0.05615072035463613,0.10633088492479888,0.06362494767685224,0.119637937819756,0.0723551112697846,0.13494617689490623,0.08302608220674587,0.15332240574959022,0.09630920323142722,0.1756971535905216,0.1137511693171188,0.20426675625734925,0.1386861313868613,0.24358974358974358,0.17592592592592593,0.2992125984251969,0.23153084539223154,0.37600494743351887,0.3260153677277717,0.4917218543046358,0.4301572617946346,0.6015523932729625,0.2728613569321534,0.4287369640787949,271,0.8059748411178589,1
False,False,197.47404892795407,False,0.0008583514104850626,0.0007958333333333333,1.0785567461592411,0.001124696654129057,0.6486115073385519,0.0014502987919238859,0.002896396942860609,0.0017952308892502326,0.0035840276214065903,0.0008355016590675801,0.0016696083575824072,0.0,0.0,0.0,0.0,0.0,0.0,0.0,0.0,0.0,0.0,0.0,0.0,0.0,0.0,0.0,0.0,0.0,0.0,0.0,0.0,0.0,0.0,0.0,0.0,0.0,0.0,0.0,0.0,0.0,0.0,0.0,0.0,272,0.601145327091217,0
False,False,241.9442084448396,False,1.5582111748781806e-05,0.0038773148148148148,0.004018789418193278,0.0030835666903381914,0.1742649578652565,0.0,0.0,0.0,0.0,0.0,0.0,0.0,0.0,0.0,0.0,0.0,0.0,0.0,0.0,0.0,0.0,0.0,0.0,0.0,0.0,0.0,0.0,0.0,0.0,0.0,0.0,0.0,0.0,0.0,0.0,0.0,0.0,0.0,0.0,0.0,0.0,0.0,0.0,273,0.6079474091529846,1
False,True,0.0,True,0.060541794109713644,0.005812949143173024,10.414987748657067,0.7361227576282209,0.9976487561970304,0.017536316852322324,0.03446818862754638,0.02579730144127568,0.05029707410036994,0.035585871404399325,0.06872606586673474,0.04519660186024647,0.08648440260866772,0.053357646872274636,0.10130964925485474,0.06390049373338397,0.12012494422132976,0.0760151352572429,0.1412900855508319,0.08815823945506943,0.16203202118695076,0.1029524246596298,0.18668515950069348,0.1218761318362912,0.21727199354318,0.14611376465479808,0.2549725326766433,0.1783490128527892,0.30270999662656023,0.22251611836667218,0.36402974983096686,0.2857142857142857,0.4444444444444444,0.3790020190366311,0.5496758000418323,0.4344493747478822,0.6057367829021373,0.43798882681564244,0.6091686091686092,0.36103151862464183,0.5305263157894737,0.11144130757800892,0.20053475935828877,274,0.5105420351028442,1
False,True,0.0,True,0.12498316325615123,0.00979235084838533,12.763346125078822,0.5234418258641952,0.9940497520829037,0.04491429019730907,0.08596741497109392,0.07475110168108373,0.13910402429764618,0.09276888798865708,0.16978683966635774,0.1067549298401007,0.19291520997430606,0.12143387421783858,0.21656894268961605,0.13796842993131703,0.2424819991529013,0.15720464062607262,0.27169721777303196,0.1796078431372549,0.3045212765957447,0.20619484963083018,0.3418931024186324,0.2387655093316651,0.3854894369160845,0.2798484663326408,0.4373150004774181,0.328368999421631,0.4943942527484489,0.3775862068965517,0.5481852315394243,0.38941820393269816,0.5605485847680187,0.38170878459687124,0.5525169831039889,0.34767441860465115,0.5159620362381363,0.254341164453524,0.40553745928338764,0.14970530451866404,0.2604237867395762,0.05491205491205491,0.1041073607157381,275,0.603336751461029,1
False,False,24.351591323771842,False,0.04089638983119272,0.0034058051601423486,12.00784775059869,0.2558911119728589,0.9950807210499102,0.01079231763185716,0.02135417423262976,0.017592149353757778,0.034576031988709864,0.025119617224880382,0.049008168028004666,0.034911889041941764,0.06746833119148155,0.04445385266723116,0.08512363194162952,0.05449288256227758,0.10335372284328201,0.06875584658559401,0.12866520787746172,0.08799233808212618,0.16175176056338028,0.11245410036719707,0.20217301609132168,0.13300760043431054,0.23478677527551509,0.158541846419327,0.2736920498975982,0.18821391484942887,0.316801398295827,0.21621621621621623,0.35555555555555557,0.2415644171779141,0.3891290920321186,0.2546230440967283,0.40589569160997735,0.24212368728121353,0.38985439173320807,0.18534178999295278,0.31272294887039237,0.11357813834329633,0.20398773006134968,0.05168776371308017,0.09829488465396188,276,0.07366775721311569,0
False,False,200.5642041840966,False,0.0,0.003662986526946108,0.0,0.003662986526946108,0.17650967005826923,0.0,0.0,0.0,0.0,0.0,0.0,0.0,0.0,0.0,0.0,0.0,0.0,0.0,0.0,0.0,0.0,0.0,0.0,0.0,0.0,0.0,0.0,0.0,0.0,0.0,0.0,0.0,0.0,0.0,0.0,0.0,0.0,0.0,0.0,0.0,0.0,0.0,0.0,277,0.5153497457504272,0
False,False,396.86899601757756,False,0.0009621178968629074,0.0028794642857142855,0.3341308665074283,0.002436318626273027,0.4649637322585331,0.0022728233751955684,0.004535338726519075,0.0006031776495263684,0.0012056280911345234,0.0,0.0,0.0,0.0,0.0,0.0,0.0,0.0,0.0,0.0,0.0,0.0,0.0,0.0,0.0,0.0,0.0,0.0,0.0,0.0,0.0,0.0,0.0,0.0,0.0,0.0,0.0,0.0,0.0,0.0,0.0,0.0,0.0,0.0,278,0.4614546298980713,0
False,False,402.91438296491725,False,0.0,0.0014636671686746989,0.0,0.0014636671686746989,0.2396792179818918,0.0,0.0,0.0,0.0,0.0,0.0,0.0,0.0,0.0,0.0,0.0,0.0,0.0,0.0,0.0,0.0,0.0,0.0,0.0,0.0,0.0,0.0,0.0,0.0,0.0,0.0,0.0,0.0,0.0,0.0,0.0,0.0,0.0,0.0,0.0,0.0,0.0,0.0,279,0.18432392179965973,0
False,False,180.8535318980528,False,0.0015167708603215264,0.0014883306962025316,1.019108766748922,0.0023637374196295306,0.6991322204318831,0.0036879571657865394,0.007348812226861007,0.003927322946786932,0.007823918837589202,0.0022528160200250315,0.004495504495504496,5.949783824521042e-05,0.00011898859692612792,0.0,0.0,0.0,0.0,0.0,0.0,0.0,0.0,0.0,0.0,0.0,0.0,0.0,0.0,0.0,0.0,0.0,0.0,0.0,0.0,0.0,0.0,0.0,0.0,0.0,0.0,0.0,0.0,0.0,0.0,280,0.6587501764297485,0
False,False,59.53990258641679,False,0.013390349989468463,0.005789930555555556,2.312696130115093,0.01588091110725278,0.8332244966460568,0.015242312195008868,0.030026944330273555,0.018925318446568383,0.03714760660854225,0.01727509778357236,0.033963473245754564,0.016787894531757372,0.03302142879954013,0.015706362982092208,0.03092697565855285,0.012943020375145357,0.02555527826303968,0.010475096303304723,0.020733012306046014,0.006216144214545778,0.012355484952784396,0.0010450412791305256,0.0020879006159306816,0.0,0.0,0.0,0.0,0.0,0.0,0.0,0.0,0.0,0.0,0.0,0.0,0.0,0.0,0.0,0.0,0.0,0.0,0.0,0.0,281,0.4013524055480957,0
False,False,389.57540990160044,False,0.0007984390940377562,0.005739703757225434,0.13910806686366697,0.003700835419650024,0.2569942382326796,0.0017215307665464697,0.0034371443832880468,0.000763582966226138,0.0015260007043080173,1.1841045801165158e-05,2.3681811184919423e-05,0.0,0.0,0.0,0.0,0.0,0.0,0.0,0.0,0.0,0.0,0.0,0.0,0.0,0.0,0.0,0.0,0.0,0.0,0.0,0.0,0.0,0.0,0.0,0.0,0.0,0.0,0.0,0.0,0.0,0.0,0.0,0.0,282,0.4392092525959015,0
False,False,21.400934559032695,False,0.04859264215839254,0.00354801619989017,13.695721614770738,0.1120538725177683,0.9871349439381842,0.022104616042552053,0.04325313807531381,0.026845419723430502,0.052287168463313625,0.03196876570412463,0.06195684746778544,0.03718357987500562,0.07170105774232703,0.043380193033990766,0.08315318485747322,0.05417976939203354,0.10279037971536883,0.06469529844324494,0.12152828802351212,0.07725361980382998,0.14342698577870275,0.09571759259259259,0.17471215802260484,0.11006585136406397,0.19830508474576272,0.11938223938223938,0.21330022075055188,0.1276824034334764,0.22645099904852523,0.1329709387413757,0.23472965491788153,0.13267326732673268,0.23426573426573427,0.12252145605208642,0.21829686264170842,0.08149466192170819,0.15070746956235603,0.02450765864332604,0.04784280222127296,0.0,0.0,0.0,0.0,283,0.1623772829771042,0
False,False,221.7746604100658,False,0.0006814738209630415,0.0042060718201754384,0.16202144188175482,0.003947785567103451,0.5289793906559631,0.0017552428340303428,0.0035043347096734875,0.0,0.0,0.0,0.0,0.0,0.0,0.0,0.0,0.0,0.0,0.0,0.0,0.0,0.0,0.0,0.0,0.0,0.0,0.0,0.0,0.0,0.0,0.0,0.0,0.0,0.0,0.0,0.0,0.0,0.0,0.0,0.0,0.0,0.0,0.0,0.0,284,0.09791569411754608,0
False,False,75.13321502504735,False,0.006091391137103579,0.00251421272308578,2.4227827188891973,0.006777823497039938,0.8269013282960355,0.006507161382275287,0.012930183970750391,0.007202032156568426,0.014301067564662893,0.007773238367258397,0.015426562387888355,0.007824049855573499,0.015526618672564375,0.0074542775418219645,0.014798244859330638,0.006856716974100988,0.013620045153410563,0.006335960438881162,0.012592137592137592,0.005690752527143392,0.011317102226193134,0.003602237178879515,0.007178615282894115,0.0010792143319663286,0.0021561017680034496,0.00012042389210019268,0.00024081878386514148,0.0,0.0,0.0,0.0,0.0,0.0,0.0,0.0,0.0,0.0,0.0,0.0,0.0,0.0,0.0,0.0,285,0.15291762351989746,0
False,False,100.56838469419701,False,0.0,0.002010233918128655,0.0,0.002010233918128655,0.36398095586888846,0.0,0.0,0.0,0.0,0.0,0.0,0.0,0.0,0.0,0.0,0.0,0.0,0.0,0.0,0.0,0.0,0.0,0.0,0.0,0.0,0.0,0.0,0.0,0.0,0.0,0.0,0.0,0.0,0.0,0.0,0.0,0.0,0.0,0.0,0.0,0.0,0.0,0.0,286,0.03221232071518898,0
False,False,11.313708498984761,True,0.05147851383312513,0.011826508620689655,4.352807365570854,0.07058857995944685,0.9246856871667706,0.02814824313926648,0.054755222949797316,0.03539038252247168,0.06836142795966832,0.04221110409481712,0.08100298284862044,0.05259690800172921,0.09993741688179614,0.062020126723816627,0.116796518565312,0.07381868554717562,0.13748817475561162,0.08153829611841869,0.15078207847295863,0.08380086922165152,0.15464255769020452,0.08455755271344625,0.15593004262778376,0.0836734693877551,0.1544256120527307,0.08192959582790091,0.1514508820977538,0.07709580838323353,0.14315496872828354,0.07007019783024888,0.13096374045801526,0.062296505317994355,0.11728647323252962,0.053878034339846066,0.10224719101123596,0.04323612798703929,0.08288847908376201,0.033515392254220455,0.06485707422531828,0.020401657634682817,0.03998750390502968,0.0003068425897514575,0.0006134969325153375,287,0.6484778523445129,0
False,False,149.27156460625713,False,0.01330707112610286,0.00612987822769953,2.1708540743878437,0.017369199753661413,0.8367180054182103,0.016465720021182528,0.03239798391005137,0.021940332797269355,0.04293857888398234,0.02747147683090063,0.05347394540942928,0.017471535139379664,0.03434304456878256,0.0,0.0,0.0,0.0,0.0,0.0,0.0,0.0,0.0,0.0,0.0,0.0,0.0,0.0,0.0,0.0,0.0,0.0,0.0,0.0,0.0,0.0,0.0,0.0,0.0,0.0,0.0,0.0,0.0,0.0,288,0.19114798307418823,1
False,False,365.80049207183964,False,0.02400587052065842,0.005506817552602437,4.3593001386642305,0.05393670556196115,0.9562225741670687,0.012918218442710289,0.025506932756271538,0.015111585944919279,0.029773250850747838,0.01710883530898046,0.033642093579460616,0.019524240425760342,0.03830068899118452,0.023283461974613163,0.045507355175433896,0.026661919323084655,0.05193904404414615,0.03134773079859145,0.06078983811661334,0.03806362875254156,0.0733358297087882,0.047744064808911225,0.0911368843069874,0.05897114178168131,0.11137440758293839,0.06638141082783622,0.12449843958983504,0.057312570235992934,0.10841178256908594,0.04551122194513716,0.08706022659511031,0.017131062951496388,0.033685064935064936,0.0,0.0,0.0,0.0,0.0,0.0,0.0,0.0,0.0,0.0,289,0.47952646017074585,1
False,False,144.00347218036097,False,0.0,0.0029484792054624456,0.0,0.0029484792054624456,0.2363035019455253,0.0,0.0,0.0,0.0,0.0,0.0,0.0,0.0,0.0,0.0,0.0,0.0,0.0,0.0,0.0,0.0,0.0,0.0,0.0,0.0,0.0,0.0,0.0,0.0,0.0,0.0,0.0,0.0,0.0,0.0,0.0,0.0,0.0,0.0,0.0,0.0,0.0,0.0,290,0.0883055180311203,0
False,False,115.52056094046635,False,0.0002728150737623563,0.0017409605834885163,0.15670376248018933,0.0020260473606247675,0.5835464000162057,0.0,0.0,0.0,0.0,0.0,0.0,0.0,0.0,0.0,0.0,0.0,0.0,0.0,0.0,0.0,0.0,0.0,0.0,0.0,0.0,0.0,0.0,0.0,0.0,0.0,0.0,0.0,0.0,0.0,0.0,0.0,0.0,0.0,0.0,0.0,0.0,0.0,0.0,291,0.0883055180311203,0
False,False,116.1077086157504,False,0.0009513529527855005,0.0018573479205462446,0.5122104169399282,0.002587566203136452,0.6583943557719538,0.0021186739925705164,0.004228389406475074,0.0008680410650196144,0.0017345764464532915,1.8846233580218995e-05,3.7691756812785044e-05,0.0,0.0,0.0,0.0,0.0,0.0,0.0,0.0,0.0,0.0,0.0,0.0,0.0,0.0,0.0,0.0,0.0,0.0,0.0,0.0,0.0,0.0,0.0,0.0,0.0,0.0,0.0,0.0,0.0,0.0,0.0,0.0,292,0.0883055180311203,0
False,False,229.38613733179255,False,0.0002449514935229885,0.0009225092250922509,0.26552741897891957,0.0011390586382403125,0.6018775759127808,0.0,0.0,0.0,0.0,0.0,0.0,0.0,0.0,0.0,0.0,0.0,0.0,0.0,0.0,0.0,0.0,0.0,0.0,0.0,0.0,0.0,0.0,0.0,0.0,0.0,0.0,0.0,0.0,0.0,0.0,0.0,0.0,0.0,0.0,0.0,0.0,0.0,0.0,293,0.15359076857566833,0
False,False,262.77366686941826,False,0.00017268172273697522,0.0035699185116851166,0.04837133457577548,0.002741254116886371,0.40587759951671476,0.0,0.0,0.0,0.0,0.0,0.0,0.0,0.0,0.0,0.0,0.0,0.0,0.0,0.0,0.0,0.0,0.0,0.0,0.0,0.0,0.0,0.0,0.0,0.0,0.0,0.0,0.0,0.0,0.0,0.0,0.0,0.0,0.0,0.0,0.0,0.0,0.0,0.0,294,0.15359076857566833,0
False,False,204.70710783946902,False,0.0,0.0016864621771217711,0.0,0.0016864621771217711,0.18500844655568227,0.0,0.0,0.0,0.0,0.0,0.0,0.0,0.0,0.0,0.0,0.0,0.0,0.0,0.0,0.0,0.0,0.0,0.0,0.0,0.0,0.0,0.0,0.0,0.0,0.0,0.0,0.0,0.0,0.0,0.0,0.0,0.0,0.0,0.0,0.0,0.0,0.0,0.0,295,0.15359076857566833,0
False,False,308.1720298794165,False,0.00047126277326294767,0.0014558348708487085,0.32370619958307184,0.001794995195718491,0.615047249943327,0.0,0.0,0.0,0.0,0.0,0.0,0.0,0.0,0.0,0.0,0.0,0.0,0.0,0.0,0.0,0.0,0.0,0.0,0.0,0.0,0.0,0.0,0.0,0.0,0.0,0.0,0.0,0.0,0.0,0.0,0.0,0.0,0.0,0.0,0.0,0.0,0.0,0.0,296,0.15359076857566833,0
False,False,212.61467494037188,False,0.00011487999159592028,0.0008258258258258258,0.13910922618705984,0.0011749548674745056,0.6322989740367078,0.0,0.0,0.0,0.0,0.0,0.0,0.0,0.0,0.0,0.0,0.0,0.0,0.0,0.0,0.0,0.0,0.0,0.0,0.0,0.0,0.0,0.0,0.0,0.0,0.0,0.0,0.0,0.0,0.0,0.0,0.0,0.0,0.0,0.0,0.0,0.0,0.0,0.0,297,0.023308807983994484,0
False,False,120.60265337047937,False,0.0032696402491485047,0.003347570645905421,0.9767203130269299,0.004562994788562853,0.663289347862332,0.0067319630293833635,0.013373893502151334,0.00641269183389171,0.012743662487416492,0.00459251837007348,0.009143047128252016,0.0023769787083396552,0.004742684157416751,0.00016444325679870089,0.00032883243932013895,0.0,0.0,0.0,0.0,0.0,0.0,0.0,0.0,0.0,0.0,0.0,0.0,0.0,0.0,0.0,0.0,0.0,0.0,0.0,0.0,0.0,0.0,0.0,0.0,0.0,0.0,0.0,0.0,298,0.6553388833999634,0
False,False,94.06912352095134,False,0.008341984517868904,0.0031954575596816978,2.6105759072262114,0.013216442426646016,0.8897631120518239,0.0057136505113383725,0.011362380352366426,0.00718787291169451,0.014273152219188226,0.008688694554633971,0.01722770286122873,0.011480560477686615,0.02270050641856083,0.014711213722833865,0.02899586310643099,0.02018155505854493,0.03956463427215516,0.01893675061853708,0.03716962923761791,0.012559169338830356,0.024806786050895382,0.005578231292517007,0.01109457448247869,0.0009281502511465386,0.001854579174166803,0.0,0.0,0.0,0.0,0.0,0.0,0.0,0.0,0.0,0.0,0.0,0.0,0.0,0.0,0.0,0.0,0.0,0.0,299,0.6649314761161804,1
False,False,213.43383049554257,False,0.00025372603457508755,0.0018546388101983002,0.1368061711961904,0.0017819068939328346,0.49126460594203397,0.0,0.0,0.0,0.0,0.0,0.0,0.0,0.0,0.0,0.0,0.0,0.0,0.0,0.0,0.0,0.0,0.0,0.0,0.0,0.0,0.0,0.0,0.0,0.0,0.0,0.0,0.0,0.0,0.0,0.0,0.0,0.0,0.0,0.0,0.0,0.0,0.0,0.0,300,0.5895322561264038,1
False,False,234.35016535091245,False,0.000376184446975436,0.0017630597014925372,0.21337022600934782,0.0024738954791757467,0.6523564506225167,0.0,0.0,0.0,0.0,0.0,0.0,0.0,0.0,0.0,0.0,0.0,0.0,0.0,0.0,0.0,0.0,0.0,0.0,0.0,0.0,0.0,0.0,0.0,0.0,0.0,0.0,0.0,0.0,0.0,0.0,0.0,0.0,0.0,0.0,0.0,0.0,0.0,0.0,301,0.32566124200820923,1
False,False,215.82400237230334,False,0.0004107015147240025,0.0012193991097922848,0.3368064741280337,0.001232736208077203,0.5194709188232688,0.0005493667022737677,0.0010981301284202177,0.0,0.0,0.0,0.0,0.0,0.0,0.0,0.0,0.0,0.0,0.0,0.0,0.0,0.0,0.0,0.0,0.0,0.0,0.0,0.0,0.0,0.0,0.0,0.0,0.0,0.0,0.0,0.0,0.0,0.0,0.0,0.0,0.0,0.0,0.0,0.0,302,0.8055298924446106,1
False,False,9.219544457292887,True,0.02823788406417508,0.003395833333333333,8.315450521965667,0.4090068882280329,0.9979486593084312,0.007971049929091888,0.015816029497380167,0.01096978262332593,0.02170150446012515,0.013837305545533649,0.027296895606120867,0.017218158290860115,0.033853422986058826,0.02103090123217857,0.041195425538636504,0.025007671064743785,0.04879509055530609,0.030194970592321586,0.05861991458754776,0.03780806030733546,0.07286137341453874,0.04731494920174165,0.09035476718403547,0.06178923426838514,0.11638700464119957,0.07148338997916895,0.13342883454415225,0.08280416560833122,0.15294393619516772,0.09732795939692492,0.17739083117943136,0.11613822586391165,0.2081072454516438,0.14195514913999566,0.2486177311725453,0.1791701016762847,0.30389186669773943,0.2340272792534099,0.37929028504944734,0.32134056185312965,0.48638567698619917,0.4883720930232558,0.65625,303,0.894273579120636,1
False,False,349.665554494577,False,0.0,0.005513649425287356,0.0,0.005513649425287356,0.19898687085763822,0.0,0.0,0.0,0.0,0.0,0.0,0.0,0.0,0.0,0.0,0.0,0.0,0.0,0.0,0.0,0.0,0.0,0.0,0.0,0.0,0.0,0.0,0.0,0.0,0.0,0.0,0.0,0.0,0.0,0.0,0.0,0.0,0.0,0.0,0.0,0.0,0.0,0.0,304,0.6318544745445251,0
False,False,12.649110640673518,True,0.038234751157643576,0.003694315159574468,10.349618131130878,0.15822736841859494,0.9909790922517808,0.01236559887610755,0.024429117089390235,0.017940749112043915,0.035249102912313396,0.02540725921691912,0.049555450263385266,0.03540704158037279,0.06839250682771089,0.04508570848970484,0.08628136070267385,0.05286946179006839,0.10042928151830095,0.061509721165156024,0.11589101812019294,0.0712682379349046,0.13305395495023573,0.08298329132829273,0.15324943975176694,0.09740330886381067,0.17751597444089456,0.11541460878606706,0.2069447681193195,0.13712948517940718,0.24118534778433257,0.16169485084552537,0.27837749427543346,0.17294281729428174,0.29488703923900117,0.181417230226404,0.30711796913887507,0.14973464746019713,0.260468183316848,0.075199203187251,0.1398795738767948,0.008867667121418827,0.01757944557133198,0.0,0.0,305,0.7584503889083862,0
False,True,0.0,True,0.039861174458261865,0.006401209677419355,6.227131505920594,0.9213748948260618,0.9994239521027308,0.01306107947905272,0.02578537413710362,0.015395126896840527,0.030323420881267635,0.0181132173326764,0.03558193140863187,0.02165992216692249,0.04240143260387896,0.026504012597469123,0.051639374561046836,0.0328296477334148,0.06357224118316268,0.04057272304832714,0.0779815233470094,0.05394238937369681,0.10236307015936985,0.06855095932086952,0.1283063923585599,0.10146717024985473,0.1842400263765249,0.1342881861001634,0.23677966101694914,0.1764557281798661,0.2999785269486794,0.2370206990159484,0.38321217939925933,0.3161348721430188,0.4803988995873453,0.42487834549878345,0.5963713980789754,0.6001745962461807,0.7501363884342608,0.6966224366706876,0.8211873444720938,0.5007072135785007,0.6672950047125353,0.14531138153185397,0.25375,306,0.41347038745880127,1
False,False,19.0,False,0.03321336273809481,0.003444220430107527,9.643216342299528,0.2095328071109437,0.9939556314337807,0.01020889576180117,0.020211454887461892,0.013518438177874187,0.026676255051023903,0.017214708742155044,0.033846755447415874,0.0216479088509101,0.04237841366554238,0.027116402116402115,0.05280103026400515,0.03251659222774137,0.06298512289780078,0.03821437331371106,0.07361557361557361,0.04518823597656477,0.08646908646908646,0.05453654438532624,0.10343225121157804,0.0640309058030577,0.12035534955581305,0.07464545802989651,0.13892108782880072,0.08804249547920434,0.16183650150618054,0.10814938220186034,0.1951891756452017,0.1338948092127879,0.2361679551311202,0.1633176571184267,0.28077912532157295,0.19860064585575887,0.3313875168387966,0.23663332183511557,0.3827057182705718,0.2589010989010989,0.41131284916201116,0.07133995037220843,0.13317892298784018,307,0.09820593893527985,0
False,False,92.43916918709297,False,0.0012224629406350507,0.00494881156930126,0.24702151688666024,0.004724137510928775,0.5375076662555933,0.0027771736402723637,0.005538964614024258,0.000319788513196606,0.0006393725623921059,0.0,0.0,0.0,0.0,0.0,0.0,0.0,0.0,0.0,0.0,0.0,0.0,0.0,0.0,0.0,0.0,0.0,0.0,0.0,0.0,0.0,0.0,0.0,0.0,0.0,0.0,0.0,0.0,0.0,0.0,0.0,0.0,0.0,0.0,308,0.13790616393089294,0
False,False,282.9628950940388,False,0.0012520657463068257,0.0019112723214285714,0.6550954211333815,0.002684842410426093,0.6593115768522606,0.002437043054427295,0.004862236628849271,0.0,0.0,0.0,0.0,0.0,0.0,0.0,0.0,0.0,0.0,0.0,0.0,0.0,0.0,0.0,0.0,0.0,0.0,0.0,0.0,0.0,0.0,0.0,0.0,0.0,0.0,0.0,0.0,0.0,0.0,0.0,0.0,0.0,0.0,0.0,0.0,309,0.4268037676811218,0
False,False,344.28040896920055,False,0.00014083367176581757,0.0019102239884393063,0.0737262606993443,0.00164771967603931,0.4589480355217158,0.0,0.0,0.0,0.0,0.0,0.0,0.0,0.0,0.0,0.0,0.0,0.0,0.0,0.0,0.0,0.0,0.0,0.0,0.0,0.0,0.0,0.0,0.0,0.0,0.0,0.0,0.0,0.0,0.0,0.0,0.0,0.0,0.0,0.0,0.0,0.0,0.0,0.0,310,0.5446951389312744,0
False,False,226.2144999773445,False,0.004912517853532757,0.008302864107251676,0.5916654530383306,0.008554384128859388,0.5531591852720019,0.01186111111111111,0.023444148571114834,0.008271748712981204,0.016407776422457065,0.004012614909749715,0.007993156361108884,0.0,0.0,0.0,0.0,0.0,0.0,0.0,0.0,0.0,0.0,0.0,0.0,0.0,0.0,0.0,0.0,0.0,0.0,0.0,0.0,0.0,0.0,0.0,0.0,0.0,0.0,0.0,0.0,0.0,0.0,0.0,0.0,311,0.5781840682029724,0
False,False,15.811388300841896,False,0.08410144932916072,0.007632372654155496,11.019043898933724,0.31290167291606474,0.9913518663041064,0.023148559885146552,0.045249655412201516,0.042635840314503674,0.0817847203519167,0.061091738197424895,0.11514883397585793,0.08463789659497375,0.15606664096963468,0.11347782760338815,0.20382593131222732,0.12817446359479423,0.22722454324374883,0.14389511925446216,0.2515879591273129,0.16192676857447566,0.2787211258987303,0.18311557788944724,0.309548080190282,0.20887309411899577,0.34556661925082977,0.23729481286933685,0.38357036722564214,0.2560024009603842,0.4076463560334528,0.267786730670324,0.422447599729547,0.2793971842157446,0.4367637941723497,0.2815511702615879,0.43939122649955237,0.27773343974461295,0.43472829481574016,0.26895697926338596,0.42390243902439023,0.2430406852248394,0.39104220499569337,0.06497752349816101,0.12202609363008442,312,0.6579563617706299,1
False,True,0.0,True,0.07818474471631053,0.007239856020942409,10.799212648725195,0.7466150005518009,0.9973470396769807,0.02729417570047341,0.05313799366547081,0.035905550146056474,0.06932205381271296,0.043831410034173644,0.08398178022395142,0.053877998295385365,0.10224712610478887,0.06337271750805586,0.1191919191919192,0.0742543105256534,0.1382434490568985,0.08775409023301933,0.16134913400182316,0.10291894406326317,0.18663011387600167,0.11867247737177339,0.21216661672160622,0.13736903376018628,0.24155578300921188,0.16051509930171398,0.2766273345315308,0.18940609951845908,0.3184885290148448,0.22771130837514472,0.37095253065073874,0.281981838457862,0.43991549645830746,0.352773826458037,0.5215562565720294,0.44149933065595715,0.612555720653789,0.46872852233676976,0.6382779597566682,0.44339622641509435,0.6143790849673203,0.2679266259032796,0.42262165716790884,313,0.8549507856369019,1
False,False,42.04759208325728,False,0.008921419902136008,0.0078125,1.141941747473409,0.014752873920632311,0.763271728783902,0.015570729396905588,0.030663997979052098,0.014023364144087018,0.027658858049930252,0.010746234530852553,0.021263961543899337,0.006658715961041542,0.013229341494718137,0.0028519279032626055,0.005687635081333181,0.00048241382334882906,0.0009643624249331521,0.0,0.0,0.0,0.0,0.0,0.0,0.0,0.0,0.0,0.0,0.0,0.0,0.0,0.0,0.0,0.0,0.0,0.0,0.0,0.0,0.0,0.0,0.0,0.0,0.0,0.0,314,0.18220920860767365,0
False,False,296.0439156611735,False,0.011916301465944523,0.006179775280898876,1.9282742372164774,0.01778468259307941,0.8433038858456313,0.02462032349672799,0.04805745685915357,0.024457029062169393,0.04774632486939619,0.019448144624167458,0.03815425968789666,0.009887005649717515,0.019580419580419582,0.00017516202487300754,0.0003502626970227671,0.0,0.0,0.0,0.0,0.0,0.0,0.0,0.0,0.0,0.0,0.0,0.0,0.0,0.0,0.0,0.0,0.0,0.0,0.0,0.0,0.0,0.0,0.0,0.0,0.0,0.0,0.0,0.0,315,0.3979245722293854,0
False,False,29.427877939124322,False,0.008600938391063198,0.0027016129032258066,3.183630926841303,0.01590639894124382,0.9229008912197191,0.004589355435303788,0.009136778944497477,0.005388071854361222,0.010718392241163825,0.006195457435126857,0.012314620165190521,0.006871002063864426,0.013648227130944044,0.007619155922614394,0.015123086689708683,0.008586303564277132,0.017026413176410793,0.01027902962891936,0.020348892390045746,0.013022984595947324,0.025711133496426345,0.015769807879019684,0.031049963794351917,0.018707898502670062,0.0367286805769692,0.022027699009575474,0.043105874783867466,0.02399377038010415,0.046863117870722434,0.020613138686131387,0.04039363771598581,0.012889901723401225,0.02545173310834564,0.002474591250552364,0.004936965529401393,0.0,0.0,0.0,0.0,0.0,0.0,0.0,0.0,316,0.7424423098564148,1
False,False,7.0,True,0.10939908292499574,0.012117635951661631,9.028087934098597,0.3178065618880702,0.9856029580774124,0.03826146577037159,0.0737029486921818,0.05547032002938825,0.10511014658914093,0.07122641509433962,0.1329810656098635,0.09475471558820273,0.17310675028660058,0.12579017003969226,0.2234700095760425,0.15868207949558014,0.2739009816474605,0.180622009569378,0.3059777102330294,0.2012792166771952,0.3351081312035759,0.22193582792640654,0.36325283677625836,0.23970411835265892,0.3867118206740848,0.2556484410302756,0.4071974808816914,0.2642520086723632,0.4180369212145667,0.27207915029826857,0.42777078805901864,0.27801038352034835,0.4350674878783908,0.27344807580738734,0.42946089597570236,0.2553614857395534,0.4068333920394505,0.22033049574361543,0.36109971276159214,0.16619156214367162,0.28501588853581034,0.05457516339869281,0.10350170436938333,317,0.6442514061927795,1
False,False,19.0,False,0.04622658080336033,0.0059221311475409835,7.805734059529358,0.24622922338753028,0.9884037956575182,0.014247682902780516,0.028095076070577943,0.01919341181158578,0.03766392441150118,0.024852732510641958,0.04850010488777009,0.0340771747781741,0.06590837823199065,0.04618088846276766,0.08828471055445242,0.05696264905883512,0.10778554778554779,0.07012435547467395,0.1310583300266425,0.08530106257378985,0.1571933641555616,0.0978582917125201,0.1782712622407279,0.10953193102141368,0.19743808710503843,0.1265767247998245,0.2247103495277967,0.1436210847975554,0.2511690046760187,0.15728355137439365,0.2718150641432745,0.1726434426229508,0.2944517256443862,0.19020639417239985,0.31961917715062904,0.19985048592075755,0.3331256490134995,0.19512956603184514,0.3265412748171369,0.17459660736450144,0.29728777738640366,0.1385359951603146,0.24335812964930925,318,0.6211805939674377,1
