peak_in_padding,pointing_hit,peak_dist_px,pointing_hit_tol,energy_concentration,chance_rate,concentration_ratio,pixel_ap,pixel_auroc,iou@0.05,dice@0.05,iou@0.10,dice@0.10,iou@0.15,dice@0.15,iou@0.20,dice@0.20,iou@0.25,dice@0.25,iou@0.30,dice@0.30,iou@0.35,dice@0.35,iou@0.40,dice@0.40,iou@0.45,dice@0.45,iou@0.50,dice@0.50,iou@0.55,dice@0.55,iou@0.60,dice@0.60,iou@0.65,dice@0.65,iou@0.70,dice@0.70,iou@0.75,dice@0.75,iou@0.80,dice@0.80,iou@0.85,dice@0.85,iou@0.90,dice@0.90,iou@0.95,dice@0.95,row_idx,prob_malignant,label
False,False,288.3400769924292,False,0.005961199715937774,0.02784276832460733,0.21410226333957205,0.019447584763952985,0.3214764190625263,0.009789380005932958,0.019388954171562868,0.001548666101744441,0.0030925428871513595,0.0,0.0,0.0,0.0,0.0,0.0,0.0,0.0,0.0,0.0,0.0,0.0,0.0,0.0,0.0,0.0,0.0,0.0,0.0,0.0,0.0,0.0,0.0,0.0,0.0,0.0,0.0,0.0,0.0,0.0,0.0,0.0,0.0,0.0,0,0.5039529204368591,1
False,False,16.0,False,0.034991483865388105,0.026399101307189542,1.3254801160923804,0.03465425636752238,0.60309104815114,0.03239649618980281,0.06275979492252523,0.03612431779615673,0.06972969782813976,0.02968561207325452,0.057659564677189266,0.028215006420840214,0.05488153011704253,0.026485955201489834,0.05160510003527692,0.024801250254807367,0.04840206869115502,0.02231461055489564,0.043655075109967634,0.018622555139409074,0.03656419160453478,0.01401982112642011,0.02765196662693683,0.008981640470215295,0.017803377405419558,0.00487397298426403,0.009700665188470067,0.0018648687419308564,0.0037227949599083618,0.00029437739181630853,0.0005885815185403178,0.0,0.0,0.0,0.0,0.0,0.0,0.0,0.0,0.0,0.0,0.0,0.0,1,0.5295574069023132,1
False,False,241.5719354560873,False,0.00020173079883210486,0.0007264760147601476,0.27768404563047827,0.000685548255701231,0.48467209987341076,0.0,0.0,0.0,0.0,0.0,0.0,0.0,0.0,0.0,0.0,0.0,0.0,0.0,0.0,0.0,0.0,0.0,0.0,0.0,0.0,0.0,0.0,0.0,0.0,0.0,0.0,0.0,0.0,0.0,0.0,0.0,0.0,0.0,0.0,0.0,0.0,0.0,0.0,2,0.6759384274482727,0
False,False,122.57650672131263,False,8.017658774368448e-05,0.0004515105078809107,0.1775741346972852,0.0003975706344908654,0.4547853227135959,0.0,0.0,0.0,0.0,0.0,0.0,0.0,0.0,0.0,0.0,0.0,0.0,0.0,0.0,0.0,0.0,0.0,0.0,0.0,0.0,0.0,0.0,0.0,0.0,0.0,0.0,0.0,0.0,0.0,0.0,0.0,0.0,0.0,0.0,0.0,0.0,0.0,0.0,3,0.17067791521549225,0
False,False,155.46382215808282,False,0.0022019764880161757,0.011255837711617046,0.1956297296063123,0.009174444469160293,0.4372274847003433,0.00028845807141741084,0.0005767497747071193,0.0,0.0,0.0,0.0,0.0,0.0,0.0,0.0,0.0,0.0,0.0,0.0,0.0,0.0,0.0,0.0,0.0,0.0,0.0,0.0,0.0,0.0,0.0,0.0,0.0,0.0,0.0,0.0,0.0,0.0,0.0,0.0,0.0,0.0,0.0,0.0,4,0.17067791521549225,0
False,False,301.50456049618884,False,0.0,0.00048491379310344827,0.0,0.00048491379310344827,0.1203618852532658,0.0,0.0,0.0,0.0,0.0,0.0,0.0,0.0,0.0,0.0,0.0,0.0,0.0,0.0,0.0,0.0,0.0,0.0,0.0,0.0,0.0,0.0,0.0,0.0,0.0,0.0,0.0,0.0,0.0,0.0,0.0,0.0,0.0,0.0,0.0,0.0,0.0,0.0,5,0.28266847133636475,0
False,False,149.21796138535066,False,0.005424849436295284,0.008463541666666666,0.640966825703812,0.009604515844978128,0.591869205851747,0.010729475447866994,0.02123115177404444,0.0002844275894761792,0.000568693426851808,0.0,0.0,0.0,0.0,0.0,0.0,0.0,0.0,0.0,0.0,0.0,0.0,0.0,0.0,0.0,0.0,0.0,0.0,0.0,0.0,0.0,0.0,0.0,0.0,0.0,0.0,0.0,0.0,0.0,0.0,0.0,0.0,0.0,0.0,6,0.28266847133636475,0
False,False,268.4026825499328,False,0.0006796792284264408,0.005104347511574074,0.13315692689129663,0.003848117912599682,0.34546045628861727,0.0006260540706291204,0.0012513247443083878,0.0,0.0,0.0,0.0,0.0,0.0,0.0,0.0,0.0,0.0,0.0,0.0,0.0,0.0,0.0,0.0,0.0,0.0,0.0,0.0,0.0,0.0,0.0,0.0,0.0,0.0,0.0,0.0,0.0,0.0,0.0,0.0,0.0,0.0,0.0,0.0,7,0.3387489914894104,0
False,False,181.46625030566977,False,0.016241377054887995,0.00892920197740113,1.8189057763496905,0.016443455534986065,0.6943996391004863,0.01723698507022227,0.03388981195769707,0.023259616563790213,0.045461808884627676,0.022784582132564842,0.04455401954741569,0.01126413717621306,0.022277339346110484,0.0,0.0,0.0,0.0,0.0,0.0,0.0,0.0,0.0,0.0,0.0,0.0,0.0,0.0,0.0,0.0,0.0,0.0,0.0,0.0,0.0,0.0,0.0,0.0,0.0,0.0,0.0,0.0,0.0,0.0,8,0.25545480847358704,0
False,False,24.08318915758459,False,0.0026432296042520577,0.0007766812865497076,3.4032358575217083,0.0035409056025148583,0.8693985589297675,0.003744420812988647,0.007460904858541244,0.005087687795534806,0.010123868508813721,0.004096535755632737,0.008159645232815965,0.002082312591866732,0.004155971152670823,0.00016744809109176155,0.0003348401138456387,0.0,0.0,0.0,0.0,0.0,0.0,0.0,0.0,0.0,0.0,0.0,0.0,0.0,0.0,0.0,0.0,0.0,0.0,0.0,0.0,0.0,0.0,0.0,0.0,0.0,0.0,0.0,0.0,9,0.16422609984874725,0
False,False,13.45362404707371,True,0.009617145132738125,0.000849780701754386,11.317208207815703,0.023666633240693156,0.983263180812076,0.005579218909352691,0.011096527860637155,0.011189989170978222,0.022132317943836268,0.01674921206663665,0.032946594632893456,0.022197281456540714,0.04343052336220569,0.025865022267899964,0.050425780597762565,0.027902577441475528,0.05429031515988038,0.027992277992277992,0.054460093896713614,0.024463519313304722,0.04775869291998324,0.018408229561451002,0.03615098351940457,0.007807417046193884,0.015493867010974823,0.0,0.0,0.0,0.0,0.0,0.0,0.0,0.0,0.0,0.0,0.0,0.0,0.0,0.0,0.0,0.0,0.0,0.0,10,0.16422609984874725,0
False,False,222.31958978011812,False,0.001220483609260515,0.0007681354916067146,1.5888910518997377,0.0016306527375018972,0.7810391548358626,0.0018772021024663548,0.00374736963477559,0.0019355513705796193,0.0038636244974677597,0.0011287591711682658,0.0022549730208585007,0.0,0.0,0.0,0.0,0.0,0.0,0.0,0.0,0.0,0.0,0.0,0.0,0.0,0.0,0.0,0.0,0.0,0.0,0.0,0.0,0.0,0.0,0.0,0.0,0.0,0.0,0.0,0.0,0.0,0.0,0.0,0.0,11,0.35894763469696045,0
False,False,217.84857125994654,False,0.011426803900624019,0.001259929556354916,9.069399033452902,0.0412119199114285,0.9867353792171107,0.003886272356901384,0.0077424554233165915,0.007052592942163495,0.014006404415401838,0.010903931901094446,0.021572637234853042,0.01530234939416349,0.030143433437920215,0.022123529895550623,0.04328934663662697,0.028937177280550775,0.056246732880292735,0.036678483774202346,0.07076154149677759,0.0452557200538358,0.08659262835989055,0.05584605731018615,0.10578446909667195,0.05503875968992248,0.10433504775900074,0.04589528118939883,0.08776266996291718,0.027250206440957887,0.05305466237942122,0.002185792349726776,0.004362050163576881,0.0,0.0,0.0,0.0,0.0,0.0,0.0,0.0,0.0,0.0,0.0,0.0,12,0.35894763469696045,0
False,False,324.6783023240081,False,0.04572371185768692,0.013072115384615385,3.4978050998156967,0.06687601358033231,0.9161028278178615,0.05142803101948175,0.0978251092842109,0.0802514674279116,0.14857923335015885,0.08339671603060266,0.1539541606442288,0.07084950902032427,0.1323239323985712,0.04586648218609478,0.08771001455218945,0.02336647123799813,0.04566589173032215,0.0,0.0,0.0,0.0,0.0,0.0,0.0,0.0,0.0,0.0,0.0,0.0,0.0,0.0,0.0,0.0,0.0,0.0,0.0,0.0,0.0,0.0,0.0,0.0,0.0,0.0,13,0.5279190540313721,1
False,False,364.0054944640259,False,0.0033461730607241653,0.008996478873239436,0.3719425241666,0.008460953673101035,0.5119316621493377,0.005037196948051261,0.0100239015299085,0.00045229085317131267,0.0009041727572748233,0.0,0.0,0.0,0.0,0.0,0.0,0.0,0.0,0.0,0.0,0.0,0.0,0.0,0.0,0.0,0.0,0.0,0.0,0.0,0.0,0.0,0.0,0.0,0.0,0.0,0.0,0.0,0.0,0.0,0.0,0.0,0.0,0.0,0.0,14,0.678318202495575,1
False,False,135.15176654413364,False,0.0,0.007845833333333333,0.0,0.007845833333333333,0.1657777479138407,0.0,0.0,0.0,0.0,0.0,0.0,0.0,0.0,0.0,0.0,0.0,0.0,0.0,0.0,0.0,0.0,0.0,0.0,0.0,0.0,0.0,0.0,0.0,0.0,0.0,0.0,0.0,0.0,0.0,0.0,0.0,0.0,0.0,0.0,0.0,0.0,0.0,0.0,15,0.2098916471004486,0
False,False,104.00480758118829,False,0.0003862547484213642,0.006676509186351706,0.05785279966527362,0.00502691043182308,0.30164478553338314,0.0,0.0,0.0,0.0,0.0,0.0,0.0,0.0,0.0,0.0,0.0,0.0,0.0,0.0,0.0,0.0,0.0,0.0,0.0,0.0,0.0,0.0,0.0,0.0,0.0,0.0,0.0,0.0,0.0,0.0,0.0,0.0,0.0,0.0,0.0,0.0,0.0,0.0,16,0.6070696115493774,0
False,False,214.2265156324025,False,0.00025756029723596235,0.00586314308681672,0.04392870742231872,0.004078843779681178,0.2790797764906733,0.0,0.0,0.0,0.0,0.0,0.0,0.0,0.0,0.0,0.0,0.0,0.0,0.0,0.0,0.0,0.0,0.0,0.0,0.0,0.0,0.0,0.0,0.0,0.0,0.0,0.0,0.0,0.0,0.0,0.0,0.0,0.0,0.0,0.0,0.0,0.0,0.0,0.0,17,0.2698211073875427,1
False,False,292.04965331258313,False,0.00012505071114951198,0.0004559608540925267,0.27425755967229554,0.0004290055188264652,0.47095424227531923,0.0,0.0,0.0,0.0,0.0,0.0,0.0,0.0,0.0,0.0,0.0,0.0,0.0,0.0,0.0,0.0,0.0,0.0,0.0,0.0,0.0,0.0,0.0,0.0,0.0,0.0,0.0,0.0,0.0,0.0,0.0,0.0,0.0,0.0,0.0,0.0,0.0,0.0,18,0.6202494502067566,0
False,True,0.0,True,0.8251890119768939,0.3085480385638298,2.6744263739864476,0.6616891927656324,0.7289530487245484,0.36461742059672764,0.5343877560016574,0.29635805062493437,0.45721635389554494,0.23594280174503152,0.3818021374644573,0.19632587644278038,0.3282147119086754,0.16547024202346158,0.2839544692898827,0.13985373540384383,0.24538891448961989,0.1188972242050398,0.21252572914284337,0.10072862934180932,0.18302173061863744,0.0854152917884416,0.15738730131156084,0.07138143274656898,0.13325120366063684,0.05909843903621598,0.11160140900593868,0.04787943271963259,0.09138347642794716,0.03792643671968646,0.07308116525011354,0.02926638742609328,0.05686844102483578,0.021158534121671672,0.041440253231337376,0.013953049872725559,0.027522082752208275,0.007892362186696117,0.01566112113315962,0.003596008027044135,0.007166246175318053,0.000996646419480397,0.001991308208764447,19,0.8922063708305359,1
False,True,0.0,True,0.8507666794959214,0.4028679653679654,2.1117754515896077,0.7229592062766181,0.7641347623704089,0.2901078431372549,0.44974200363246725,0.21082700841939364,0.34823638216429603,0.17100402955003358,0.29206394723636103,0.1434058092679651,0.2508397422954792,0.12240807588985897,0.21811688372397417,0.10398127938213567,0.18837507723016966,0.08748530893216924,0.16089469570503603,0.07256338146406985,0.1353083327626185,0.0583025520483546,0.11018125570142387,0.04390530557421088,0.08411741053478086,0.026653794492948288,0.05192362729465636,0.019098388179986568,0.03748095061575847,0.015394140362659504,0.030321507187664708,0.011889271323035595,0.023499154818571177,0.008835627938213566,0.017516486717010962,0.006107286769644057,0.012140428461169403,0.003630792478173271,0.007235315028962171,0.001616017461383479,0.0032268203247773704,0.00046171927468099396,0.0009230123767568701,20,0.8177757859230042,1
False,False,342.37406443829826,False,9.059005012305206e-05,0.006192333040421793,0.014629389203020237,0.005030563889495886,0.23901011768161923,0.0,0.0,0.0,0.0,0.0,0.0,0.0,0.0,0.0,0.0,0.0,0.0,0.0,0.0,0.0,0.0,0.0,0.0,0.0,0.0,0.0,0.0,0.0,0.0,0.0,0.0,0.0,0.0,0.0,0.0,0.0,0.0,0.0,0.0,0.0,0.0,0.0,0.0,21,0.06808984279632568,1
False,False,30.4138126514911,False,0.012268520656760222,0.029440789473684212,0.41671846700057064,0.025831210346818144,0.3401668837518015,0.024283194552688788,0.047415001401625884,0.019718086791257524,0.03867360410033393,0.0038972770680087755,0.007764294529000412,0.00041402592439249657,0.0008277091557366611,0.0,0.0,0.0,0.0,0.0,0.0,0.0,0.0,0.0,0.0,0.0,0.0,0.0,0.0,0.0,0.0,0.0,0.0,0.0,0.0,0.0,0.0,0.0,0.0,0.0,0.0,0.0,0.0,0.0,0.0,22,0.5920592546463013,1
False,False,27.730849247724095,False,0.024350261191674043,0.024223694620253165,1.0052249078187707,0.02391243492244785,0.39033890820342554,0.019987369011976047,0.03919140495109674,0.026217745273906443,0.05109587199139438,0.029086942689633234,0.05652961180055646,0.02999350534333117,0.05824018343364861,0.030162932030871333,0.0585595367354325,0.028605981673566212,0.05562087365469838,0.0249690830928685,0.048721631715024416,0.01173742935806405,0.02320252076768834,0.0016118921823229156,0.003218596334376397,0.0,0.0,0.0,0.0,0.0,0.0,0.0,0.0,0.0,0.0,0.0,0.0,0.0,0.0,0.0,0.0,0.0,0.0,0.0,0.0,23,0.7239462733268738,1
False,False,208.90428430264421,False,0.008148013473705907,0.014294563093243997,0.570007870863635,0.014096215126537782,0.5415536536066108,0.013395312719075918,0.026436500250103766,0.002618567432177477,0.00522345689025874,0.0,0.0,0.0,0.0,0.0,0.0,0.0,0.0,0.0,0.0,0.0,0.0,0.0,0.0,0.0,0.0,0.0,0.0,0.0,0.0,0.0,0.0,0.0,0.0,0.0,0.0,0.0,0.0,0.0,0.0,0.0,0.0,0.0,0.0,24,0.4022582471370697,0
False,False,182.48561587149823,False,0.08035690876542545,0.03783854166666667,2.1236788001323723,0.08073931739549724,0.7432658097581951,0.09102735998088386,0.1668654028666683,0.10736498152720791,0.19391074003286055,0.093248629795715,0.1705899778957683,0.052795442501324855,0.10029572767885232,0.025017680339462518,0.0488141440275981,0.0034587116299178555,0.006893580353295993,0.0,0.0,0.0,0.0,0.0,0.0,0.0,0.0,0.0,0.0,0.0,0.0,0.0,0.0,0.0,0.0,0.0,0.0,0.0,0.0,0.0,0.0,0.0,0.0,0.0,0.0,25,0.21385224163532257,0
False,False,145.3994497926316,False,0.00013136818497527892,0.0023125,0.05680786377309359,0.001792304841588195,0.3922740087849176,0.0,0.0,0.0,0.0,0.0,0.0,0.0,0.0,0.0,0.0,0.0,0.0,0.0,0.0,0.0,0.0,0.0,0.0,0.0,0.0,0.0,0.0,0.0,0.0,0.0,0.0,0.0,0.0,0.0,0.0,0.0,0.0,0.0,0.0,0.0,0.0,0.0,0.0,26,0.4965265691280365,0
False,False,180.61284561182242,False,0.006711518964772978,0.0021875,3.0681229553247897,0.008789310839831345,0.8830717351367194,0.006366943866943867,0.012653324725629439,0.008803844944526793,0.017454027338706088,0.011361660193611964,0.022468046082421048,0.01403006442376521,0.027671890441903147,0.013842723103462785,0.027307436918990704,0.00629145532579009,0.012504240779334076,0.0019927123662035985,0.003977498721518268,0.0,0.0,0.0,0.0,0.0,0.0,0.0,0.0,0.0,0.0,0.0,0.0,0.0,0.0,0.0,0.0,0.0,0.0,0.0,0.0,0.0,0.0,0.0,0.0,27,0.6620161533355713,0
False,False,36.013886210738214,False,0.014296695907368054,0.0029102782509937536,4.912484193731735,0.027014277814969026,0.9442355948540354,0.007196138657305836,0.014289448462141675,0.011102272919593143,0.021960731801215206,0.01654066670049216,0.032543049663089595,0.021436495723436998,0.041973232429402284,0.023856081345326553,0.04660045836516425,0.02536660663750965,0.04947812123645123,0.028104872812439008,0.0546731633234196,0.030916575653196672,0.059978811832776466,0.03226151052238009,0.06250646797060955,0.03303386316516931,0.06395504415306395,0.031222745508459795,0.060554803788903926,0.024811696942844484,0.04842196281884998,0.017795637198622274,0.03496897913141568,0.004136893569010906,0.008239700374531835,0.0,0.0,0.0,0.0,0.0,0.0,0.0,0.0,0.0,0.0,28,0.7959727048873901,1
False,False,291.48070262025925,False,0.0,0.002656953828828829,0.0,0.002656953828828829,0.13896190963462185,0.0,0.0,0.0,0.0,0.0,0.0,0.0,0.0,0.0,0.0,0.0,0.0,0.0,0.0,0.0,0.0,0.0,0.0,0.0,0.0,0.0,0.0,0.0,0.0,0.0,0.0,0.0,0.0,0.0,0.0,0.0,0.0,0.0,0.0,0.0,0.0,0.0,0.0,29,0.23386622965335846,1
False,False,367.8654645383282,False,0.0,0.002043269230769231,0.0,0.002043269230769231,0.14632149914577952,0.0,0.0,0.0,0.0,0.0,0.0,0.0,0.0,0.0,0.0,0.0,0.0,0.0,0.0,0.0,0.0,0.0,0.0,0.0,0.0,0.0,0.0,0.0,0.0,0.0,0.0,0.0,0.0,0.0,0.0,0.0,0.0,0.0,0.0,0.0,0.0,0.0,0.0,30,0.36362317204475403,0
False,False,311.8012187275733,False,0.0003882426464728206,0.0010699632144878324,0.36285606945717636,0.001041923949145912,0.5077565254008576,0.0,0.0,0.0,0.0,0.0,0.0,0.0,0.0,0.0,0.0,0.0,0.0,0.0,0.0,0.0,0.0,0.0,0.0,0.0,0.0,0.0,0.0,0.0,0.0,0.0,0.0,0.0,0.0,0.0,0.0,0.0,0.0,0.0,0.0,0.0,0.0,0.0,0.0,31,0.48522093892097473,0
False,False,181.60396471443016,False,0.0008405040098953245,0.0014887225969645868,0.5645806758149975,0.0017568193836571282,0.5991088973432828,0.0,0.0,0.0,0.0,0.0,0.0,0.0,0.0,0.0,0.0,0.0,0.0,0.0,0.0,0.0,0.0,0.0,0.0,0.0,0.0,0.0,0.0,0.0,0.0,0.0,0.0,0.0,0.0,0.0,0.0,0.0,0.0,0.0,0.0,0.0,0.0,0.0,0.0,32,0.6393171548843384,1
False,False,60.8276253029822,False,0.01032691130709109,0.0014980490523968785,6.89357353857541,0.02226063986031146,0.9700264108792193,0.006624557079032507,0.013161922252831344,0.015178926002735736,0.029903942278437,0.02274530547474213,0.04447892423066977,0.030868628858578606,0.05988857938718663,0.02971561230412072,0.05771615375944088,0.024432557467110018,0.04769968952864804,0.017053206002728513,0.0335345405767941,0.009822804314329739,0.019454510776273127,0.0026109660574412533,0.005208333333333333,0.0,0.0,0.0,0.0,0.0,0.0,0.0,0.0,0.0,0.0,0.0,0.0,0.0,0.0,0.0,0.0,0.0,0.0,0.0,0.0,33,0.7445791363716125,1
False,False,364.58880948268285,False,0.0010209104798522975,0.000792572463768116,1.28809733686507,0.00146983270983753,0.7476753535455731,0.0020903582226978064,0.00417199548033823,0.0012330946698488464,0.0024631520400460846,0.0,0.0,0.0,0.0,0.0,0.0,0.0,0.0,0.0,0.0,0.0,0.0,0.0,0.0,0.0,0.0,0.0,0.0,0.0,0.0,0.0,0.0,0.0,0.0,0.0,0.0,0.0,0.0,0.0,0.0,0.0,0.0,0.0,0.0,34,0.7149133086204529,1
False,False,133.00375934536586,False,0.00021816577412663412,0.0005199809056192035,0.4195649720384213,0.0005047207918274724,0.4933772105267794,0.0,0.0,0.0,0.0,0.0,0.0,0.0,0.0,0.0,0.0,0.0,0.0,0.0,0.0,0.0,0.0,0.0,0.0,0.0,0.0,0.0,0.0,0.0,0.0,0.0,0.0,0.0,0.0,0.0,0.0,0.0,0.0,0.0,0.0,0.0,0.0,0.0,0.0,35,0.7543167471885681,1
False,False,294.7168132292421,False,0.0024564737346998524,0.001962230477855478,1.2518782897432787,0.003988898375352948,0.7687992458118739,0.005985640586011053,0.011900051739355388,0.0015279013021367814,0.0030511407623297964,0.0,0.0,0.0,0.0,0.0,0.0,0.0,0.0,0.0,0.0,0.0,0.0,0.0,0.0,0.0,0.0,0.0,0.0,0.0,0.0,0.0,0.0,0.0,0.0,0.0,0.0,0.0,0.0,0.0,0.0,0.0,0.0,0.0,0.0,36,0.09353664517402649,0
False,False,121.6552506059644,False,0.01514742872139326,0.002456253585771658,6.1668830975505875,0.03073299216894494,0.9642089383752903,0.011555817974779638,0.02284761309151553,0.02104777999692733,0.04122780619921757,0.033711593337315014,0.06522436926237402,0.03867343631846171,0.07446697867914717,0.024571327558776737,0.04796411318150449,0.0,0.0,0.0,0.0,0.0,0.0,0.0,0.0,0.0,0.0,0.0,0.0,0.0,0.0,0.0,0.0,0.0,0.0,0.0,0.0,0.0,0.0,0.0,0.0,0.0,0.0,0.0,0.0,37,0.06291202455759048,0
False,False,218.28421839427605,False,0.0,0.00013065888119953863,0.0,0.00013065888119953863,0.24272157460019916,0.0,0.0,0.0,0.0,0.0,0.0,0.0,0.0,0.0,0.0,0.0,0.0,0.0,0.0,0.0,0.0,0.0,0.0,0.0,0.0,0.0,0.0,0.0,0.0,0.0,0.0,0.0,0.0,0.0,0.0,0.0,0.0,0.0,0.0,0.0,0.0,0.0,0.0,38,0.030554207041859627,0
False,False,299.5880504960103,False,0.00012497175983733206,0.0004370314302191465,0.2859560004063456,0.0005010006784270544,0.5908515290589865,0.0,0.0,0.0,0.0,0.0,0.0,0.0,0.0,0.0,0.0,0.0,0.0,0.0,0.0,0.0,0.0,0.0,0.0,0.0,0.0,0.0,0.0,0.0,0.0,0.0,0.0,0.0,0.0,0.0,0.0,0.0,0.0,0.0,0.0,0.0,0.0,0.0,0.0,39,0.030554207041859627,0
False,False,198.600100704909,False,0.00010803981623845259,0.00019273522662076879,0.5605608177224123,0.000314595322048053,0.691025595980993,0.0,0.0,0.0,0.0,0.0,0.0,0.0,0.0,0.0,0.0,0.0,0.0,0.0,0.0,0.0,0.0,0.0,0.0,0.0,0.0,0.0,0.0,0.0,0.0,0.0,0.0,0.0,0.0,0.0,0.0,0.0,0.0,0.0,0.0,0.0,0.0,0.0,0.0,40,0.08070775866508484,0
False,False,154.8418548067673,False,6.402398414883567e-05,0.0007216365461847389,0.08872054012137785,0.0006440720136036874,0.4904588736619111,0.0,0.0,0.0,0.0,0.0,0.0,0.0,0.0,0.0,0.0,0.0,0.0,0.0,0.0,0.0,0.0,0.0,0.0,0.0,0.0,0.0,0.0,0.0,0.0,0.0,0.0,0.0,0.0,0.0,0.0,0.0,0.0,0.0,0.0,0.0,0.0,0.0,0.0,41,0.08070775866508484,0
False,False,358.77569594385847,False,0.014257387210136275,0.018043785310734462,0.7901550015480613,0.019827695726942332,0.5863029294603198,0.0266859822347604,0.05198470164494449,0.015008282401325184,0.029572728935409895,0.004858496295396575,0.009670010878762238,0.0,0.0,0.0,0.0,0.0,0.0,0.0,0.0,0.0,0.0,0.0,0.0,0.0,0.0,0.0,0.0,0.0,0.0,0.0,0.0,0.0,0.0,0.0,0.0,0.0,0.0,0.0,0.0,0.0,0.0,0.0,0.0,42,0.6779555082321167,1
False,False,499.84197502810827,False,0.0066553930441232215,0.003530966767371601,1.8848642546351113,0.01040762333103563,0.8412467164632376,0.012781954887218045,0.025241276911655532,0.016419714165615804,0.03230892501744682,0.003636734416423085,0.007247113007551898,0.0,0.0,0.0,0.0,0.0,0.0,0.0,0.0,0.0,0.0,0.0,0.0,0.0,0.0,0.0,0.0,0.0,0.0,0.0,0.0,0.0,0.0,0.0,0.0,0.0,0.0,0.0,0.0,0.0,0.0,0.0,0.0,43,0.47372937202453613,1
False,False,212.60291625469299,False,0.0005664138333990649,0.0009539072039072039,0.5937829498289078,0.0009854440784958687,0.5432994810564106,0.00110037517553604,0.0021983313618139373,0.0,0.0,0.0,0.0,0.0,0.0,0.0,0.0,0.0,0.0,0.0,0.0,0.0,0.0,0.0,0.0,0.0,0.0,0.0,0.0,0.0,0.0,0.0,0.0,0.0,0.0,0.0,0.0,0.0,0.0,0.0,0.0,0.0,0.0,0.0,0.0,44,0.3157069981098175,1
False,False,204.00980368599937,False,0.0010092542351124252,0.0005961920024420025,1.692834239604892,0.0013004100101776607,0.7872172340232606,0.001311275923925016,0.002619117462179944,0.001923520812495191,0.0038396559668253723,0.001269125008813368,0.0025350327441729455,0.0,0.0,0.0,0.0,0.0,0.0,0.0,0.0,0.0,0.0,0.0,0.0,0.0,0.0,0.0,0.0,0.0,0.0,0.0,0.0,0.0,0.0,0.0,0.0,0.0,0.0,0.0,0.0,0.0,0.0,0.0,0.0,45,0.3157069981098175,1
False,False,175.72706109191037,False,1.2470872219235147e-05,0.0010012409747292418,0.0124554153635268,0.0007503942973109166,0.3351608074499708,0.0,0.0,0.0,0.0,0.0,0.0,0.0,0.0,0.0,0.0,0.0,0.0,0.0,0.0,0.0,0.0,0.0,0.0,0.0,0.0,0.0,0.0,0.0,0.0,0.0,0.0,0.0,0.0,0.0,0.0,0.0,0.0,0.0,0.0,0.0,0.0,0.0,0.0,46,0.20516355335712433,1
False,False,150.81445554057476,False,0.00021698379358570715,0.0006862966305655837,0.31616619391951367,0.0006491893063152718,0.5051761155790908,0.0005173360361501753,0.0010341370759246557,0.0,0.0,0.0,0.0,0.0,0.0,0.0,0.0,0.0,0.0,0.0,0.0,0.0,0.0,0.0,0.0,0.0,0.0,0.0,0.0,0.0,0.0,0.0,0.0,0.0,0.0,0.0,0.0,0.0,0.0,0.0,0.0,0.0,0.0,0.0,0.0,47,0.20516355335712433,1
True,False,346.2831211595506,False,0.01306085911078187,0.007679503020318506,1.7007427533038686,0.016171122018740543,0.7715989073758195,0.020394472024688044,0.03997370151216305,0.012137490225410533,0.02398387638562311,0.00010605016172649663,0.00021207783256455118,0.0,0.0,0.0,0.0,0.0,0.0,0.0,0.0,0.0,0.0,0.0,0.0,0.0,0.0,0.0,0.0,0.0,0.0,0.0,0.0,0.0,0.0,0.0,0.0,0.0,0.0,0.0,0.0,0.0,0.0,0.0,0.0,48,0.13711753487586975,0
False,False,310.36752407428196,False,0.000916601683346327,0.0041485507246376814,0.2209450345882849,0.0031820660150815344,0.39990361829528376,2.477700693756194e-05,4.9552786105398776e-05,0.0,0.0,0.0,0.0,0.0,0.0,0.0,0.0,0.0,0.0,0.0,0.0,0.0,0.0,0.0,0.0,0.0,0.0,0.0,0.0,0.0,0.0,0.0,0.0,0.0,0.0,0.0,0.0,0.0,0.0,0.0,0.0,0.0,0.0,0.0,0.0,49,0.5249678492546082,1
False,False,94.11163583744573,False,0.0005574717802890842,0.0024164244186046513,0.2307011036624902,0.0024200587388442975,0.5086925648783295,0.0,0.0,0.0,0.0,0.0,0.0,0.0,0.0,0.0,0.0,0.0,0.0,0.0,0.0,0.0,0.0,0.0,0.0,0.0,0.0,0.0,0.0,0.0,0.0,0.0,0.0,0.0,0.0,0.0,0.0,0.0,0.0,0.0,0.0,0.0,0.0,0.0,0.0,50,0.28503304719924927,1
False,False,13.0,True,0.020678605624283624,0.004136904761904762,4.99856941709302,0.04252025284048236,0.9520808743758408,0.010776725374407216,0.021323651611418637,0.014806398352477497,0.02918073511660048,0.01901634858745468,0.037322950929717394,0.024361745632996437,0.04756473137903502,0.030461302458088316,0.05912168149434658,0.03668728457434251,0.07077791947531427,0.03965882206450006,0.07629199353254686,0.04324186560190298,0.08289902280130293,0.045773433007475564,0.0875398658308589,0.04709866092042481,0.08996031162722329,0.04530678585940674,0.08668610301263363,0.038998682476943346,0.07506974384986051,0.027701778385772913,0.05391014975041598,0.013644366197183098,0.026921406860616587,0.002,0.003992015968063872,0.0,0.0,0.0,0.0,0.0,0.0,0.0,0.0,51,0.26098164916038513,0
False,False,200.66140635408692,False,0.0010111457014262452,0.011205357142857144,0.09023770403166491,0.007955063388076538,0.3478348837707097,0.0,0.0,0.0,0.0,0.0,0.0,0.0,0.0,0.0,0.0,0.0,0.0,0.0,0.0,0.0,0.0,0.0,0.0,0.0,0.0,0.0,0.0,0.0,0.0,0.0,0.0,0.0,0.0,0.0,0.0,0.0,0.0,0.0,0.0,0.0,0.0,0.0,0.0,52,0.6679353713989258,0
False,False,365.0588993573503,False,0.0044025769135486925,0.008435333622183709,0.5219208997223952,0.010015938007151023,0.6104978017847469,0.0008714325729046715,0.0017413476787213533,0.0,0.0,0.0,0.0,0.0,0.0,0.0,0.0,0.0,0.0,0.0,0.0,0.0,0.0,0.0,0.0,0.0,0.0,0.0,0.0,0.0,0.0,0.0,0.0,0.0,0.0,0.0,0.0,0.0,0.0,0.0,0.0,0.0,0.0,0.0,0.0,53,0.12310732156038284,0
False,False,250.9760944791356,False,0.008479359091986266,0.010516652123327516,0.8062793170820752,0.013388783573283977,0.6341223263180524,0.013116225060698828,0.025892833884706555,0.0,0.0,0.0,0.0,0.0,0.0,0.0,0.0,0.0,0.0,0.0,0.0,0.0,0.0,0.0,0.0,0.0,0.0,0.0,0.0,0.0,0.0,0.0,0.0,0.0,0.0,0.0,0.0,0.0,0.0,0.0,0.0,0.0,0.0,0.0,0.0,54,0.3161219358444214,0
False,True,0.0,True,0.17237112187568168,0.014026988636363636,12.28853365068151,0.47491259887898185,0.9716450334397428,0.07625437021638477,0.14170324846356452,0.12285920700352726,0.21883279085610477,0.17553358937228483,0.29864495742059877,0.21806346623270953,0.3580494321977288,0.25258901272314827,0.40330708661417325,0.2759596874646133,0.4325523606673766,0.28793919760777476,0.44713166295830514,0.29423756455558575,0.4546886485351255,0.2932919621749409,0.4535587798469096,0.2883445405059238,0.4476202311420405,0.278816199376947,0.43605359317904996,0.2799772684220496,0.43747225099896403,0.283125,0.4413054067218704,0.27535243292405637,0.4318060260295953,0.26582278481012656,0.42,0.2111784140969163,0.348715617185724,0.14027413240011666,0.24603580562659846,0.07355148604022815,0.13702460850111856,0.0216998191681736,0.04247787610619469,55,0.8559096455574036,1
False,False,4.47213595499958,True,0.14427698628247113,0.02506026170798898,5.7572018985131725,0.2575597811778611,0.9324425065467185,0.08375705774089902,0.15456795809107132,0.14383541853275159,0.25149670346325814,0.20548006039612754,0.340909928163566,0.2653293678415491,0.41938387677535505,0.29585513078470826,0.45661760139121793,0.28463334890238207,0.4431355439208842,0.24813566247829197,0.39761008348338517,0.19522249233696226,0.32667138309161653,0.13935764833968428,0.24462494027711418,0.08655141445891333,0.15931397871680958,0.06834240704274297,0.12794101702266075,0.05396673447409357,0.10240690281562216,0.040553907022749754,0.0779467680608365,0.02859707617337779,0.05560403939658397,0.018186680930730142,0.03572366692934069,0.009824561403508772,0.019457956914523976,0.003551346552234389,0.00707755824240637,0.000312256049960968,0.0006243171531137818,0.0,0.0,56,0.9292197823524475,1
False,False,206.16983290481662,False,7.227206419670616e-06,0.0019569174757281555,0.003693158505307651,0.0014314599971393632,0.36748402803118707,0.0,0.0,0.0,0.0,0.0,0.0,0.0,0.0,0.0,0.0,0.0,0.0,0.0,0.0,0.0,0.0,0.0,0.0,0.0,0.0,0.0,0.0,0.0,0.0,0.0,0.0,0.0,0.0,0.0,0.0,0.0,0.0,0.0,0.0,0.0,0.0,0.0,0.0,57,0.2460634857416153,1
False,False,204.70710783946902,False,0.0,0.0016231796116504855,0.0,0.0016231796116504855,0.20575215636221822,0.0,0.0,0.0,0.0,0.0,0.0,0.0,0.0,0.0,0.0,0.0,0.0,0.0,0.0,0.0,0.0,0.0,0.0,0.0,0.0,0.0,0.0,0.0,0.0,0.0,0.0,0.0,0.0,0.0,0.0,0.0,0.0,0.0,0.0,0.0,0.0,0.0,0.0,58,0.2460634857416153,1
False,False,144.05901568454507,False,0.00020307135362086095,0.0015682656826568266,0.12948785136765487,0.0016436707380817124,0.5455078942380334,0.0,0.0,0.0,0.0,0.0,0.0,0.0,0.0,0.0,0.0,0.0,0.0,0.0,0.0,0.0,0.0,0.0,0.0,0.0,0.0,0.0,0.0,0.0,0.0,0.0,0.0,0.0,0.0,0.0,0.0,0.0,0.0,0.0,0.0,0.0,0.0,0.0,0.0,59,0.4676598012447357,1
False,False,281.51376520518494,False,0.0005253083409719208,0.0018680811808118082,0.28120209462398127,0.001979416114274066,0.5693125839549817,0.0,0.0,0.0,0.0,0.0,0.0,0.0,0.0,0.0,0.0,0.0,0.0,0.0,0.0,0.0,0.0,0.0,0.0,0.0,0.0,0.0,0.0,0.0,0.0,0.0,0.0,0.0,0.0,0.0,0.0,0.0,0.0,0.0,0.0,0.0,0.0,0.0,0.0,60,0.4676598012447357,1
False,False,270.6233544984616,False,0.021562462916424628,0.017646144278606966,1.2219362244796759,0.024918363717604478,0.6739547029881267,0.023034317029569498,0.0450313672691856,0.023472028212232935,0.04586745424441759,0.020241521711925916,0.0396798626230413,0.01575207602088862,0.03101559207753898,0.009466089466089466,0.01875464577734576,0.002233002233002233,0.004456054087277198,0.0,0.0,0.0,0.0,0.0,0.0,0.0,0.0,0.0,0.0,0.0,0.0,0.0,0.0,0.0,0.0,0.0,0.0,0.0,0.0,0.0,0.0,0.0,0.0,0.0,0.0,61,0.11074894666671753,0
False,False,211.463944917331,False,0.006354596639500687,0.023034218835804504,0.2758763683196007,0.01930056541244707,0.4788356096541006,0.011865264578530058,0.023452261865066132,0.003526485764133784,0.0070281867278242215,0.0,0.0,0.0,0.0,0.0,0.0,0.0,0.0,0.0,0.0,0.0,0.0,0.0,0.0,0.0,0.0,0.0,0.0,0.0,0.0,0.0,0.0,0.0,0.0,0.0,0.0,0.0,0.0,0.0,0.0,0.0,0.0,0.0,0.0,62,0.15527592599391937,0
False,False,18.027756377319946,False,0.14404625866344872,0.03443733377659575,4.182851657387752,0.16357883076713492,0.8065974280817174,0.12637063064154602,0.2243855214327973,0.12085992823346353,0.21565572144941497,0.13183106193496155,0.2329518359561278,0.13697367663153046,0.24094432342063934,0.1468279686037301,0.25605927414291096,0.1417060068370503,0.24823554573322879,0.12860271572492335,0.22789722890631064,0.11230191444536045,0.20192703615251587,0.09532374100719425,0.17405582922824303,0.07950443859135695,0.14729803000180733,0.0644319550381373,0.12106354893456533,0.0502122372916451,0.0956230283911672,0.03716324140134171,0.07166324435318275,0.024827737066608336,0.048452508004268945,0.013775338783738381,0.027176314626601857,0.0044637747510587154,0.008887876025524157,0.00023353573096683791,0.00046696240952603317,0.0,0.0,0.0,0.0,63,0.7244499921798706,1
False,False,175.5135322418189,False,0.08407212708192334,0.046746858465608464,1.7984551227923684,0.07343888369782306,0.6065690204374163,0.07041668942165911,0.13156874349503073,0.07903660551256413,0.14649476228847705,0.07989388823813133,0.147966182804275,0.0800710678138662,0.14826999852136627,0.08036992433365903,0.1487822319438018,0.07852123434158265,0.14560906515580738,0.0718468910247429,0.13406185459203682,0.06429387956869652,0.12081978634463539,0.057306885764378285,0.10840161269345819,0.05103762112118002,0.09711854284861153,0.04415220535068691,0.08457043929885306,0.037504701520606094,0.07229789217463359,0.029442148760330578,0.057200200702458605,0.01805239597857195,0.035464571469761404,0.005884303000165755,0.011699761061217765,0.0,0.0,0.0,0.0,0.0,0.0,0.0,0.0,64,0.6010812520980835,1
False,False,302.89932320822373,False,3.439986224881916e-05,0.0012477313974591652,0.027569925962326335,0.0007651017209866894,0.191810208845984,0.0,0.0,0.0,0.0,0.0,0.0,0.0,0.0,0.0,0.0,0.0,0.0,0.0,0.0,0.0,0.0,0.0,0.0,0.0,0.0,0.0,0.0,0.0,0.0,0.0,0.0,0.0,0.0,0.0,0.0,0.0,0.0,0.0,0.0,0.0,0.0,0.0,0.0,65,0.7471006512641907,1
False,False,179.74426277353055,False,0.0003620355820624114,0.001210212201591512,0.2991504973973241,0.0009525935305174808,0.38940452841282835,0.00022305290199516975,0.00044600632098613533,0.0,0.0,0.0,0.0,0.0,0.0,0.0,0.0,0.0,0.0,0.0,0.0,0.0,0.0,0.0,0.0,0.0,0.0,0.0,0.0,0.0,0.0,0.0,0.0,0.0,0.0,0.0,0.0,0.0,0.0,0.0,0.0,0.0,0.0,0.0,0.0,66,0.7474165558815002,1
False,False,228.82744590629858,False,0.004831380592998571,0.0038898273273273274,1.2420552858623106,0.0071836654216055704,0.7430764587828009,0.008852108916177256,0.017548873294594567,0.010526865256124722,0.020834409490848357,0.0,0.0,0.0,0.0,0.0,0.0,0.0,0.0,0.0,0.0,0.0,0.0,0.0,0.0,0.0,0.0,0.0,0.0,0.0,0.0,0.0,0.0,0.0,0.0,0.0,0.0,0.0,0.0,0.0,0.0,0.0,0.0,0.0,0.0,67,0.5177639126777649,0
False,False,203.4158302591025,False,0.002576044046795335,0.004469032429558746,0.5764209786792,0.004843604923591542,0.5740646108447601,0.0028588273246048256,0.005701355458437784,0.0,0.0,0.0,0.0,0.0,0.0,0.0,0.0,0.0,0.0,0.0,0.0,0.0,0.0,0.0,0.0,0.0,0.0,0.0,0.0,0.0,0.0,0.0,0.0,0.0,0.0,0.0,0.0,0.0,0.0,0.0,0.0,0.0,0.0,0.0,0.0,68,0.5558243989944458,0
False,False,145.7737973711325,False,0.0005723724673717498,0.0003766166960611405,1.519774543608736,0.0010782539706758346,0.8377527571623915,0.0013425502742230348,0.0026815004992155186,0.0,0.0,0.0,0.0,0.0,0.0,0.0,0.0,0.0,0.0,0.0,0.0,0.0,0.0,0.0,0.0,0.0,0.0,0.0,0.0,0.0,0.0,0.0,0.0,0.0,0.0,0.0,0.0,0.0,0.0,0.0,0.0,0.0,0.0,0.0,0.0,69,0.050150178372859955,0
False,False,345.1376536977674,False,1.7669861020380753e-05,0.00026268115942028986,0.06726733298793225,0.00024063316257761958,0.48315946311484237,0.0,0.0,0.0,0.0,0.0,0.0,0.0,0.0,0.0,0.0,0.0,0.0,0.0,0.0,0.0,0.0,0.0,0.0,0.0,0.0,0.0,0.0,0.0,0.0,0.0,0.0,0.0,0.0,0.0,0.0,0.0,0.0,0.0,0.0,0.0,0.0,0.0,0.0,70,0.06756486743688583,0
False,False,159.47727110782904,False,0.10518986371801393,0.1252680200729927,0.8397184186093196,0.13274524136035493,0.5882252117071478,0.19165945997886039,0.3216681718487937,0.12904957733607494,0.22859860173821545,0.06335032222737037,0.1191523073876015,0.01995611382759991,0.0391313186068573,0.007845863541563214,0.015569570358691368,0.0023037311410244827,0.004596872324124566,0.0,0.0,0.0,0.0,0.0,0.0,0.0,0.0,0.0,0.0,0.0,0.0,0.0,0.0,0.0,0.0,0.0,0.0,0.0,0.0,0.0,0.0,0.0,0.0,0.0,0.0,71,0.8066327571868896,1
False,False,385.3336216838598,False,0.0690069548280613,0.06081140350877193,1.1347699748141347,0.07716877150230375,0.6494273908097667,0.09118770684572901,0.16713477667251805,0.07837882185636931,0.14536417123148712,0.07327634777289484,0.13654702803233693,0.06751534439645374,0.12649063032367971,0.05915529905561385,0.11170278637770897,0.04938931297709924,0.09412962828253438,0.03713370506584411,0.07160832761381834,0.012675585284280937,0.0250338518445127,0.004537953795379538,0.009034907597535934,0.00033548603539377674,0.0006707470445208351,0.0,0.0,0.0,0.0,0.0,0.0,0.0,0.0,0.0,0.0,0.0,0.0,0.0,0.0,0.0,0.0,0.0,0.0,72,0.8179498314857483,1
False,False,211.62466774929618,False,0.28879742534060604,0.19204545454545455,1.5037972443771201,0.310370208953586,0.7139388549310708,0.28459491242186047,0.44308896083872956,0.23549013768948257,0.38120925534845285,0.1802567821980803,0.30545349947047057,0.13608800821763478,0.2395730035583037,0.08135416666666667,0.15046719969174455,0.037608123354644606,0.07249003262051468,0.020790173251443764,0.04073349018480935,0.011345340172988355,0.02243613476490189,0.005685407454200884,0.011306532663316583,0.00197845249755142,0.003949091904361596,0.0002018244934205215,0.0004035675370273215,0.0,0.0,0.0,0.0,0.0,0.0,0.0,0.0,0.0,0.0,0.0,0.0,0.0,0.0,0.0,0.0,73,0.4381445646286011,1
False,False,92.0,False,0.2986277543858422,0.19876622267759564,1.502406950049178,0.29216715022503204,0.5433274262217681,0.1710534801234511,0.2921360689785386,0.17389542410086115,0.2962707248544825,0.16365416677693387,0.2812762957403743,0.159369773512356,0.27492483787901256,0.150232299495937,0.26122079785409064,0.12586755627132942,0.22359211893125353,0.09773606849946861,0.178068428840217,0.07092609451295208,0.13245749613601238,0.045631047583065715,0.08727944276050344,0.024006919393287345,0.04688819760614738,0.009253769269862782,0.018337844359119615,0.0032709585607782333,0.006520588546628559,0.0003407445267910384,0.0006812569190155838,0.0,0.0,0.0,0.0,0.0,0.0,0.0,0.0,0.0,0.0,0.0,0.0,74,0.6253964900970459,1
False,False,145.83552379307312,False,0.018687638060701818,0.005651939655172414,3.3064114624082532,0.03056793198411231,0.9151884274057482,0.013310155813835456,0.026270645246115124,0.020806886702634083,0.040765568833187604,0.02904911784239554,0.05645817549176418,0.03741251325556734,0.07212658952447153,0.04333757078469895,0.08307487815684537,0.03312457556779597,0.06412503651767455,0.0016374987207041245,0.003269643404516195,0.0,0.0,0.0,0.0,0.0,0.0,0.0,0.0,0.0,0.0,0.0,0.0,0.0,0.0,0.0,0.0,0.0,0.0,0.0,0.0,0.0,0.0,0.0,0.0,75,0.3641972839832306,0
False,False,289.35272592460575,False,0.00011511108876455349,0.00102114602876798,0.11272735291683583,0.0007744083260574123,0.3683122836393908,0.0,0.0,0.0,0.0,0.0,0.0,0.0,0.0,0.0,0.0,0.0,0.0,0.0,0.0,0.0,0.0,0.0,0.0,0.0,0.0,0.0,0.0,0.0,0.0,0.0,0.0,0.0,0.0,0.0,0.0,0.0,0.0,0.0,0.0,0.0,0.0,0.0,0.0,76,0.4846399426460266,0
False,False,246.46500765828807,False,0.0004751762157769367,0.0005825109649122807,0.8157378047784777,0.0008413796635162161,0.666019520701276,0.0015063410311790442,0.0030081507614381615,0.0,0.0,0.0,0.0,0.0,0.0,0.0,0.0,0.0,0.0,0.0,0.0,0.0,0.0,0.0,0.0,0.0,0.0,0.0,0.0,0.0,0.0,0.0,0.0,0.0,0.0,0.0,0.0,0.0,0.0,0.0,0.0,0.0,0.0,0.0,0.0,77,0.40863940119743347,0
False,False,145.60219778561037,False,0.0,0.0005297991653625457,0.0,0.0005297991653625457,0.13099907847630543,0.0,0.0,0.0,0.0,0.0,0.0,0.0,0.0,0.0,0.0,0.0,0.0,0.0,0.0,0.0,0.0,0.0,0.0,0.0,0.0,0.0,0.0,0.0,0.0,0.0,0.0,0.0,0.0,0.0,0.0,0.0,0.0,0.0,0.0,0.0,0.0,0.0,0.0,78,0.3620249927043915,0
False,False,202.08908926510605,False,0.0,0.005323483560090703,0.0,0.005323483560090703,0.18240794336346233,0.0,0.0,0.0,0.0,0.0,0.0,0.0,0.0,0.0,0.0,0.0,0.0,0.0,0.0,0.0,0.0,0.0,0.0,0.0,0.0,0.0,0.0,0.0,0.0,0.0,0.0,0.0,0.0,0.0,0.0,0.0,0.0,0.0,0.0,0.0,0.0,0.0,0.0,79,0.23253975808620453,1
False,False,91.41115905621152,False,0.0004931515152404792,0.003370358560090703,0.14632019307382166,0.0026372292245337076,0.40311888171973337,0.0,0.0,0.0,0.0,0.0,0.0,0.0,0.0,0.0,0.0,0.0,0.0,0.0,0.0,0.0,0.0,0.0,0.0,0.0,0.0,0.0,0.0,0.0,0.0,0.0,0.0,0.0,0.0,0.0,0.0,0.0,0.0,0.0,0.0,0.0,0.0,0.0,0.0,80,0.25969603657722473,1
False,False,283.5912551543154,False,0.0015073177510013698,0.011567540322580646,0.13030581341990055,0.00834463550253934,0.35847560988819355,0.0,0.0,0.0,0.0,0.0,0.0,0.0,0.0,0.0,0.0,0.0,0.0,0.0,0.0,0.0,0.0,0.0,0.0,0.0,0.0,0.0,0.0,0.0,0.0,0.0,0.0,0.0,0.0,0.0,0.0,0.0,0.0,0.0,0.0,0.0,0.0,0.0,0.0,81,0.6356157064437866,0
False,False,234.21357774475842,False,0.0,0.004843247588424437,0.0,0.004843247588424437,0.20035743855893695,0.0,0.0,0.0,0.0,0.0,0.0,0.0,0.0,0.0,0.0,0.0,0.0,0.0,0.0,0.0,0.0,0.0,0.0,0.0,0.0,0.0,0.0,0.0,0.0,0.0,0.0,0.0,0.0,0.0,0.0,0.0,0.0,0.0,0.0,0.0,0.0,0.0,0.0,82,0.25718677043914795,0
True,False,178.13758727455584,False,0.00662656014950399,0.001533132946379215,4.322234523205487,0.009279419856478581,0.92415432921147,0.008171627189650806,0.016210785880633818,0.01175888979130619,0.023244450649169343,0.012550865323331863,0.024790587323875467,0.010394053022827445,0.02057425613646722,0.0009188105579685934,0.0018359342401735792,0.0,0.0,0.0,0.0,0.0,0.0,0.0,0.0,0.0,0.0,0.0,0.0,0.0,0.0,0.0,0.0,0.0,0.0,0.0,0.0,0.0,0.0,0.0,0.0,0.0,0.0,0.0,0.0,83,0.20758220553398132,0
True,False,240.01041644062033,False,0.0023013212867993354,0.001286967938087341,1.7881729751710058,0.003939185775665439,0.847505071996433,0.005956487742054184,0.011842436158295421,0.0011904345085956374,0.0023780381185521944,4.8555474629764505e-05,9.710623422023694e-05,0.0,0.0,0.0,0.0,0.0,0.0,0.0,0.0,0.0,0.0,0.0,0.0,0.0,0.0,0.0,0.0,0.0,0.0,0.0,0.0,0.0,0.0,0.0,0.0,0.0,0.0,0.0,0.0,0.0,0.0,0.0,0.0,84,0.20758220553398132,0
False,False,168.80758276807353,False,0.001433768130657077,0.001380024941314554,1.0389436362587254,0.0018068865676648586,0.5958099840620454,0.002686632030185101,0.005358866757294561,0.0027171395930465927,0.005419553502694381,4.479483963447411e-05,8.958566629339306e-05,0.0,0.0,0.0,0.0,0.0,0.0,0.0,0.0,0.0,0.0,0.0,0.0,0.0,0.0,0.0,0.0,0.0,0.0,0.0,0.0,0.0,0.0,0.0,0.0,0.0,0.0,0.0,0.0,0.0,0.0,0.0,0.0,85,0.1304175704717636,0
False,False,83.48652585896721,False,0.00020179685135011927,0.0009215448943661971,0.218976690754613,0.0009196585167310525,0.5440274455012226,0.0,0.0,0.0,0.0,0.0,0.0,0.0,0.0,0.0,0.0,0.0,0.0,0.0,0.0,0.0,0.0,0.0,0.0,0.0,0.0,0.0,0.0,0.0,0.0,0.0,0.0,0.0,0.0,0.0,0.0,0.0,0.0,0.0,0.0,0.0,0.0,0.0,0.0,86,0.1304175704717636,0
False,False,145.71547618561317,False,0.005752047021069793,0.0009918478260869566,5.7993241198731065,0.007399874428179578,0.9381747008973129,0.005088289962825279,0.010125060681014356,0.006589438844591545,0.013092604770729958,0.007861280373128714,0.015599925359208807,0.009136295556665003,0.018107158759214367,0.009527754763877383,0.01887566680344686,0.008714596949891068,0.017278617710583154,0.005641430666817105,0.011219566924716706,0.00014304105278214847,0.0002860411899313501,0.0,0.0,0.0,0.0,0.0,0.0,0.0,0.0,0.0,0.0,0.0,0.0,0.0,0.0,0.0,0.0,0.0,0.0,0.0,0.0,0.0,0.0,87,0.02767397277057171,0
False,False,11.180339887498949,True,0.0018102312140162037,0.00012928486997635933,14.00187983595619,0.013973897700013336,0.9956159505381847,0.0006151412627971352,0.0012295261932990824,0.000927490145417205,0.00185326140914055,0.0011718913489306491,0.0023410392542117806,0.0014430758130186054,0.0028819926920899594,0.0017844624306927537,0.003562567593358356,0.002232320816391613,0.004454697319226792,0.0027367803733750365,0.00545862169802125,0.003336908592539626,0.006651621332699846,0.004218773542263071,0.008402100525131283,0.005333333333333333,0.010610079575596816,0.006899950714637753,0.013705335291238374,0.009380234505862646,0.018586126783936275,0.01256168685509197,0.024811696942844484,0.017456359102244388,0.03431372549019608,0.019748653500897665,0.03873239436619718,0.0013679890560875513,0.00273224043715847,0.0,0.0,0.0,0.0,0.0,0.0,88,0.12538853287696838,0
False,False,94.89467845985885,False,0.00017684578782777024,0.0012158526490066224,0.1454500164738359,0.001129351816624127,0.48276450994687786,0.0,0.0,0.0,0.0,0.0,0.0,0.0,0.0,0.0,0.0,0.0,0.0,0.0,0.0,0.0,0.0,0.0,0.0,0.0,0.0,0.0,0.0,0.0,0.0,0.0,0.0,0.0,0.0,0.0,0.0,0.0,0.0,0.0,0.0,0.0,0.0,0.0,0.0,89,0.38068220019340515,0
False,False,214.94650497274898,False,0.0008740609079794819,0.0014583333333333334,0.5993560511859304,0.001651121227803673,0.5729196096883187,0.0,0.0,0.0,0.0,0.0,0.0,0.0,0.0,0.0,0.0,0.0,0.0,0.0,0.0,0.0,0.0,0.0,0.0,0.0,0.0,0.0,0.0,0.0,0.0,0.0,0.0,0.0,0.0,0.0,0.0,0.0,0.0,0.0,0.0,0.0,0.0,0.0,0.0,90,0.4805763065814972,0
False,False,376.36418533117626,False,0.0024572902170974823,0.0052671370967741936,0.46653242016472773,0.004891121320660216,0.5007515965631117,0.004949486374055522,0.009850219222288866,0.000847847678108573,0.0016942588827572854,4.6842064173627915e-05,9.367974019485386e-05,0.0,0.0,0.0,0.0,0.0,0.0,0.0,0.0,0.0,0.0,0.0,0.0,0.0,0.0,0.0,0.0,0.0,0.0,0.0,0.0,0.0,0.0,0.0,0.0,0.0,0.0,0.0,0.0,0.0,0.0,0.0,0.0,91,0.6519041061401367,0
False,False,289.968963856479,False,0.0,0.0009877873563218392,0.0,0.0009877873563218392,0.1383640449438202,0.0,0.0,0.0,0.0,0.0,0.0,0.0,0.0,0.0,0.0,0.0,0.0,0.0,0.0,0.0,0.0,0.0,0.0,0.0,0.0,0.0,0.0,0.0,0.0,0.0,0.0,0.0,0.0,0.0,0.0,0.0,0.0,0.0,0.0,0.0,0.0,0.0,0.0,92,0.563920795917511,0
False,True,0.0,True,0.43957054630888687,0.034726456639566396,12.658088064419793,0.6763911527908915,0.9699416024545311,0.3331734751711209,0.4998201380032048,0.46420897125973676,0.6340747534969043,0.49772370486656203,0.6646402180179236,0.4858963466440102,0.6540110926868318,0.46031030128089484,0.6304280684415344,0.4251395062896056,0.5966286169365543,0.3897051572823193,0.5608458099765841,0.35511625524941104,0.5241118669690098,0.3228713816138267,0.4881372234690606,0.29036144578313255,0.450046685340803,0.25854483925549915,0.41086313525141166,0.22868082144100244,0.37223796033994333,0.19603889943074004,0.3278135845314824,0.16001927943125677,0.2758907240054015,0.12062256809338522,0.2152777777777778,0.08010241404535479,0.1483237385709448,0.04633581270576759,0.08856776599463932,0.02133886111449823,0.041786055396370585,0.006218753810510913,0.012360639844886088,93,0.8280401229858398,1
False,False,79.07591289387686,False,0.002568009407160593,0.006321985094850949,0.40620301513398904,0.007177193014673053,0.5776139109617904,8.37906908542461e-05,0.0001675673411252147,0.0,0.0,0.0,0.0,0.0,0.0,0.0,0.0,0.0,0.0,0.0,0.0,0.0,0.0,0.0,0.0,0.0,0.0,0.0,0.0,0.0,0.0,0.0,0.0,0.0,0.0,0.0,0.0,0.0,0.0,0.0,0.0,0.0,0.0,0.0,0.0,94,0.8280401229858398,1
False,False,214.83016547961788,False,0.026342595094123098,0.028175349973586897,0.9349518326770768,0.03297173140419343,0.5931331996491651,0.038483809184446126,0.07411537636714562,0.021406653941868612,0.041916026020106446,0.0,0.0,0.0,0.0,0.0,0.0,0.0,0.0,0.0,0.0,0.0,0.0,0.0,0.0,0.0,0.0,0.0,0.0,0.0,0.0,0.0,0.0,0.0,0.0,0.0,0.0,0.0,0.0,0.0,0.0,0.0,0.0,0.0,0.0,95,0.260554701089859,1
False,False,234.9170066214875,False,0.014356648932889278,0.016017069466455362,0.8963343115266177,0.016963357189650582,0.5455841404723288,0.01853146853146853,0.036388602814967384,0.015597159457714655,0.030715248290065854,0.006933247339567882,0.01377101681345076,0.0002249718785151856,0.000449842555105713,0.0,0.0,0.0,0.0,0.0,0.0,0.0,0.0,0.0,0.0,0.0,0.0,0.0,0.0,0.0,0.0,0.0,0.0,0.0,0.0,0.0,0.0,0.0,0.0,0.0,0.0,0.0,0.0,0.0,0.0,96,0.260554701089859,1
False,False,232.12281232140884,False,0.004790016350188559,0.010717941098784997,0.4469157187971077,0.008603986747786944,0.38871991745011236,0.00629364204336641,0.012508559689568592,0.0027675276752767526,0.005519779208831647,0.0,0.0,0.0,0.0,0.0,0.0,0.0,0.0,0.0,0.0,0.0,0.0,0.0,0.0,0.0,0.0,0.0,0.0,0.0,0.0,0.0,0.0,0.0,0.0,0.0,0.0,0.0,0.0,0.0,0.0,0.0,0.0,0.0,0.0,97,0.260554701089859,1
False,False,135.05924625881784,False,0.21560144598091788,0.11815271406727829,1.824769305410543,0.2239102442055546,0.756136910595063,0.2407339098596937,0.38805082692858245,0.16903339889211672,0.28918489249718315,0.12739597455417667,0.22600040700793667,0.10607497167171566,0.1918043069203429,0.09142664906968921,0.16753603945371776,0.07885050962627406,0.14617504264532213,0.0658900507552131,0.1236338601876022,0.052568309561714155,0.0998857918943112,0.03958397481952855,0.07615349173961693,0.027698253650157458,0.05390347517236577,0.01802237003455836,0.03540662870492042,0.010634648370497428,0.021045485403937542,0.004961432613667196,0.009873876653681491,0.0014913657770800628,0.0029782898346265383,0.0,0.0,0.0,0.0,0.0,0.0,0.0,0.0,0.0,0.0,98,0.35575616359710693,1
False,False,29.966648127543394,False,0.06033697790664214,0.03846331120943953,1.5686891224236164,0.06542347180938635,0.7292146755154436,0.07191389499809557,0.1341784920107288,0.06398496394206214,0.1202741882836351,0.04526602678042422,0.08661149529531799,0.031244642551002913,0.06059598520427247,0.02067981934870454,0.04052165812761994,0.00919576059850374,0.018223938223938224,0.0004371393600279769,0.0008738967054094206,0.0,0.0,0.0,0.0,0.0,0.0,0.0,0.0,0.0,0.0,0.0,0.0,0.0,0.0,0.0,0.0,0.0,0.0,0.0,0.0,0.0,0.0,0.0,0.0,99,0.6603228449821472,1
False,False,49.33558553417604,False,0.001053985543492886,0.012322364790286975,0.08553435654848356,0.01033165761550267,0.470454970948103,0.0,0.0,0.0,0.0,0.0,0.0,0.0,0.0,0.0,0.0,0.0,0.0,0.0,0.0,0.0,0.0,0.0,0.0,0.0,0.0,0.0,0.0,0.0,0.0,0.0,0.0,0.0,0.0,0.0,0.0,0.0,0.0,0.0,0.0,0.0,0.0,0.0,0.0,100,0.031996991485357285,0
False,False,221.20578654275752,False,0.0245915361378766,0.016046135863586358,1.5325519082561425,0.03170643618792716,0.7684523247128527,0.03947598865109111,0.07595363256503572,0.03893968166957067,0.07496042812994648,0.0,0.0,0.0,0.0,0.0,0.0,0.0,0.0,0.0,0.0,0.0,0.0,0.0,0.0,0.0,0.0,0.0,0.0,0.0,0.0,0.0,0.0,0.0,0.0,0.0,0.0,0.0,0.0,0.0,0.0,0.0,0.0,0.0,0.0,101,0.6014074683189392,0
False,False,177.0,False,3.2570663702568876e-06,0.0031563021702838063,0.0010319247633898186,0.0026374608607749525,0.07568613111236781,0.0,0.0,0.0,0.0,0.0,0.0,0.0,0.0,0.0,0.0,0.0,0.0,0.0,0.0,0.0,0.0,0.0,0.0,0.0,0.0,0.0,0.0,0.0,0.0,0.0,0.0,0.0,0.0,0.0,0.0,0.0,0.0,0.0,0.0,0.0,0.0,0.0,0.0,102,0.6785845756530762,1
False,False,11.704699910719626,True,0.041951177793502235,0.004727628410914928,8.873619952161915,0.12312594268121337,0.9845115398074741,0.016895475119881688,0.033229521682923965,0.02996343983468447,0.05818350181341153,0.045252670747809386,0.08658704639412035,0.0625449317038102,0.11772665764546685,0.09031382256647769,0.165665738977589,0.12365355023081996,0.2200919495255796,0.13292968212467318,0.23466537106765456,0.13440677966101694,0.23696399223068879,0.13124488124488123,0.23203619909502263,0.12227602905569007,0.21790722761596548,0.10618982118294361,0.19199204178065157,0.08452012383900928,0.15586640022837567,0.0603448275862069,0.11382113821138211,0.03993412927130506,0.0768012668250198,0.018858560794044667,0.037018996590355575,0.002355712603062426,0.004700352526439483,0.0,0.0,0.0,0.0,0.0,0.0,103,0.642754852771759,1
False,False,179.35439777156287,False,8.84324782937556e-05,0.0005492424242424242,0.16100809841069988,0.0006838211264647605,0.6093415825959791,0.0,0.0,0.0,0.0,0.0,0.0,0.0,0.0,0.0,0.0,0.0,0.0,0.0,0.0,0.0,0.0,0.0,0.0,0.0,0.0,0.0,0.0,0.0,0.0,0.0,0.0,0.0,0.0,0.0,0.0,0.0,0.0,0.0,0.0,0.0,0.0,0.0,0.0,104,0.5382115840911865,0
False,False,151.47607071745688,False,0.0006241496377657706,0.0005255681818181818,1.1875712026678444,0.0012818497187421945,0.8063669954507469,0.001376022802663587,0.0027482639314897065,0.0,0.0,0.0,0.0,0.0,0.0,0.0,0.0,0.0,0.0,0.0,0.0,0.0,0.0,0.0,0.0,0.0,0.0,0.0,0.0,0.0,0.0,0.0,0.0,0.0,0.0,0.0,0.0,0.0,0.0,0.0,0.0,0.0,0.0,0.0,0.0,105,0.5382115840911865,0
False,False,100.2845950283492,False,0.004452416500549513,0.0007149621212121213,6.227485860371239,0.007834230965705201,0.9574447087850255,0.003715368338172334,0.007403230946485917,0.00682763610056068,0.013562671217496745,0.009515407398071713,0.01885143570536829,0.01238923531342304,0.024475241105438042,0.009545020680878142,0.018909549322407817,0.0032701111837802484,0.00651890482398957,0.0,0.0,0.0,0.0,0.0,0.0,0.0,0.0,0.0,0.0,0.0,0.0,0.0,0.0,0.0,0.0,0.0,0.0,0.0,0.0,0.0,0.0,0.0,0.0,0.0,0.0,106,0.5382115840911865,0
False,False,57.584720195551874,False,0.003922390084313019,0.0007433712121212121,5.276489081572672,0.006881620645963598,0.9486023782818915,0.0038629988681659366,0.00769626706536925,0.0070989328992584555,0.01409778655771562,0.009893503056273237,0.019593161113191065,0.011304988940771688,0.02235722964763062,0.001787968026924695,0.003569553805774278,0.0,0.0,0.0,0.0,0.0,0.0,0.0,0.0,0.0,0.0,0.0,0.0,0.0,0.0,0.0,0.0,0.0,0.0,0.0,0.0,0.0,0.0,0.0,0.0,0.0,0.0,0.0,0.0,107,0.5382115840911865,0
False,False,17.46424919657298,False,0.01117379708273712,0.0008191287878787878,13.641074820081387,0.02834685711479636,0.9872168509462025,0.0042566802814822105,0.008477275511454122,0.00782239102911919,0.01552335232625959,0.010901758144810637,0.021568382994639073,0.014194289465047588,0.02799126284281207,0.018467122117847994,0.03626454250078608,0.023008378773773108,0.04498179927197088,0.028093536862617733,0.05465171378929079,0.033677243527350596,0.06516007532956686,0.04001861330851559,0.07695749440715884,0.039603960396039604,0.0761904761904762,0.034157449577098244,0.06605850896508336,0.024844720496894408,0.048484848484848485,0.01403180542563143,0.027675276752767528,0.0023001725129384704,0.004589787722317842,0.0,0.0,0.0,0.0,0.0,0.0,0.0,0.0,0.0,0.0,108,0.5382115840911865,0
False,False,43.73785545725808,False,0.008197768217844336,0.000643939393939394,12.73065182065238,0.01963459407279138,0.9851448389783082,0.0033462920131883274,0.006670263377311295,0.006149394103816242,0.012223620348732698,0.0085701682525679,0.016994689159637612,0.011158516573679028,0.02207075624797144,0.014517506404782237,0.02861952861952862,0.018087511637185794,0.03553233180927498,0.0220850925625203,0.04321576104226247,0.02647459606774382,0.05158353878247677,0.02877697841726619,0.055944055944055944,0.026604498080087767,0.05183008282126637,0.019137204022056438,0.037555697008274984,0.008914728682170543,0.017671917018824434,0.00046948356807511736,0.0009385265133740028,0.0,0.0,0.0,0.0,0.0,0.0,0.0,0.0,0.0,0.0,0.0,0.0,109,0.5382115840911865,0
False,False,125.00399993600205,False,0.0009893090534975326,0.0007406345565749235,1.3357587013933139,0.001674357733869016,0.7897680118774464,0.0025530793431173923,0.0050931554562481515,0.0,0.0,0.0,0.0,0.0,0.0,0.0,0.0,0.0,0.0,0.0,0.0,0.0,0.0,0.0,0.0,0.0,0.0,0.0,0.0,0.0,0.0,0.0,0.0,0.0,0.0,0.0,0.0,0.0,0.0,0.0,0.0,0.0,0.0,0.0,0.0,110,0.4267103970050812,0
False,False,5.830951894845301,True,0.004093607866285288,0.00031536697247706424,12.980458397820986,0.03572279255726173,0.9960877379142887,0.0010871176557790186,0.002171874228737845,0.0019639934533551553,0.003920287487749101,0.0032927559369387346,0.006563898557931378,0.0046541146604611805,0.009265108443882923,0.005920344456404736,0.011771000535045479,0.007407407407407408,0.014705882352941176,0.009212730318257957,0.018257261410788383,0.011355815554026153,0.02245661789724396,0.013953488372093023,0.027522935779816515,0.01764234161988773,0.03467297084318361,0.023605150214592276,0.04612159329140461,0.031594064145524174,0.06125290023201856,0.041263700838168924,0.07925696594427245,0.04118173679498657,0.07910576096302666,0.03684210526315789,0.07106598984771574,0.022132796780684104,0.04330708661417323,0.0,0.0,0.0,0.0,0.0,0.0,111,0.4267103970050812,0
False,False,6.082762530298219,True,0.006352132588960207,0.000525611620795107,12.085220983796292,0.03939957745307603,0.9939073046282493,0.0018118627596316976,0.00361717170056395,0.0032733224222585926,0.0065252854812398045,0.005487926561564558,0.010915947206509874,0.007756857767435301,0.015394304107480232,0.009867240760674561,0.019541659264523007,0.012345679012345678,0.024390243902439025,0.015354550530429927,0.030244707176244157,0.018926359256710254,0.037149611617696726,0.023255813953488372,0.045454545454545456,0.029403902699812884,0.05712801869644248,0.03859899928520372,0.0743289745354439,0.042180094786729856,0.08094588449295134,0.04405286343612335,0.08438818565400844,0.04051724137931034,0.07787903893951947,0.03225806451612903,0.0625,0.026022304832713755,0.050724637681159424,0.011940298507462687,0.02359882005899705,0.0,0.0,0.0,0.0,112,0.4267103970050812,0
False,False,39.84971769034255,False,0.005698597454368609,0.0007597477064220184,7.500644498429324,0.013957413260937615,0.9750855926178456,0.002618965261649454,0.005224248398225727,0.004731438773991965,0.009418315365478025,0.007932548393534225,0.01574023659852497,0.011212185318383753,0.022175732217573223,0.01426264800861141,0.028124170867604138,0.017845117845117844,0.03506450545815415,0.021623883928571428,0.042332377440939505,0.018420603786457445,0.03617484508457545,0.010959470636889991,0.021681325424422172,0.002570694087403599,0.005128205128205128,0.0,0.0,0.0,0.0,0.0,0.0,0.0,0.0,0.0,0.0,0.0,0.0,0.0,0.0,0.0,0.0,0.0,0.0,113,0.4267103970050812,0
False,False,79.62411694957753,False,0.0025128582000256334,0.0002819189602446483,8.91340617120957,0.0076148605913105155,0.9828111366141989,0.0009718172983479105,0.001941747572815534,0.001755691117393245,0.0035052281368821293,0.0029435242466573537,0.005869770680992887,0.004160496438897116,0.008286516853932585,0.005292429135270901,0.010529133577228518,0.006621773288439955,0.01315642769539525,0.008235622557230598,0.016336702201301397,0.010151410874053681,0.020098790665985352,0.011190878378378379,0.02213405721444978,0.009028146574614976,0.017894736842105262,0.0035149384885764497,0.0070052539404553416,0.0,0.0,0.0,0.0,0.0,0.0,0.0,0.0,0.0,0.0,0.0,0.0,0.0,0.0,0.0,0.0,114,0.4267103970050812,0
False,False,114.00438588054409,False,0.005565325165403675,0.0005925076452599388,9.392832666255492,0.017929050792121377,0.9851823249385087,0.0020424634744939138,0.004076600641078326,0.003689927094182413,0.007352723175902043,0.00618638994212732,0.012296707655692185,0.00874409421056343,0.017336595595945473,0.011123071402942232,0.0220014194464159,0.013916947250280583,0.0274518485720611,0.017308766052484645,0.03402854006586169,0.021335168616655197,0.04177897574123989,0.025565180646524403,0.049855789039967034,0.023298914482393435,0.045536869340232856,0.015299026425591099,0.030136986301369864,0.007282658170232135,0.014460009037505649,0.0005980861244019139,0.001195457262402869,0.0,0.0,0.0,0.0,0.0,0.0,0.0,0.0,0.0,0.0,0.0,0.0,115,0.4267103970050812,0
False,False,365.85379593493354,False,0.0,0.0008758618105515587,0.0,0.0008758618105515587,0.2889338402471439,0.0,0.0,0.0,0.0,0.0,0.0,0.0,0.0,0.0,0.0,0.0,0.0,0.0,0.0,0.0,0.0,0.0,0.0,0.0,0.0,0.0,0.0,0.0,0.0,0.0,0.0,0.0,0.0,0.0,0.0,0.0,0.0,0.0,0.0,0.0,0.0,0.0,0.0,116,0.02004832588136196,0
False,False,340.3718554757429,False,0.0,0.00046837529976019186,0.0,0.00046837529976019186,0.2890198871623775,0.0,0.0,0.0,0.0,0.0,0.0,0.0,0.0,0.0,0.0,0.0,0.0,0.0,0.0,0.0,0.0,0.0,0.0,0.0,0.0,0.0,0.0,0.0,0.0,0.0,0.0,0.0,0.0,0.0,0.0,0.0,0.0,0.0,0.0,0.0,0.0,0.0,0.0,117,0.02004832588136196,0
False,False,281.1138559374119,False,0.0,0.0009133318345323741,0.0,0.0009133318345323741,0.2889259243632477,0.0,0.0,0.0,0.0,0.0,0.0,0.0,0.0,0.0,0.0,0.0,0.0,0.0,0.0,0.0,0.0,0.0,0.0,0.0,0.0,0.0,0.0,0.0,0.0,0.0,0.0,0.0,0.0,0.0,0.0,0.0,0.0,0.0,0.0,0.0,0.0,0.0,0.0,118,0.02004832588136196,0
False,False,373.0335105590381,False,2.138330793073371e-05,0.0007868705035971223,0.027175129621686726,0.0009249159417068266,0.5925985914015359,0.0,0.0,0.0,0.0,0.0,0.0,0.0,0.0,0.0,0.0,0.0,0.0,0.0,0.0,0.0,0.0,0.0,0.0,0.0,0.0,0.0,0.0,0.0,0.0,0.0,0.0,0.0,0.0,0.0,0.0,0.0,0.0,0.0,0.0,0.0,0.0,0.0,0.0,119,0.02004832588136196,0
False,False,256.51705596314645,False,0.0,0.0006604091726618705,0.0,0.0006604091726618705,0.2889793450598276,0.0,0.0,0.0,0.0,0.0,0.0,0.0,0.0,0.0,0.0,0.0,0.0,0.0,0.0,0.0,0.0,0.0,0.0,0.0,0.0,0.0,0.0,0.0,0.0,0.0,0.0,0.0,0.0,0.0,0.0,0.0,0.0,0.0,0.0,0.0,0.0,0.0,0.0,120,0.02004832588136196,0
False,False,232.65854809140367,False,0.0005905372271564148,0.000576101618705036,1.0250573995675056,0.001331103408211228,0.7931285018137906,0.00016197392219852603,0.00032389538179168127,0.0,0.0,0.0,0.0,0.0,0.0,0.0,0.0,0.0,0.0,0.0,0.0,0.0,0.0,0.0,0.0,0.0,0.0,0.0,0.0,0.0,0.0,0.0,0.0,0.0,0.0,0.0,0.0,0.0,0.0,0.0,0.0,0.0,0.0,0.0,0.0,121,0.02004832588136196,0
False,False,15.556349186104045,False,0.013767795231137369,0.0008603872202591284,16.001859287253048,0.04698447272527504,0.9920586054708589,0.0057395414505386575,0.01141357421875,0.010861988847583643,0.02149054760673447,0.017346938775510204,0.034102306920762285,0.026139222812412637,0.05094673750170277,0.03495980557113479,0.0675578034682081,0.04548771588421309,0.08701721731037693,0.05483672211953173,0.10397196261682243,0.05938332698896079,0.11210923463887891,0.058161350844277676,0.1099290780141844,0.05092592592592592,0.09691629955947137,0.03706343549536707,0.07147766323024055,0.017467248908296942,0.034334763948497854,0.0021253985122210413,0.0042417815482502655,0.0,0.0,0.0,0.0,0.0,0.0,0.0,0.0,0.0,0.0,0.0,0.0,122,0.03738243877887726,0
False,False,182.84966502567076,False,0.0006635395215113053,0.000823579210836278,0.8056778422533695,0.0014046246005685185,0.7299147585821197,0.00012211503236048357,0.0002442002442002442,0.0,0.0,0.0,0.0,0.0,0.0,0.0,0.0,0.0,0.0,0.0,0.0,0.0,0.0,0.0,0.0,0.0,0.0,0.0,0.0,0.0,0.0,0.0,0.0,0.0,0.0,0.0,0.0,0.0,0.0,0.0,0.0,0.0,0.0,0.0,0.0,123,0.03738243877887726,0
False,False,196.2065238466856,False,0.0009530586193925022,0.0003956861012956419,2.4086229368981864,0.001731333950484353,0.8897031543463382,0.0026395752125471903,0.00526525239538372,0.0,0.0,0.0,0.0,0.0,0.0,0.0,0.0,0.0,0.0,0.0,0.0,0.0,0.0,0.0,0.0,0.0,0.0,0.0,0.0,0.0,0.0,0.0,0.0,0.0,0.0,0.0,0.0,0.0,0.0,0.0,0.0,0.0,0.0,0.0,0.0,124,0.03738243877887726,0
False,False,153.7693077307692,False,0.0,0.000869589222614841,0.0,0.000869589222614841,0.20222191522184613,0.0,0.0,0.0,0.0,0.0,0.0,0.0,0.0,0.0,0.0,0.0,0.0,0.0,0.0,0.0,0.0,0.0,0.0,0.0,0.0,0.0,0.0,0.0,0.0,0.0,0.0,0.0,0.0,0.0,0.0,0.0,0.0,0.0,0.0,0.0,0.0,0.0,0.0,125,0.03738243877887726,0
False,False,226.77080940897133,False,0.0,0.0006073321554770318,0.0,0.0006073321554770318,0.20230005708708543,0.0,0.0,0.0,0.0,0.0,0.0,0.0,0.0,0.0,0.0,0.0,0.0,0.0,0.0,0.0,0.0,0.0,0.0,0.0,0.0,0.0,0.0,0.0,0.0,0.0,0.0,0.0,0.0,0.0,0.0,0.0,0.0,0.0,0.0,0.0,0.0,0.0,0.0,126,0.03738243877887726,0
False,False,261.283371074395,False,0.0,0.0009063972320376914,0.0,0.0009063972320376914,0.20221094465960848,0.0,0.0,0.0,0.0,0.0,0.0,0.0,0.0,0.0,0.0,0.0,0.0,0.0,0.0,0.0,0.0,0.0,0.0,0.0,0.0,0.0,0.0,0.0,0.0,0.0,0.0,0.0,0.0,0.0,0.0,0.0,0.0,0.0,0.0,0.0,0.0,0.0,0.0,127,0.03738243877887726,0
False,False,197.51708786836647,False,0.0,0.001691077817531306,0.0,0.001691077817531306,0.2854899600080264,0.0,0.0,0.0,0.0,0.0,0.0,0.0,0.0,0.0,0.0,0.0,0.0,0.0,0.0,0.0,0.0,0.0,0.0,0.0,0.0,0.0,0.0,0.0,0.0,0.0,0.0,0.0,0.0,0.0,0.0,0.0,0.0,0.0,0.0,0.0,0.0,0.0,0.0,128,0.03253631293773651,0
False,False,212.84031572989173,False,0.0,0.0013578869047619047,0.0,0.0013578869047619047,0.21210907668523105,0.0,0.0,0.0,0.0,0.0,0.0,0.0,0.0,0.0,0.0,0.0,0.0,0.0,0.0,0.0,0.0,0.0,0.0,0.0,0.0,0.0,0.0,0.0,0.0,0.0,0.0,0.0,0.0,0.0,0.0,0.0,0.0,0.0,0.0,0.0,0.0,0.0,0.0,129,0.03864838555455208,0
False,False,24.186773244895647,False,0.18809748207871227,0.10424584740990991,1.8043642672794962,0.19943673411138874,0.7573844190761545,0.18871300888072418,0.31750810745886215,0.1913629671720433,0.32125048779430254,0.17012402243463148,0.29077947153099387,0.16163477798255782,0.2782884621675554,0.1449408085771722,0.2531848065705535,0.11374906857832935,0.20426336916901214,0.07287484726828417,0.13584967054421215,0.0335195530726257,0.06486486486486487,0.012512599492544576,0.0247159383474649,0.0030536571179293295,0.006088721368512612,0.0,0.0,0.0,0.0,0.0,0.0,0.0,0.0,0.0,0.0,0.0,0.0,0.0,0.0,0.0,0.0,0.0,0.0,130,0.7157936692237854,1
False,True,0.0,True,0.4656894843442259,0.13415152186761228,3.4713693729378083,0.4584825101717806,0.8345434673514037,0.33620593918663794,0.5032247340425532,0.1913014863160204,0.3211638506514433,0.1739359368143923,0.29632952081931674,0.15906886517943744,0.2744769874476987,0.14357189471394388,0.25109377972227503,0.1283239195278289,0.2274593621688509,0.11348227545683476,0.2038331062077764,0.09972135715456483,0.18135749843503146,0.08671384431376458,0.1595891039163533,0.07506215980108864,0.13964245530691335,0.06421862814905231,0.12068690859272947,0.05402820941907722,0.10251757768201407,0.04439637412443346,0.08501824637538219,0.03383005816154455,0.06544607190412782,0.023611206718524128,0.04613315400134499,0.015109795553108006,0.02976977587902214,0.008639085840159703,0.01713018256270261,0.004199077579679218,0.00836303811351796,0.0013079094100640187,0.0026124020349236905,131,0.8437890410423279,1
False,False,298.4845054605012,False,0.0026388433846771292,0.006295214245965498,0.41918245854274483,0.005978575922706151,0.5149202156022672,0.0014326824508750478,0.002861265616713738,0.0,0.0,0.0,0.0,0.0,0.0,0.0,0.0,0.0,0.0,0.0,0.0,0.0,0.0,0.0,0.0,0.0,0.0,0.0,0.0,0.0,0.0,0.0,0.0,0.0,0.0,0.0,0.0,0.0,0.0,0.0,0.0,0.0,0.0,0.0,0.0,132,0.46094754338264465,1
False,False,250.04999500099976,False,0.001135346419105083,0.004310941828254848,0.26336389223899437,0.0033431956000285696,0.397118081880477,0.0008093452397010818,0.0016173814594172035,0.0,0.0,0.0,0.0,0.0,0.0,0.0,0.0,0.0,0.0,0.0,0.0,0.0,0.0,0.0,0.0,0.0,0.0,0.0,0.0,0.0,0.0,0.0,0.0,0.0,0.0,0.0,0.0,0.0,0.0,0.0,0.0,0.0,0.0,0.0,0.0,133,0.5741091370582581,1
False,False,4.0,True,0.041591780208937716,0.006767349498327759,6.145948309484418,0.17649552467510435,0.967688621968079,0.018935978358881875,0.03716814159292035,0.03744217424826523,0.07218170839332992,0.06282344956307796,0.11821991618439433,0.08297067846186773,0.15322793148880107,0.10164835164835165,0.18453865336658354,0.12848043676069154,0.22770520883728432,0.1584833606110202,0.27360489757475864,0.1853997682502897,0.3128054740957967,0.17212389380530974,0.2936957342393356,0.1425891181988743,0.24958949096880131,0.116600790513834,0.2088495575221239,0.09015544041450778,0.16539923954372623,0.06482982171799027,0.121765601217656,0.044382022471910115,0.0849919311457773,0.02613240418118467,0.050933786078098474,0.01437125748502994,0.02833530106257379,0.006142506142506142,0.01221001221001221,0.0012523481527864746,0.0025015634771732333,0.0,0.0,134,0.6570630669593811,1
False,False,109.00458705944443,False,0.005732119031865808,0.006863962472406181,0.8351034923208718,0.009521799005856495,0.672073592803824,0.009818387412606698,0.019445847956410713,0.0009851820576230975,0.001968424858393926,0.0,0.0,0.0,0.0,0.0,0.0,0.0,0.0,0.0,0.0,0.0,0.0,0.0,0.0,0.0,0.0,0.0,0.0,0.0,0.0,0.0,0.0,0.0,0.0,0.0,0.0,0.0,0.0,0.0,0.0,0.0,0.0,0.0,0.0,135,0.531225860118866,1
False,False,202.5561650505854,False,0.08759762115604353,0.06811779350104821,1.2859726754756897,0.11868334720265092,0.7439401042076161,0.0748824082784572,0.13933134955364956,0.008116692153864251,0.016102683780630105,0.00030614978378171523,0.000612112169555071,0.0,0.0,0.0,0.0,0.0,0.0,0.0,0.0,0.0,0.0,0.0,0.0,0.0,0.0,0.0,0.0,0.0,0.0,0.0,0.0,0.0,0.0,0.0,0.0,0.0,0.0,0.0,0.0,0.0,0.0,0.0,0.0,136,0.4874744415283203,1
False,False,147.70917371646217,False,0.06293181400516945,0.06300578517924024,0.9988259621896568,0.07150175858546984,0.5655620859276317,0.0767909715407262,0.14262930052403736,0.06030979445197008,0.11375881797478198,0.021569307062681634,0.04222778995719804,0.0016327110101512032,0.003260099220411056,0.0,0.0,0.0,0.0,0.0,0.0,0.0,0.0,0.0,0.0,0.0,0.0,0.0,0.0,0.0,0.0,0.0,0.0,0.0,0.0,0.0,0.0,0.0,0.0,0.0,0.0,0.0,0.0,0.0,0.0,137,0.529079794883728,1
False,False,153.91231269784754,False,0.010056343894413273,0.03328081232492997,0.30216641938394856,0.025769322217783417,0.40343270842628925,0.009894646924829158,0.01959540424332135,0.0,0.0,0.0,0.0,0.0,0.0,0.0,0.0,0.0,0.0,0.0,0.0,0.0,0.0,0.0,0.0,0.0,0.0,0.0,0.0,0.0,0.0,0.0,0.0,0.0,0.0,0.0,0.0,0.0,0.0,0.0,0.0,0.0,0.0,0.0,0.0,138,0.5747210383415222,0
False,False,69.72087205421343,False,0.019509011386941808,0.027404538904899134,0.7118897878429242,0.0256881475898564,0.5086482320526479,0.03071731655571,0.05960376538226082,0.029169545861322883,0.0566855985558931,0.023039674011638454,0.045041604146773974,0.01645766684344687,0.03238239501809308,0.010547452969773833,0.02087473069924073,0.004156678737185699,0.00827894456154608,0.0004914004914004914,0.0009823182711198428,0.0,0.0,0.0,0.0,0.0,0.0,0.0,0.0,0.0,0.0,0.0,0.0,0.0,0.0,0.0,0.0,0.0,0.0,0.0,0.0,0.0,0.0,0.0,0.0,139,0.6526569724082947,0
False,False,182.70194306574848,False,0.031908921389292834,0.05889963624338624,0.5417507377709119,0.07177946576925784,0.6312757697178046,0.017420372419313074,0.03424419815358986,0.0,0.0,0.0,0.0,0.0,0.0,0.0,0.0,0.0,0.0,0.0,0.0,0.0,0.0,0.0,0.0,0.0,0.0,0.0,0.0,0.0,0.0,0.0,0.0,0.0,0.0,0.0,0.0,0.0,0.0,0.0,0.0,0.0,0.0,0.0,0.0,140,0.19767194986343384,0
False,False,291.5681738461864,False,0.012260937995307671,0.05610832678197065,0.21852260971801946,0.03987233972857334,0.3180497448114213,0.010771917275041553,0.02131423932726932,0.009788768675940238,0.019387755102040816,0.007560257984061106,0.015007058732522385,0.004017638412542871,0.008003123170017569,0.000590493061706525,0.0011802891708468574,0.0,0.0,0.0,0.0,0.0,0.0,0.0,0.0,0.0,0.0,0.0,0.0,0.0,0.0,0.0,0.0,0.0,0.0,0.0,0.0,0.0,0.0,0.0,0.0,0.0,0.0,0.0,0.0,141,0.537649393081665,0
False,True,0.0,True,0.0845586389577943,0.015406746031746032,5.4884164886965,0.6464779452417861,0.9487145700687023,0.03125628949804774,0.06061788871757841,0.047138851717326194,0.09003362188312973,0.07047574383825751,0.13167181833670016,0.10429646411521967,0.18889214536928486,0.14140017286084702,0.24776616689383613,0.18944023466145196,0.31853678586107687,0.25635320295116526,0.4080909768829232,0.33589659685863876,0.5028781383955909,0.4145043246839654,0.5860771401693321,0.47956483387239046,0.6482511923688394,0.4101910828025478,0.5817524841915086,0.32034771410173857,0.4852475006096074,0.23953638119768192,0.3864935064935065,0.17450096587250483,0.29714912280701755,0.12169993560849968,0.21699196326061998,0.07726980038634901,0.1434548714883443,0.04507405022537025,0.0862600123228589,0.021571152607855762,0.04223132682004412,0.006761107533805538,0.013431403901503039,142,0.6751798987388611,1
False,False,167.72000476985446,False,0.017137898363161593,0.014787137681159421,1.1589733410677119,0.01756034288628878,0.5612435174836417,0.01674701023972491,0.03294233486022518,0.01924406360026366,0.03776144357866179,0.022242341196045807,0.043516767599396794,0.02167634854771784,0.04243290662161284,0.01986844476482249,0.03896276008304987,0.013354093059464639,0.026356222668715283,0.001200750469043152,0.0023986207930439996,0.0,0.0,0.0,0.0,0.0,0.0,0.0,0.0,0.0,0.0,0.0,0.0,0.0,0.0,0.0,0.0,0.0,0.0,0.0,0.0,0.0,0.0,0.0,0.0,143,0.2810952961444855,1
False,False,110.6752004741803,False,0.00040630191576008156,0.0058135474860335195,0.06988881001422664,0.00402702587906658,0.3234803691209428,0.0,0.0,0.0,0.0,0.0,0.0,0.0,0.0,0.0,0.0,0.0,0.0,0.0,0.0,0.0,0.0,0.0,0.0,0.0,0.0,0.0,0.0,0.0,0.0,0.0,0.0,0.0,0.0,0.0,0.0,0.0,0.0,0.0,0.0,0.0,0.0,0.0,0.0,144,0.6230660676956177,0
False,False,257.4975728040946,False,0.0037931456145494343,0.004101015406162465,0.9249283991592899,0.0052915918834349745,0.6373733969224418,0.005838000073203763,0.01160823129127927,0.0034978256759311778,0.006971267074894018,0.0006563833278634722,0.0013119055428009183,0.0,0.0,0.0,0.0,0.0,0.0,0.0,0.0,0.0,0.0,0.0,0.0,0.0,0.0,0.0,0.0,0.0,0.0,0.0,0.0,0.0,0.0,0.0,0.0,0.0,0.0,0.0,0.0,0.0,0.0,0.0,0.0,145,0.33748504519462585,0
False,False,272.2590678012396,False,0.0006609728435061079,0.0018288352272727273,0.3614173839443106,0.0013671633555689833,0.35500635261815544,0.0017204646145891833,0.0034350193998504966,0.0,0.0,0.0,0.0,0.0,0.0,0.0,0.0,0.0,0.0,0.0,0.0,0.0,0.0,0.0,0.0,0.0,0.0,0.0,0.0,0.0,0.0,0.0,0.0,0.0,0.0,0.0,0.0,0.0,0.0,0.0,0.0,0.0,0.0,0.0,0.0,146,0.7941577434539795,1
False,False,267.3200329193456,False,0.00908878528368176,0.008706039755351683,1.043963218533984,0.012857754194109644,0.6934461898780215,0.018848954364575395,0.03700048821531334,0.009259579770847036,0.018349253168247218,0.0002638290387828687,0.0005275189027606822,0.0,0.0,0.0,0.0,0.0,0.0,0.0,0.0,0.0,0.0,0.0,0.0,0.0,0.0,0.0,0.0,0.0,0.0,0.0,0.0,0.0,0.0,0.0,0.0,0.0,0.0,0.0,0.0,0.0,0.0,0.0,0.0,147,0.7130252718925476,0
False,False,330.9048201522607,False,0.012567832087483997,0.011960078534031414,1.0508151808303994,0.01466886103957922,0.5559053833469414,0.01842020592020592,0.036174077876944946,0.01920582748512037,0.037687829027647037,0.017022971716903465,0.03347608105285147,0.0034708555480015744,0.006917700755954928,0.0,0.0,0.0,0.0,0.0,0.0,0.0,0.0,0.0,0.0,0.0,0.0,0.0,0.0,0.0,0.0,0.0,0.0,0.0,0.0,0.0,0.0,0.0,0.0,0.0,0.0,0.0,0.0,0.0,0.0,148,0.6658481359481812,0
False,False,71.7007670809734,False,0.003660133284164097,0.025634328358208957,0.14278249201688178,0.01729660341441833,0.23358112915616824,0.005740882128384331,0.011416225054380356,0.0,0.0,0.0,0.0,0.0,0.0,0.0,0.0,0.0,0.0,0.0,0.0,0.0,0.0,0.0,0.0,0.0,0.0,0.0,0.0,0.0,0.0,0.0,0.0,0.0,0.0,0.0,0.0,0.0,0.0,0.0,0.0,0.0,0.0,0.0,0.0,149,0.6276185512542725,0
False,False,130.24976007655445,False,0.01178280287114888,0.021785013089005236,0.5408673762558164,0.01773577528438214,0.4436710930155723,0.010883173049564673,0.02153200951348917,0.009117134770302635,0.018069527225653335,0.004759250525232603,0.009473414696594691,0.0,0.0,0.0,0.0,0.0,0.0,0.0,0.0,0.0,0.0,0.0,0.0,0.0,0.0,0.0,0.0,0.0,0.0,0.0,0.0,0.0,0.0,0.0,0.0,0.0,0.0,0.0,0.0,0.0,0.0,0.0,0.0,150,0.5964732766151428,0
False,False,213.84340064636083,False,0.00668679130809943,0.00807904411764706,0.827671097066232,0.011818034496408326,0.6885746540950893,0.007094128746643443,0.014088313185724323,0.0,0.0,0.0,0.0,0.0,0.0,0.0,0.0,0.0,0.0,0.0,0.0,0.0,0.0,0.0,0.0,0.0,0.0,0.0,0.0,0.0,0.0,0.0,0.0,0.0,0.0,0.0,0.0,0.0,0.0,0.0,0.0,0.0,0.0,0.0,0.0,151,0.4894111752510071,1
False,False,157.95252451290546,False,0.024327884066612748,0.008427622126436782,2.8866842511006876,0.03594579699484171,0.8904733103738776,0.0302395866749962,0.05870398898685634,0.04213444213444213,0.08086181673094826,0.04333752053338487,0.08307478583005325,0.01713888674438354,0.03370018975332068,0.0,0.0,0.0,0.0,0.0,0.0,0.0,0.0,0.0,0.0,0.0,0.0,0.0,0.0,0.0,0.0,0.0,0.0,0.0,0.0,0.0,0.0,0.0,0.0,0.0,0.0,0.0,0.0,0.0,0.0,152,0.506353497505188,1
False,False,207.15453169071634,False,0.002646472351275273,0.005188160211267606,0.510098424780269,0.004397125028338635,0.44658988047481973,0.005115770174764172,0.010179464548396588,0.0,0.0,0.0,0.0,0.0,0.0,0.0,0.0,0.0,0.0,0.0,0.0,0.0,0.0,0.0,0.0,0.0,0.0,0.0,0.0,0.0,0.0,0.0,0.0,0.0,0.0,0.0,0.0,0.0,0.0,0.0,0.0,0.0,0.0,0.0,0.0,153,0.6995006799697876,1
False,False,70.0,False,5.8534274428243414e-05,0.006845238095238095,0.008551094003430341,0.004292598211053238,0.0866770375051212,0.0,0.0,0.0,0.0,0.0,0.0,0.0,0.0,0.0,0.0,0.0,0.0,0.0,0.0,0.0,0.0,0.0,0.0,0.0,0.0,0.0,0.0,0.0,0.0,0.0,0.0,0.0,0.0,0.0,0.0,0.0,0.0,0.0,0.0,0.0,0.0,0.0,0.0,154,0.8336262106895447,1
False,False,21.213203435596427,False,0.03939866742235373,0.018637628424657535,2.1139313717741786,0.041096295531716356,0.7864693119467645,0.04414198385625992,0.08455168844611205,0.03589924078636432,0.06931029461728874,0.03811357074109721,0.07342851844984238,0.039342964575499705,0.07570737651852698,0.038272816486751716,0.07372400756143667,0.036755455887983374,0.07090477446584015,0.03469387755102041,0.0670611439842209,0.032769475840097095,0.06345941975762028,0.029114941502188085,0.05658248719951402,0.02476621107799815,0.04833533894905736,0.01970615671641791,0.03865065751858205,0.013113034356150013,0.02588661661920787,0.006298520580049803,0.012518195050946142,0.0004918032786885246,0.0009831230542356219,0.0,0.0,0.0,0.0,0.0,0.0,0.0,0.0,0.0,0.0,155,0.6143473982810974,1
False,False,63.34824385884742,False,0.0964834867154729,0.01565340909090909,6.163736356414966,0.18574430764683245,0.9582761737243696,0.04763633848601169,0.09094059977883774,0.07011783869079433,0.13104694858012653,0.09567349798563671,0.17463870060109987,0.1172836722730757,0.20994430543223827,0.13225806451612904,0.2336182336182336,0.14448286702294877,0.2524858539801132,0.1519959793222286,0.2638828295419134,0.15760781122864118,0.2722991495044633,0.15986331732545253,0.27565889003901584,0.16153846153846155,0.2781456953642384,0.17066027689030883,0.2915624289288151,0.16471734892787523,0.2828451882845188,0.14158088949310546,0.2480435522286492,0.11281929990539262,0.20276301806588734,0.07378588677220284,0.1374312843578211,0.03299643281807372,0.06388489208633094,0.006780755569906361,0.013470173187940988,0.0,0.0,0.0,0.0,156,0.6067397594451904,1
False,False,116.49892703368559,False,0.005845945165746108,0.010017605633802816,0.5835671096913514,0.010131544952860477,0.5478280122988779,0.007773303761762236,0.015426691167044143,1.6912461101339467e-05,3.382435014967275e-05,0.0,0.0,0.0,0.0,0.0,0.0,0.0,0.0,0.0,0.0,0.0,0.0,0.0,0.0,0.0,0.0,0.0,0.0,0.0,0.0,0.0,0.0,0.0,0.0,0.0,0.0,0.0,0.0,0.0,0.0,0.0,0.0,0.0,0.0,157,0.6078386306762695,1
False,False,436.152496267074,False,0.03666420842816565,0.009998292349726776,3.667047046205603,0.05307132231648066,0.908069057850672,0.029304995540817225,0.05694132578346188,0.03821513063599786,0.0736169788097535,0.04777644935180627,0.09119588320841257,0.0576019545198271,0.10892936472678809,0.06822414084983917,0.1277337559429477,0.07446164013878945,0.13860269619150137,0.04934992310918496,0.09405808686384226,0.015530105847648794,0.030585219991456643,0.0,0.0,0.0,0.0,0.0,0.0,0.0,0.0,0.0,0.0,0.0,0.0,0.0,0.0,0.0,0.0,0.0,0.0,0.0,0.0,0.0,0.0,158,0.5870650410652161,1
False,False,191.47062437878037,False,0.0022636521214808064,0.0028444840604026846,0.795804115407962,0.004901814159901104,0.7281257336984139,0.0,0.0,0.0,0.0,0.0,0.0,0.0,0.0,0.0,0.0,0.0,0.0,0.0,0.0,0.0,0.0,0.0,0.0,0.0,0.0,0.0,0.0,0.0,0.0,0.0,0.0,0.0,0.0,0.0,0.0,0.0,0.0,0.0,0.0,0.0,0.0,0.0,0.0,159,0.15132364630699158,0
False,False,322.4437935516824,False,0.0002577317976977507,0.004577805417357656,0.056300295491046766,0.0031265414227013336,0.317116015813916,0.0,0.0,0.0,0.0,0.0,0.0,0.0,0.0,0.0,0.0,0.0,0.0,0.0,0.0,0.0,0.0,0.0,0.0,0.0,0.0,0.0,0.0,0.0,0.0,0.0,0.0,0.0,0.0,0.0,0.0,0.0,0.0,0.0,0.0,0.0,0.0,0.0,0.0,160,0.43080824613571167,0
False,True,0.0,True,0.2994267098693817,0.01176321138211382,25.45450388868005,0.7139604004499894,0.9953832639065919,0.17292250233426704,0.29485750676643846,0.27488620621413024,0.4312325364793542,0.32951359258807755,0.4956904456262608,0.3690576652601969,0.5391411547154304,0.4091275600709563,0.5806820782787824,0.44811753902662993,0.6188966391883323,0.4772399588053553,0.6461238148354713,0.5031013094417643,0.6694176983035305,0.5041572184429327,0.6703517587939698,0.48032564450474896,0.6489459211732356,0.44090382387022015,0.6119823080016084,0.3934929404542664,0.5647577092511014,0.3396958912973148,0.5071238831200193,0.27603640040444893,0.4326465927099842,0.2112234227953991,0.3487769784172662,0.15074839629365644,0.2620006193868071,0.09247930910399424,0.16930171277997366,0.042476601871850254,0.08149171270718232,0.011879049676025918,0.023479188900747065,161,0.8241691589355469,1
False,True,0.0,True,0.20288737407966206,0.009872159090909091,20.551469259292386,0.4950115301256526,0.9932107657810346,0.11940373926225366,0.2133345370830136,0.2068995709657648,0.3428612884503772,0.283741216379937,0.4420536051340128,0.32773497688751924,0.49367529302541485,0.3614706434064903,0.531000275558005,0.3792140863216663,0.5498988011832477,0.3852813852813853,0.55625,0.374900714853058,0.5453495089543616,0.348937392303274,0.5173515009580584,0.3109062980030722,0.47433794234825405,0.2695567144719687,0.4246469833119384,0.22888659083074803,0.3725105189340813,0.18679724338048603,0.3147921760391198,0.14572293716881152,0.25437727122563597,0.10493343774471417,0.18993621545003544,0.07128473620620218,0.1330827067669173,0.04365733113673806,0.08366219415943173,0.0225752508361204,0.044153720359771054,0.008435259384226065,0.016729401923881223,162,0.7039211392402649,1
False,False,54.78138369920935,False,0.00025972622920151985,0.001160453216374269,0.22381447656546719,0.0009893757988380307,0.4572430655134562,0.0,0.0,0.0,0.0,0.0,0.0,0.0,0.0,0.0,0.0,0.0,0.0,0.0,0.0,0.0,0.0,0.0,0.0,0.0,0.0,0.0,0.0,0.0,0.0,0.0,0.0,0.0,0.0,0.0,0.0,0.0,0.0,0.0,0.0,0.0,0.0,0.0,0.0,163,0.12453115731477737,0
False,False,62.96824596572466,False,0.00024962881560747165,0.0021361137667304016,0.11686119882536071,0.0020160709530367147,0.5125544638276484,0.0,0.0,0.0,0.0,0.0,0.0,0.0,0.0,0.0,0.0,0.0,0.0,0.0,0.0,0.0,0.0,0.0,0.0,0.0,0.0,0.0,0.0,0.0,0.0,0.0,0.0,0.0,0.0,0.0,0.0,0.0,0.0,0.0,0.0,0.0,0.0,0.0,0.0,164,0.057086922228336334,0
False,True,0.0,True,0.25550539252600013,0.01505199016100179,16.97485779574778,0.6489436133557106,0.9914636671095283,0.14582299047705014,0.254529699070427,0.25961054221923785,0.41220763643632974,0.3507638072855464,0.5193562418442801,0.41074827939669056,0.582312642723687,0.43993866075992505,0.6110519465152053,0.44310927525347354,0.614103564923237,0.4358294225668231,0.6070768793519966,0.41628365068942874,0.5878535002318034,0.38906976744186045,0.5601875104637536,0.3654747225647349,0.535307928481127,0.33967178952852306,0.5070970250826365,0.30809185347184254,0.471055381400209,0.2668938103350369,0.421335723890632,0.22108345534407028,0.36211031175059955,0.1739783653846154,0.29639109291016125,0.12603495860165592,0.2238562091503268,0.07766089108910891,0.1441286247487798,0.036521200866604764,0.07046879665571812,0.011142061281337047,0.02203856749311295,165,0.8888446092605591,1
False,False,199.06029237394384,False,0.008668005325558033,0.008552900326797386,1.0134580077356925,0.010969196228921344,0.6272496221542098,0.014303852938863108,0.02820427606070677,0.011093377470394673,0.02194332930584246,0.0,0.0,0.0,0.0,0.0,0.0,0.0,0.0,0.0,0.0,0.0,0.0,0.0,0.0,0.0,0.0,0.0,0.0,0.0,0.0,0.0,0.0,0.0,0.0,0.0,0.0,0.0,0.0,0.0,0.0,0.0,0.0,0.0,0.0,166,0.7053623795509338,1
False,False,192.27584351654787,False,0.003151267105930056,0.0013773350846468183,2.287945134816715,0.004715475107457397,0.8630176825867938,0.0032942100440682405,0.00656678771010459,0.005373091840728748,0.010688752035110072,0.006900266776113277,0.01370595878022062,0.005627123442808607,0.011191272215379201,0.0,0.0,0.0,0.0,0.0,0.0,0.0,0.0,0.0,0.0,0.0,0.0,0.0,0.0,0.0,0.0,0.0,0.0,0.0,0.0,0.0,0.0,0.0,0.0,0.0,0.0,0.0,0.0,0.0,0.0,167,0.5858333706855774,0
False,True,0.0,True,0.12893737592772458,0.003778782894736842,34.12140350992668,0.5452454848152,0.9966584295893007,0.05978013400117088,0.11281610606432604,0.08173247954464603,0.1511140343665214,0.09764130896727582,0.177911141225438,0.11400570648802878,0.2046770601336303,0.1314923451137502,0.23242286292362166,0.14989398140596966,0.26070921985815604,0.16733430444282593,0.2866947434097645,0.18847415914684168,0.3171699741156169,0.20907206999769745,0.34583888783088934,0.2284237726098191,0.37189734960033655,0.24838898652606914,0.3979352416705772,0.26560951437066405,0.4197337509788567,0.2839366515837104,0.4422907488986784,0.297008547008547,0.45799011532125206,0.31848101265822787,0.48310291858678955,0.34549878345498786,0.5135623869801085,0.3794139744552968,0.5501089324618736,0.3068081343943413,0.469553450608931,0.19635627530364372,0.32825719120135366,168,0.8701881170272827,1
False,False,8.54400374531753,True,0.1347073571701148,0.006928969359331476,19.44118240163667,0.2678978756788773,0.9902644398912447,0.07922368748444887,0.146816064923687,0.11264416613599378,0.20248012718600955,0.13520169851380043,0.23819854866462184,0.1585378067100651,0.27368603042876904,0.18189204875217643,0.3077980750343744,0.20678057311987086,0.3426978818283166,0.22739258569877463,0.3705295084038923,0.2434689888039808,0.39159639845648136,0.2505054589567327,0.4006467259498787,0.2510325837540156,0.4013206162876009,0.24921630094043887,0.3989962358845671,0.23739934387116016,0.383706917329477,0.21509824198552224,0.35404255319148936,0.16335282651072125,0.2808310991957105,0.10940919037199125,0.19723865877712032,0.057971014492753624,0.1095890410958904,0.016877637130801686,0.03319502074688797,0.0017211703958691911,0.003436426116838488,0.0,0.0,169,0.9843375086784363,1
False,False,268.79360111431225,False,0.006319734142220021,0.0016200838833883389,3.90086847170071,0.00958614707469974,0.9237343530217441,0.004520979985369773,0.00900126542988802,0.006321154910212773,0.012562897797327468,0.00861930999794234,0.017091304742043702,0.011156818748441785,0.022067435122973555,0.012338966036473147,0.024377143329339337,0.011114327062228655,0.02198431327646419,0.008391834099895102,0.016643994558694086,0.003329264232604594,0.00663643402278509,0.0,0.0,0.0,0.0,0.0,0.0,0.0,0.0,0.0,0.0,0.0,0.0,0.0,0.0,0.0,0.0,0.0,0.0,0.0,0.0,0.0,0.0,170,0.2492092400789261,0
False,False,2.0,True,0.11979248950121746,0.005064655172413793,23.652644735559534,0.34388972846812954,0.9934678719009519,0.06548065587825527,0.12291289478978072,0.11003061408247794,0.19824789097988318,0.14383239171374765,0.2514920765589628,0.1768847169257847,0.30059820538384846,0.2071389940508383,0.3431899641577061,0.23330384785493144,0.3783396091088399,0.24542518837459634,0.3941227312013829,0.266820580474934,0.421244467586566,0.26752839796318056,0.4221260815822003,0.25616438356164384,0.4078516902944384,0.23754588358678552,0.38389830508474576,0.21247792819305475,0.3504854368932039,0.17692307692307693,0.3006535947712418,0.1390593047034765,0.24416517055655296,0.0995702005730659,0.18110749185667752,0.06666666666666667,0.125,0.038729666924864445,0.07457121551081283,0.01506740681998414,0.0296875,0.002425222312045271,0.004838709677419355,171,0.6036757230758667,1
False,True,0.0,True,0.06633541196994207,0.0024664594240837697,26.89499422622129,0.9419271315748389,0.999850650592011,0.021821734882206057,0.04271143221419464,0.03706435552277337,0.07147937411095306,0.05110602593440122,0.09724238026124818,0.06378252591495663,0.11991647608630804,0.07783658190267201,0.1444311377245509,0.09366262814538677,0.17128248828291437,0.11199851411589896,0.20143644563220311,0.13486915678819056,0.23768230193141507,0.16448445171849427,0.28250175685172174,0.20735900962861073,0.34349188265451436,0.26919642857142856,0.4241997889553289,0.35283791691047395,0.5216262975778547,0.46671826625387,0.6364116094986807,0.630965005302227,0.7737321196358907,0.7792022792022792,0.8759007205764612,0.6224,0.7672583826429981,0.38879736408566723,0.5599051008303677,0.19071310116086235,0.3203342618384401,0.05638474295190713,0.10675039246467818,172,0.6300549507141113,1
False,False,237.22773868163057,False,1.1523769372482557e-05,0.0022122352285395765,0.005209106709728178,0.001655520491328883,0.10816702062233054,0.0,0.0,0.0,0.0,0.0,0.0,0.0,0.0,0.0,0.0,0.0,0.0,0.0,0.0,0.0,0.0,0.0,0.0,0.0,0.0,0.0,0.0,0.0,0.0,0.0,0.0,0.0,0.0,0.0,0.0,0.0,0.0,0.0,0.0,0.0,0.0,0.0,0.0,173,0.6819770932197571,0
False,False,169.83815825661793,False,0.015833782406724055,0.004048494397759104,3.9110298424738503,0.021226468580933987,0.8274355056425324,0.010419071363713313,0.020623267432296585,0.01844717252187541,0.03622607636328663,0.02401880621422731,0.04691086934823835,0.027597402597402596,0.053712480252764615,0.030303030303030304,0.058823529411764705,0.03170577045022194,0.06146281499692686,0.03185988323603003,0.06175234400258649,0.028961175236096537,0.05629206608199062,0.024032380470528712,0.04693675889328063,0.019572417946401688,0.0383933845245127,0.014669051878354204,0.028913963328631876,0.009318085556967387,0.018464120856063786,0.0025075225677031092,0.0050025012506253125,0.0,0.0,0.0,0.0,0.0,0.0,0.0,0.0,0.0,0.0,0.0,0.0,174,0.6426601409912109,0
False,False,35.84689665786984,False,0.022507695204850395,0.0045213161021984555,4.978129088100299,0.031156962870489177,0.9259522593253453,0.03005940594059406,0.05836441231881272,0.035655274371684496,0.06885548744646906,0.03517835178351784,0.0679657794676806,0.03210795718939041,0.062218214607754736,0.025777941447247283,0.050260276431520375,0.020244622522142555,0.03968582058701943,0.016209773539928488,0.03190241613886934,0.011296395911780527,0.022340425531914895,0.005451241671714113,0.010843373493975903,0.0,0.0,0.0,0.0,0.0,0.0,0.0,0.0,0.0,0.0,0.0,0.0,0.0,0.0,0.0,0.0,0.0,0.0,0.0,0.0,175,0.2843748927116394,0
False,False,187.0,False,0.0002877417131504186,0.0025669642857142857,0.11209416303598915,0.00191831633488052,0.33347575203018015,0.0,0.0,0.0,0.0,0.0,0.0,0.0,0.0,0.0,0.0,0.0,0.0,0.0,0.0,0.0,0.0,0.0,0.0,0.0,0.0,0.0,0.0,0.0,0.0,0.0,0.0,0.0,0.0,0.0,0.0,0.0,0.0,0.0,0.0,0.0,0.0,0.0,0.0,176,0.11879133433103561,1
False,False,75.7099729229908,False,0.0016007583959415405,0.0016787574404761906,0.9535376328622406,0.0026636560668238185,0.7084283629082287,0.002891444031112614,0.005766215373202273,0.0,0.0,0.0,0.0,0.0,0.0,0.0,0.0,0.0,0.0,0.0,0.0,0.0,0.0,0.0,0.0,0.0,0.0,0.0,0.0,0.0,0.0,0.0,0.0,0.0,0.0,0.0,0.0,0.0,0.0,0.0,0.0,0.0,0.0,0.0,0.0,177,0.11879133433103561,1
False,False,226.24102192131292,False,0.0027308476342773284,0.0016154188948306596,1.6904888527774689,0.003241250161745775,0.7741391749144862,0.004424664934530394,0.00881034703547189,0.0038996100389961006,0.007768924302788844,0.0011698787020503663,0.0023370233702337023,0.0,0.0,0.0,0.0,0.0,0.0,0.0,0.0,0.0,0.0,0.0,0.0,0.0,0.0,0.0,0.0,0.0,0.0,0.0,0.0,0.0,0.0,0.0,0.0,0.0,0.0,0.0,0.0,0.0,0.0,0.0,0.0,178,0.30588769912719727,1
False,False,248.1954874690513,False,0.0015150416047839585,0.0012626262626262627,1.199912950988895,0.0021336500024438597,0.7147181889739238,0.003498752283193126,0.006973107390981106,0.0,0.0,0.0,0.0,0.0,0.0,0.0,0.0,0.0,0.0,0.0,0.0,0.0,0.0,0.0,0.0,0.0,0.0,0.0,0.0,0.0,0.0,0.0,0.0,0.0,0.0,0.0,0.0,0.0,0.0,0.0,0.0,0.0,0.0,0.0,0.0,179,0.30588769912719727,1
False,False,96.04686356149273,False,0.0,0.000830078125,0.0,0.000830078125,0.174208734463829,0.0,0.0,0.0,0.0,0.0,0.0,0.0,0.0,0.0,0.0,0.0,0.0,0.0,0.0,0.0,0.0,0.0,0.0,0.0,0.0,0.0,0.0,0.0,0.0,0.0,0.0,0.0,0.0,0.0,0.0,0.0,0.0,0.0,0.0,0.0,0.0,0.0,0.0,180,0.2507537603378296,0
False,False,142.21462653327893,False,1.6299357502099877e-06,0.0008541666666666667,0.0019082174636604733,0.0006873184487251651,0.16718586353485881,0.0,0.0,0.0,0.0,0.0,0.0,0.0,0.0,0.0,0.0,0.0,0.0,0.0,0.0,0.0,0.0,0.0,0.0,0.0,0.0,0.0,0.0,0.0,0.0,0.0,0.0,0.0,0.0,0.0,0.0,0.0,0.0,0.0,0.0,0.0,0.0,0.0,0.0,181,0.1378907859325409,0
False,False,18.384776310850235,False,0.14547090572975413,0.017348090277777777,8.385413229956306,0.18187538220195387,0.9484716854513895,0.12006414111044297,0.2143879742304939,0.17215244694673018,0.29373729909477186,0.1997738675711964,0.3330192013193545,0.19979304306296267,0.3330458435613348,0.19389098569296936,0.3248051757094545,0.18637544501106515,0.31419302514193026,0.17840622371740958,0.30279239896511734,0.1648765996343693,0.28307994114762136,0.14528650646950092,0.2537120723047127,0.12260638297872341,0.21843165126747216,0.09523809523809523,0.17391304347826086,0.06814677767499229,0.12759815242494227,0.04014659336998168,0.07719410634208841,0.01925152932709608,0.03777581641659312,0.006264682850430697,0.012451361867704281,0.00042176296921130323,0.0008431703204047217,0.0,0.0,0.0,0.0,0.0,0.0,182,0.9727885723114014,1
False,True,0.0,True,0.15975028258394652,0.012876907023603916,12.405951389655723,0.8606312900743737,0.9973961520203927,0.041686080372743156,0.0800357826761528,0.0967949151396308,0.1765050399186215,0.16243971631205673,0.27948067161265133,0.21984181832143132,0.3604431574971673,0.26805958961866394,0.4227870548248855,0.34326378000241226,0.511089162251953,0.3949685534591195,0.5662759242560865,0.4415213946117274,0.6125769569041337,0.48559155181671737,0.6537349397590362,0.5262522631261316,0.6896006326611309,0.5623592976136875,0.7198847262247838,0.5948254207485556,0.7459442431879036,0.6150208623087622,0.7616259042369962,0.593937575030012,0.7452457164375824,0.5547024952015355,0.7135802469135802,0.5003394433129668,0.6669683257918552,0.30613668061366806,0.4687666844634277,0.11421585749214111,0.20501567398119122,0.028641285365001747,0.05568760611205433,183,0.9257464408874512,1
False,False,22.20360331117452,False,0.04500632784946172,0.0018709115472127418,24.055828783841505,0.1085378743779812,0.9928649296991833,0.01681981622053536,0.03308317944285097,0.029839109788078532,0.05794907088781831,0.046596568898727174,0.08904399323181049,0.061911764705882354,0.11660434842819555,0.06882458721595554,0.1287855613337412,0.07658722939785337,0.1422777965528895,0.08544753399634666,0.15744203440538518,0.09566007725516928,0.1746163417669017,0.10371123538383324,0.1879318286503915,0.11057142857142857,0.19912528942629276,0.11645813282001925,0.20862068965517241,0.121464829586657,0.21661817006142903,0.12546583850931678,0.2229580573951435,0.12251655629139073,0.2182890855457227,0.11657458563535912,0.20880752102919348,0.09741550695825049,0.17753623188405798,0.05620805369127517,0.10643367752184273,0.0,0.0,0.0,0.0,184,0.798445999622345,1
False,False,1.0,True,0.023885681572811318,0.0010434973637961336,22.89002579356571,0.3281782449630642,0.9987782402705317,0.005693452529590971,0.011322441277250832,0.015592942141977841,0.030707070707070707,0.034249662009914375,0.06623093681917211,0.05243790248390064,0.09965034965034965,0.07645875251509054,0.14205607476635515,0.09612141652613827,0.1753846153846154,0.11497730711043873,0.2062415196743555,0.1386861313868613,0.24358974358974358,0.16826568265682657,0.2880606443461781,0.20437956204379562,0.3393939393939394,0.2365470852017937,0.3825929283771532,0.2638121546961326,0.4174863387978142,0.28793103448275864,0.44712182061579653,0.28421052631578947,0.4426229508196721,0.24685138539042822,0.39595959595959596,0.18694362017804153,0.315,0.12203389830508475,0.2175226586102719,0.06870229007633588,0.12857142857142856,0.016597510373443983,0.0326530612244898,185,0.6373987793922424,1
False,False,268.47718711279737,False,0.00018669931476797308,0.0012462797619047618,0.14980530092427213,0.0009756710121236337,0.3937630422932365,0.0,0.0,0.0,0.0,0.0,0.0,0.0,0.0,0.0,0.0,0.0,0.0,0.0,0.0,0.0,0.0,0.0,0.0,0.0,0.0,0.0,0.0,0.0,0.0,0.0,0.0,0.0,0.0,0.0,0.0,0.0,0.0,0.0,0.0,0.0,0.0,0.0,0.0,186,0.6517695784568787,0
False,False,7.615773105863909,True,0.04386021480432516,0.0035482889461626575,12.360947901877706,0.11091858201148964,0.972226316129081,0.024167647152351576,0.0471947092247027,0.05309315003555345,0.1008327706504614,0.09107951882518356,0.16695303550973653,0.11526980482204363,0.20671196211653284,0.13094877235525917,0.23157330474403645,0.1305575158786168,0.23096129837702872,0.12626877791311408,0.22422494592645997,0.119870908252651,0.2140798682585426,0.1077003121748179,0.1944574917801785,0.09281961471103327,0.16987179487179488,0.07351984385165908,0.13696969696969696,0.0547945205479452,0.1038961038961039,0.035828025477707005,0.06917755572636433,0.014821272885789015,0.029209621993127148,0.002857142857142857,0.005698005698005698,0.0,0.0,0.0,0.0,0.0,0.0,0.0,0.0,187,0.1512099653482437,1
False,False,1.0,True,0.04117113299291271,0.003066417691857059,13.42645951405889,0.11407451489524492,0.9865719331505319,0.017355714433737436,0.0341192646534603,0.03065519765739385,0.0594868152357276,0.04115731924565391,0.07906071154640391,0.05371172037838705,0.10194765672550213,0.06969014688538651,0.13029968928535632,0.08518781006378455,0.15700104493207942,0.09855640705756549,0.17942894224529526,0.10499683744465528,0.19004006868918144,0.10863714215806215,0.19598322666078127,0.10959681998864282,0.19754350051177072,0.11063265982113282,0.19922457500745602,0.10994560994560995,0.19810990549527477,0.10709382151029748,0.1934683753617197,0.09844836811128946,0.1792498782269849,0.08604206500956023,0.15845070422535212,0.06732223903177005,0.1261516654854713,0.05244122965641953,0.09965635738831616,0.032397408207343416,0.06276150627615062,0.014267185473411154,0.028132992327365727,188,0.26619952917099,1
False,False,116.37869220780924,False,0.002814004482681464,0.0013239059590316573,2.1255320013361882,0.003540427752938056,0.8262136840183312,0.003790771623366705,0.007552911882694702,0.005049664280561567,0.010048586572438163,0.00486803072944398,0.009688895617288622,0.0014526337633590427,0.0029010533586599895,0.0,0.0,0.0,0.0,0.0,0.0,0.0,0.0,0.0,0.0,0.0,0.0,0.0,0.0,0.0,0.0,0.0,0.0,0.0,0.0,0.0,0.0,0.0,0.0,0.0,0.0,0.0,0.0,0.0,0.0,189,0.1436299979686737,0
False,False,61.40032573203501,False,0.00035069947645444604,0.0010111416361416362,0.34683516524219327,0.0009970357689979665,0.5150766294362396,0.0004490690032858708,0.0008977348616721954,0.0,0.0,0.0,0.0,0.0,0.0,0.0,0.0,0.0,0.0,0.0,0.0,0.0,0.0,0.0,0.0,0.0,0.0,0.0,0.0,0.0,0.0,0.0,0.0,0.0,0.0,0.0,0.0,0.0,0.0,0.0,0.0,0.0,0.0,0.0,0.0,190,0.20728324353694916,0
False,True,0.0,True,0.30950620375984683,0.021179624664879357,14.613394177521881,0.6742432996314012,0.9898925727077222,0.14557180697915467,0.2541469789886398,0.2792459088898717,0.4365789359955054,0.3342341733666644,0.5010127607859024,0.36864798275331073,0.5387038703870387,0.39115617278691317,0.5623468887800098,0.40971055088702146,0.5812690422572526,0.4246923624529645,0.5961881647512314,0.43624531215530554,0.6074802242531295,0.43981921979067556,0.6109367255906162,0.4375238823079862,0.6087187666135034,0.430166076776477,0.6015610127546164,0.4164855859771114,0.5880548169359787,0.3961508852963818,0.5674900749889722,0.36484947111472743,0.5346369381185168,0.32978723404255317,0.496,0.28520114942528735,0.4438233650083846,0.23751429660693862,0.3838570548367221,0.15166436872168604,0.2633829314178211,0.04806170886075949,0.09171541800339687,191,0.8403670191764832,1
False,True,0.0,True,0.2261113001125228,0.0203125,11.131633236308815,0.5794023905514252,0.9898066591291182,0.09432457073393101,0.17238865553511298,0.15216325530089472,0.2641348864422105,0.2618256604967568,0.4149949849548646,0.3437653843448906,0.5116449468781075,0.4156302372761754,0.5872016948096455,0.4631271513507875,0.6330648035930705,0.45410235580828595,0.6245810055865921,0.4317158579289645,0.6030747728860937,0.4038208168642951,0.5753167526982638,0.3734325478848009,0.5437945219223438,0.3391804457225018,0.5065492806527807,0.3055597182676457,0.46808999081726355,0.2703588143525741,0.42564165540955423,0.23548544478777036,0.3812031064894037,0.19826264690853346,0.33091684434968016,0.16226889247890863,0.2792277992277992,0.1272449369507069,0.22576271186440677,0.07718388512165936,0.14330679503795593,0.024768425291985502,0.0483395559048929,192,0.9282611608505249,1
False,False,288.4874347350331,False,0.0036082993054105464,0.00876234802431611,0.41179593590636565,0.0077017012037911186,0.486467025904478,0.006039021368844844,0.012005541018931814,0.0,0.0,0.0,0.0,0.0,0.0,0.0,0.0,0.0,0.0,0.0,0.0,0.0,0.0,0.0,0.0,0.0,0.0,0.0,0.0,0.0,0.0,0.0,0.0,0.0,0.0,0.0,0.0,0.0,0.0,0.0,0.0,0.0,0.0,0.0,0.0,193,0.6759026050567627,0
False,False,16.15549442140351,False,0.08462534978752591,0.004839341692789968,17.486954871074182,0.21511747069288395,0.9921215663304684,0.027830201966141797,0.05415330647592425,0.06562603786117568,0.12316898335722745,0.11626265003530242,0.20830697870546067,0.14197442161230062,0.24864728828488739,0.16138516824567134,0.2779184247538678,0.1817178591134817,0.3075486381322957,0.2048942347573621,0.34010327022375214,0.22505258237906053,0.3674170164059519,0.24108079748163694,0.3885013739167195,0.2503677552221242,0.40047058823529413,0.2469741576709192,0.39611752360965374,0.23790469261549654,0.3843667352336174,0.2102090032154341,0.3473928927266689,0.16341030195381884,0.28091603053435116,0.1156496062992126,0.20732245258050286,0.061269146608315096,0.1154639175257732,0.015441630636195183,0.030413625304136254,0.0,0.0,0.0,0.0,194,0.8927307724952698,1
False,False,76.38062581571324,False,0.0005016974003615802,0.004215976331360947,0.11899910268225551,0.0032325010705926468,0.3336954419666767,0.0,0.0,0.0,0.0,0.0,0.0,0.0,0.0,0.0,0.0,0.0,0.0,0.0,0.0,0.0,0.0,0.0,0.0,0.0,0.0,0.0,0.0,0.0,0.0,0.0,0.0,0.0,0.0,0.0,0.0,0.0,0.0,0.0,0.0,0.0,0.0,0.0,0.0,195,0.2821285128593445,1
False,False,12.206555615733702,True,0.041847307670849536,0.0015496222527472527,27.004844307482294,0.10271275505990321,0.9937629988881868,0.026016142980686077,0.05071293109503407,0.043420736107770024,0.08322766570605188,0.055131337813072695,0.10450137501809234,0.06666666666666667,0.125,0.0798495907984959,0.14789020893076607,0.09460167714884696,0.17285132870481207,0.1061675360540043,0.19195561719833565,0.11209964412811388,0.2016,0.11506622516556292,0.20638455827765403,0.11434108527131782,0.20521739130434782,0.10858442296759523,0.19589743589743588,0.09645010046885466,0.17593158216249236,0.07869634340222575,0.14591009579955785,0.058485139022051776,0.1105072463768116,0.03755868544600939,0.07239819004524888,0.007215007215007215,0.014326647564469915,0.0,0.0,0.0,0.0,0.0,0.0,196,0.893768846988678,1
False,False,17.4928556845359,False,0.010323166604406851,0.0018302869496855346,5.640190247862771,0.05171044985532578,0.9815843493006439,0.0038956964319952587,0.00776115774943788,0.007182684427875886,0.014262922782386726,0.01171383647798742,0.023156422410443703,0.017967682289573118,0.03530108588351431,0.027247451343836885,0.05304944063514976,0.03755911240451073,0.07239898325883075,0.046722733947403554,0.08927432725417676,0.056789069171648165,0.10747474747474747,0.06355645706558485,0.11951684678957407,0.05853219270598829,0.11059123777116121,0.04265927977839335,0.0818278427205101,0.016894087069525665,0.033226837060702875,0.003869969040247678,0.007710100231303007,0.0,0.0,0.0,0.0,0.0,0.0,0.0,0.0,0.0,0.0,0.0,0.0,197,0.7162408232688904,1
False,False,14.317821063276353,True,0.04687450600293235,0.0031637396694214875,14.816170387212578,0.3391903293898489,0.9960443198373117,0.011545348873739437,0.02282715033309005,0.021768103065304308,0.042608695652173914,0.03446982131970173,0.06664248798621815,0.05185551008889516,0.09859816218391576,0.07150501021500145,0.1334664971854004,0.0926860025220681,0.16964800923254472,0.1149155722326454,0.20614219604543543,0.1337707308182978,0.23597492364571612,0.15531686358754027,0.26887318705838603,0.18198198198198198,0.3079268292682927,0.1981460023174971,0.3307543520309478,0.2148220698661443,0.35366836871808655,0.23159452460229374,0.37608891559026736,0.2511727078891258,0.4014996591683708,0.27626262626262627,0.4329244163039177,0.3125778331257783,0.476280834914611,0.30184331797235026,0.46371681415929206,0.2188365650969529,0.35909090909090907,0.10302351623740201,0.18680203045685279,198,0.9292197823524475,1
False,True,0.0,True,0.05135360223181393,0.004212328767123288,12.191261668040378,0.3426534264223905,0.9893276605626049,0.018376036453275565,0.03608890192914252,0.03898882637292971,0.0750514834871482,0.06437944231820666,0.12097084885064852,0.1026406429391504,0.18617242815493545,0.17276630545900634,0.29463040446304045,0.2054942095340695,0.3409294012511171,0.22361477572559366,0.3654986522911051,0.23949246629659002,0.38643634037108127,0.2487191429902189,0.39835882133532263,0.2516163793103448,0.4020662935858803,0.2371756185878093,0.38341463414634147,0.21768251841929,0.35753575357535755,0.18952802359882007,0.31866088034717915,0.16090104585679807,0.2772002772002772,0.12878133102852204,0.22817764165390506,0.09659613615455381,0.1761744966442953,0.06647398843930635,0.12466124661246612,0.045,0.0861244019138756,0.018292682926829267,0.03592814371257485,199,0.7502424120903015,1
False,True,0.0,True,0.10917314314513747,0.004600971778487753,23.72827924213447,0.4458899517622097,0.9944873227501897,0.044957522051949105,0.08604660209281519,0.13700688791484034,0.24099570437272827,0.1776184122748499,0.301656989095029,0.21689839572192512,0.3564774125505361,0.2523464735854116,0.40299785867237686,0.28036470205144903,0.4379450661241099,0.2948282370705927,0.4553935860058309,0.2949978623343309,0.45559590623968305,0.29142581888246627,0.45132413278627376,0.28140161725067386,0.43920908708456036,0.2673444976076555,0.42189712128362433,0.25181758096497026,0.40232312565997885,0.22286125089863407,0.3644914756025867,0.18996138996138995,0.3192731992212849,0.15858668857847166,0.27375886524822696,0.12241379310344827,0.21812596006144394,0.07936507936507936,0.14705882352941177,0.03849597135183527,0.07413793103448275,0.018083182640144666,0.035523978685612786,200,0.7759515643119812,1
False,True,0.0,True,0.1233643120838684,0.005378364833906071,22.937140914309136,0.7780158048900571,0.9984057915644432,0.03674492540963561,0.07088518016158518,0.11182435575402364,0.20115471508660362,0.20720565419755216,0.34328145080679706,0.2744918931262845,0.43074717792510303,0.33131201764057333,0.4977225672877847,0.38624678663239076,0.5572554473806213,0.43622164373373,0.6074572760227861,0.46956151553852704,0.6390498261877172,0.49178743961352656,0.6593264248704663,0.5092896174863388,0.6748732802317161,0.5048899755501223,0.6709991876523151,0.48654104979811574,0.6545948392937981,0.4382761139517896,0.6094464195022854,0.38884524744697563,0.5599547511312217,0.3071253071253071,0.4699248120300752,0.21030756442227763,0.3475274725274725,0.12479201331114809,0.22189349112426035,0.059900166389351084,0.1130298273155416,0.018302828618968387,0.03594771241830065,201,0.7574906945228577,0
False,False,12.0,True,0.027039649360608424,0.006053163322185061,4.467027886313118,0.044034696302914025,0.9145918499731983,0.01744499805469446,0.03429177614131172,0.022791393317243957,0.044567041659050496,0.027076415661979363,0.052725221315743795,0.031574028098256275,0.06121524435132227,0.03578566310946868,0.0690985874472113,0.04049067517702204,0.07782996261861401,0.04866843729811213,0.09281949483195291,0.054763764154627095,0.10384081443776029,0.05569782330345711,0.1055184960582171,0.05263157894736842,0.1,0.04576304052743843,0.08752086037455961,0.03619803829985988,0.06986702727067838,0.025714285714285714,0.05013927576601671,0.015924719507781397,0.031350195938724616,0.005891016200294551,0.01171303074670571,0.0,0.0,0.0,0.0,0.0,0.0,0.0,0.0,202,0.3709178566932678,0
False,False,46.32493928760188,False,0.000996174354539823,0.002575648414985591,0.38676643471364314,0.0029315517218405553,0.6016974508868707,0.0006942099140680701,0.0013874566419799382,0.0,0.0,0.0,0.0,0.0,0.0,0.0,0.0,0.0,0.0,0.0,0.0,0.0,0.0,0.0,0.0,0.0,0.0,0.0,0.0,0.0,0.0,0.0,0.0,0.0,0.0,0.0,0.0,0.0,0.0,0.0,0.0,0.0,0.0,0.0,0.0,203,0.19704091548919678,0
False,False,66.2117814289874,False,0.00020889979977107399,0.0022296831955922864,0.09369035035292647,0.00163757649260859,0.29643522069277667,0.0,0.0,0.0,0.0,0.0,0.0,0.0,0.0,0.0,0.0,0.0,0.0,0.0,0.0,0.0,0.0,0.0,0.0,0.0,0.0,0.0,0.0,0.0,0.0,0.0,0.0,0.0,0.0,0.0,0.0,0.0,0.0,0.0,0.0,0.0,0.0,0.0,0.0,204,0.1967402696609497,0
False,False,145.6193668438371,False,0.00035429044289628345,0.0011420107033639144,0.310233907486754,0.0009509004691267544,0.44709592214488003,0.0007993449270841457,0.0015974129702140923,0.00016659404874798164,0.0003331325995874281,0.0,0.0,0.0,0.0,0.0,0.0,0.0,0.0,0.0,0.0,0.0,0.0,0.0,0.0,0.0,0.0,0.0,0.0,0.0,0.0,0.0,0.0,0.0,0.0,0.0,0.0,0.0,0.0,0.0,0.0,0.0,0.0,0.0,0.0,205,0.29197829961776733,1
False,False,291.8715470887836,False,0.0004404746456295774,0.0017488143631436315,0.2518704414331259,0.0013715372708811016,0.4256260284204418,0.0007216108574679785,0.0014421810214524427,4.2066296483257616e-05,8.412905396878812e-05,0.0,0.0,0.0,0.0,0.0,0.0,0.0,0.0,0.0,0.0,0.0,0.0,0.0,0.0,0.0,0.0,0.0,0.0,0.0,0.0,0.0,0.0,0.0,0.0,0.0,0.0,0.0,0.0,0.0,0.0,0.0,0.0,0.0,0.0,206,0.6049193143844604,1
False,False,315.01269815675687,False,0.0003637796384034293,0.001323499177631579,0.2748620056224124,0.001248923561697274,0.49558517523617485,0.0,0.0,0.0,0.0,0.0,0.0,0.0,0.0,0.0,0.0,0.0,0.0,0.0,0.0,0.0,0.0,0.0,0.0,0.0,0.0,0.0,0.0,0.0,0.0,0.0,0.0,0.0,0.0,0.0,0.0,0.0,0.0,0.0,0.0,0.0,0.0,0.0,0.0,207,0.527466356754303,1
False,False,37.8021163428716,False,0.08620654217556752,0.007522963258785943,11.459120456940733,0.24937142374688037,0.9890339159594342,0.028509269769201664,0.055438041458973276,0.06045895851721095,0.1140241364960466,0.07956285307005966,0.1473982785602504,0.09387068643328765,0.17163031718011504,0.10851875855116296,0.19579056775367026,0.12338300311118389,0.21966328984767874,0.138727791586118,0.24365400161681489,0.15595570733726585,0.26982990152193376,0.1754978455805287,0.2985932236972459,0.19817677368212447,0.33079722130334105,0.21559220389805098,0.3547113961519487,0.23295750216825672,0.3778840742824986,0.24822695035460993,0.3977272727272727,0.24823529411764705,0.3977379830348728,0.23662663755458516,0.382696976384904,0.21965317919075145,0.36018957345971564,0.16698879010436798,0.2861874792977807,0.027014218009478674,0.05260729118597139,0.0,0.0,208,0.8041836619377136,0
False,False,163.3431969810803,False,5.853006710126671e-05,0.0025378184713375795,0.023063141734648154,0.0018321496316981937,0.33034802576555694,0.0,0.0,0.0,0.0,0.0,0.0,0.0,0.0,0.0,0.0,0.0,0.0,0.0,0.0,0.0,0.0,0.0,0.0,0.0,0.0,0.0,0.0,0.0,0.0,0.0,0.0,0.0,0.0,0.0,0.0,0.0,0.0,0.0,0.0,0.0,0.0,0.0,0.0,209,0.29802191257476807,0
True,False,411.1216365018995,False,0.000627743764351541,0.001264613309352518,0.4963918691263386,0.0013462100665097181,0.5712197116782501,0.0010389168014987651,0.002075677147134885,0.0,0.0,0.0,0.0,0.0,0.0,0.0,0.0,0.0,0.0,0.0,0.0,0.0,0.0,0.0,0.0,0.0,0.0,0.0,0.0,0.0,0.0,0.0,0.0,0.0,0.0,0.0,0.0,0.0,0.0,0.0,0.0,0.0,0.0,0.0,0.0,210,0.28956538438796997,0
False,False,25.079872407968907,False,0.07517244781301868,0.005426646706586827,13.852467624578338,0.08954929307557873,0.9732995953222824,0.07860676289218677,0.14575610981968964,0.08637676235773739,0.15901805957313736,0.08984807324680551,0.1648818316100443,0.09385566048734989,0.1716052014495843,0.0963432735123465,0.17575384615384615,0.0957397366382649,0.17474904566661953,0.09282178217821782,0.16987542468856173,0.08867886587572893,0.16291097155522719,0.08222932846048424,0.15196285352469396,0.07324675324675324,0.13649564375605033,0.06175771971496437,0.116331096196868,0.046227056424201225,0.08836907082521117,0.031702544031311154,0.061456752655538696,0.012623985572587917,0.024933214603739984,0.0,0.0,0.0,0.0,0.0,0.0,0.0,0.0,0.0,0.0,211,0.8389133810997009,1
False,True,0.0,True,0.258581663125132,0.018498411016949153,13.97858783050105,0.34820954634277973,0.9758877765173111,0.2063282124325974,0.3420764105591634,0.23832761804273278,0.3849185216742997,0.24285181037700634,0.3907976934166266,0.24926882259547087,0.3990635451505017,0.25512190599796053,0.40652928576704334,0.25900010140959334,0.4114377768828031,0.25958896582041985,0.4121804380071547,0.2577209797657082,0.40982218458933106,0.25338907893069806,0.4043262913170929,0.24665314401622718,0.39570452326716565,0.23858891288696904,0.3852592420367356,0.22793330273825915,0.3712470412358291,0.2161285088430959,0.3554369579719813,0.20113265831474172,0.33490498642663236,0.18570135746606334,0.3132346206686002,0.16688893122499524,0.2860408163265306,0.14023172193367958,0.24597056762438682,0.09007314524555904,0.165260736196319,0.021897810218978103,0.04285714285714286,212,0.9015213251113892,1
False,False,152.5909564816998,False,0.0002765714847665978,0.003210382513661202,0.08614907525495727,0.0028678605935483228,0.30308259497777285,0.0,0.0,0.0,0.0,0.0,0.0,0.0,0.0,0.0,0.0,0.0,0.0,0.0,0.0,0.0,0.0,0.0,0.0,0.0,0.0,0.0,0.0,0.0,0.0,0.0,0.0,0.0,0.0,0.0,0.0,0.0,0.0,0.0,0.0,0.0,0.0,0.0,0.0,213,0.050903256982564926,0
False,False,122.0245876862528,False,0.002287201988243544,0.004997068156732892,0.4577087837318849,0.0045495002241752016,0.5137032734853347,0.0031432723831412443,0.006266846361185983,0.0005910483047659986,0.0011813983460423156,0.0,0.0,0.0,0.0,0.0,0.0,0.0,0.0,0.0,0.0,0.0,0.0,0.0,0.0,0.0,0.0,0.0,0.0,0.0,0.0,0.0,0.0,0.0,0.0,0.0,0.0,0.0,0.0,0.0,0.0,0.0,0.0,0.0,0.0,214,0.10536853969097137,0
False,True,0.0,True,0.05732413298304972,0.004954954954954955,11.569052292942763,0.3294415415895153,0.9923539377477811,0.017613209907430573,0.03461670846240842,0.03088170785202515,0.059913193951944624,0.05585823856122719,0.10580632232854065,0.09296593009948059,0.17011679420056383,0.13109869646182495,0.23180770497201186,0.16996507566938301,0.29054726368159206,0.1955674122717012,0.3271541366289049,0.21560879229439367,0.3547338480292564,0.22977725674091443,0.3736892278360343,0.23488773747841105,0.3804195804195804,0.23284907183212267,0.37774140752864155,0.22825070159027128,0.37166793602437165,0.21440085975282105,0.3530973451327434,0.19145093317278747,0.3213744315310763,0.16312997347480107,0.2805017103762828,0.13090909090909092,0.2315112540192926,0.09904153354632587,0.18023255813953487,0.06948109058927,0.1299342105263158,0.03853383458646616,0.07420814479638009,215,0.6493558883666992,1
False,False,172.01162751395617,False,0.001835619201184264,0.0029825846354166667,0.6154458047517664,0.0037200530226182754,0.635506209853834,0.0023573183373805364,0.004703548912658497,0.0,0.0,0.0,0.0,0.0,0.0,0.0,0.0,0.0,0.0,0.0,0.0,0.0,0.0,0.0,0.0,0.0,0.0,0.0,0.0,0.0,0.0,0.0,0.0,0.0,0.0,0.0,0.0,0.0,0.0,0.0,0.0,0.0,0.0,0.0,0.0,216,0.495341420173645,1
False,False,255.0,False,0.004043780461305822,0.0024084944751381217,1.678966052464754,0.005223038153472431,0.7886295036223324,0.007051954452968014,0.014005145259459121,0.0056030547024155395,0.011143670807709768,0.0,0.0,0.0,0.0,0.0,0.0,0.0,0.0,0.0,0.0,0.0,0.0,0.0,0.0,0.0,0.0,0.0,0.0,0.0,0.0,0.0,0.0,0.0,0.0,0.0,0.0,0.0,0.0,0.0,0.0,0.0,0.0,0.0,0.0,217,0.5533975958824158,1
False,False,91.26883367283708,False,0.0010563722950573996,0.006448193215339233,0.16382454119775083,0.004694323140050921,0.369741305595219,0.0,0.0,0.0,0.0,0.0,0.0,0.0,0.0,0.0,0.0,0.0,0.0,0.0,0.0,0.0,0.0,0.0,0.0,0.0,0.0,0.0,0.0,0.0,0.0,0.0,0.0,0.0,0.0,0.0,0.0,0.0,0.0,0.0,0.0,0.0,0.0,0.0,0.0,218,0.3195834755897522,0
False,False,56.61271941887264,False,0.0,0.0032690293296089384,0.0,0.0032690293296089384,0.16118289975522287,0.0,0.0,0.0,0.0,0.0,0.0,0.0,0.0,0.0,0.0,0.0,0.0,0.0,0.0,0.0,0.0,0.0,0.0,0.0,0.0,0.0,0.0,0.0,0.0,0.0,0.0,0.0,0.0,0.0,0.0,0.0,0.0,0.0,0.0,0.0,0.0,0.0,0.0,219,0.20253069698810577,0
False,False,129.46814279968643,False,0.012997569564756532,0.007210891222401723,1.802491420807683,0.015639635469000025,0.7826074241645331,0.01617626400700215,0.03183751595065929,0.018192224989558033,0.03573436241814674,0.019208613966678483,0.037693193922135514,0.017556539283885928,0.03450725066587748,0.012818007737699793,0.02531157155534977,0.0020038072337441137,0.003999600039996,0.0,0.0,0.0,0.0,0.0,0.0,0.0,0.0,0.0,0.0,0.0,0.0,0.0,0.0,0.0,0.0,0.0,0.0,0.0,0.0,0.0,0.0,0.0,0.0,0.0,0.0,220,0.4857630431652069,0
False,False,238.17010727629108,False,0.006219782756890178,0.006352257853403142,0.9791451953667165,0.007442018812246422,0.6043090312671499,0.0077503656336404304,0.01538151887202195,0.007198635670047572,0.01429437136848109,0.00677182919056724,0.013452559943024451,0.004477145732828931,0.008914380485108148,0.001674156313331571,0.003342716396903589,0.0,0.0,0.0,0.0,0.0,0.0,0.0,0.0,0.0,0.0,0.0,0.0,0.0,0.0,0.0,0.0,0.0,0.0,0.0,0.0,0.0,0.0,0.0,0.0,0.0,0.0,0.0,0.0,221,0.6609997153282166,0
False,False,159.47727110782904,False,0.0034569201312757668,0.0024671052631578946,1.4012049598771108,0.004844236875573819,0.7686733408903546,0.0069605568445475635,0.013824884792626729,0.004521759734618118,0.00900281092131386,0.0012824444506398282,0.002561603786718641,0.0,0.0,0.0,0.0,0.0,0.0,0.0,0.0,0.0,0.0,0.0,0.0,0.0,0.0,0.0,0.0,0.0,0.0,0.0,0.0,0.0,0.0,0.0,0.0,0.0,0.0,0.0,0.0,0.0,0.0,0.0,0.0,222,0.13813458383083344,0
False,False,122.8087944733601,False,0.003243986687205599,0.0020007621951219513,1.6213754413766652,0.0049746054024758105,0.8180809353335606,0.004279557578132064,0.008522642019025898,0.0,0.0,0.0,0.0,0.0,0.0,0.0,0.0,0.0,0.0,0.0,0.0,0.0,0.0,0.0,0.0,0.0,0.0,0.0,0.0,0.0,0.0,0.0,0.0,0.0,0.0,0.0,0.0,0.0,0.0,0.0,0.0,0.0,0.0,0.0,0.0,223,0.5070608258247375,0
False,False,37.16180835212409,False,0.03005688056982308,0.005366379310344827,5.600960877268236,0.04216429612398881,0.9437960069786633,0.02908846401216161,0.05653248487258885,0.04804457527333894,0.09168422108536463,0.053890606101330465,0.10226982912522316,0.05566977700458643,0.10546816479400749,0.052277157540315436,0.09936005389019872,0.04838239580297289,0.0922991381706978,0.04380729055638457,0.08393750638210967,0.037045639298571596,0.07144456886898096,0.030575995940116722,0.05933768312199926,0.023657111049262453,0.046220772158781946,0.017775053631627336,0.0349292381812707,0.012249064307587616,0.024201680672268907,0.008173351073940316,0.016214177978883863,0.004303851947493006,0.008570816370259268,0.001235788433020267,0.0024685262898049864,0.0,0.0,0.0,0.0,0.0,0.0,0.0,0.0,224,0.888106644153595,1
False,False,223.503914954526,False,0.0,0.007728441455696203,0.0,0.007728441455696203,0.1920823014097281,0.0,0.0,0.0,0.0,0.0,0.0,0.0,0.0,0.0,0.0,0.0,0.0,0.0,0.0,0.0,0.0,0.0,0.0,0.0,0.0,0.0,0.0,0.0,0.0,0.0,0.0,0.0,0.0,0.0,0.0,0.0,0.0,0.0,0.0,0.0,0.0,0.0,0.0,225,0.17567473649978638,0
False,False,200.0024999843752,False,0.0,0.005145155325443787,0.0,0.005145155325443787,0.17510350499751404,0.0,0.0,0.0,0.0,0.0,0.0,0.0,0.0,0.0,0.0,0.0,0.0,0.0,0.0,0.0,0.0,0.0,0.0,0.0,0.0,0.0,0.0,0.0,0.0,0.0,0.0,0.0,0.0,0.0,0.0,0.0,0.0,0.0,0.0,0.0,0.0,0.0,0.0,226,0.19054871797561646,0
False,False,273.38617375427015,False,0.003305189485287299,0.0057664756446991405,0.5731732324796359,0.005000040914714928,0.45370007858231415,0.006026943984873552,0.011981675085163866,0.004596095157554142,0.009150135422004246,0.0023200722885681493,0.004629404025144973,0.0001322314049586777,0.0002644278442519997,0.0,0.0,0.0,0.0,0.0,0.0,0.0,0.0,0.0,0.0,0.0,0.0,0.0,0.0,0.0,0.0,0.0,0.0,0.0,0.0,0.0,0.0,0.0,0.0,0.0,0.0,0.0,0.0,0.0,0.0,227,0.5192164182662964,0
False,False,253.6631624812716,False,8.140554804027145e-06,0.0026326943140323423,0.003092100271815735,0.0018215655128639783,0.2802128876721285,0.0,0.0,0.0,0.0,0.0,0.0,0.0,0.0,0.0,0.0,0.0,0.0,0.0,0.0,0.0,0.0,0.0,0.0,0.0,0.0,0.0,0.0,0.0,0.0,0.0,0.0,0.0,0.0,0.0,0.0,0.0,0.0,0.0,0.0,0.0,0.0,0.0,0.0,228,0.6433759927749634,0
False,False,171.64206943520577,False,0.0,0.001186650413711584,0.0,0.001186650413711584,0.178105020825725,0.0,0.0,0.0,0.0,0.0,0.0,0.0,0.0,0.0,0.0,0.0,0.0,0.0,0.0,0.0,0.0,0.0,0.0,0.0,0.0,0.0,0.0,0.0,0.0,0.0,0.0,0.0,0.0,0.0,0.0,0.0,0.0,0.0,0.0,0.0,0.0,0.0,0.0,229,0.12538853287696838,0
False,False,85.09406559801923,False,0.002444704479357318,0.007790834719911259,0.31379236850055575,0.0072760610582636555,0.5181843806005422,0.0022791725385806496,0.004547979447298987,0.0,0.0,0.0,0.0,0.0,0.0,0.0,0.0,0.0,0.0,0.0,0.0,0.0,0.0,0.0,0.0,0.0,0.0,0.0,0.0,0.0,0.0,0.0,0.0,0.0,0.0,0.0,0.0,0.0,0.0,0.0,0.0,0.0,0.0,0.0,0.0,230,0.12151462584733963,0
False,False,58.0,False,0.037652275182250415,0.01141541204437401,3.2983719760520622,0.04763364819246443,0.8752395579193006,0.029230417903630967,0.056800532504992236,0.0371171277919308,0.07157750421296163,0.04495883358550628,0.0860490043062111,0.0485674600371966,0.09263583295913785,0.05319944757739671,0.10102445021171971,0.05756659872074225,0.10886614382560149,0.06302870918255533,0.11858326804931349,0.06359707624179693,0.11958866315525457,0.05165065835506647,0.09822778685054134,0.01549092565874402,0.03050923502579825,0.004392112886646108,0.008745813174544101,0.0005850690381465013,0.0011694538650450239,0.0,0.0,0.0,0.0,0.0,0.0,0.0,0.0,0.0,0.0,0.0,0.0,0.0,0.0,231,0.6522246599197388,1
False,False,25.317977802344327,False,0.10837615958579579,0.008907331314878893,12.167074037625971,0.19500123832582594,0.9811798669124987,0.05376958224543081,0.10205187766163376,0.07695601401323472,0.14291394079589403,0.09701602959309494,0.1768725834007733,0.11640724365574466,0.20853903325557424,0.14162047232136077,0.24810429692696553,0.1723570944965664,0.2940351456150483,0.19439015978848143,0.3255052935514918,0.2108122432754737,0.3482162398774349,0.21996996996996998,0.3606153846153846,0.21664708843765731,0.35613793103448277,0.2013011152416357,0.33513848058177315,0.18035824583075974,0.30559916274201987,0.1561792666364871,0.2701644479248238,0.1288085211790934,0.228220320386219,0.09802328730029786,0.17854500616522812,0.06884377758164166,0.12881915772089184,0.03611738148984198,0.06971677559912855,0.004191114836546521,0.008347245409015025,0.0,0.0,232,0.1568308025598526,1
False,False,65.19202405202648,False,0.0,0.002727049304295221,0.0,0.002727049304295221,0.3290862388451568,0.0,0.0,0.0,0.0,0.0,0.0,0.0,0.0,0.0,0.0,0.0,0.0,0.0,0.0,0.0,0.0,0.0,0.0,0.0,0.0,0.0,0.0,0.0,0.0,0.0,0.0,0.0,0.0,0.0,0.0,0.0,0.0,0.0,0.0,0.0,0.0,0.0,0.0,233,0.020290281623601913,0
False,False,231.19256043393784,False,0.0,0.004678281710914454,0.0,0.004678281710914454,0.333957720715923,0.0,0.0,0.0,0.0,0.0,0.0,0.0,0.0,0.0,0.0,0.0,0.0,0.0,0.0,0.0,0.0,0.0,0.0,0.0,0.0,0.0,0.0,0.0,0.0,0.0,0.0,0.0,0.0,0.0,0.0,0.0,0.0,0.0,0.0,0.0,0.0,0.0,0.0,234,0.017346054315567017,0
False,False,105.67875850898325,False,0.022213026286334637,0.006020969055374593,3.6892776033296952,0.030707660756251073,0.9093575733456767,0.017886842662312136,0.03514505132128162,0.029793228086961145,0.05786254419697009,0.03393866164398166,0.06564927476455626,0.03381863560732113,0.06542469721965155,0.03451229343006852,0.06672186236789558,0.0349202281027744,0.06748390292223873,0.03269262362411697,0.063315303849825,0.028105556747479082,0.05467445742904841,0.019544395547501942,0.03833946934111972,0.00723725613593455,0.01437050921587004,0.0,0.0,0.0,0.0,0.0,0.0,0.0,0.0,0.0,0.0,0.0,0.0,0.0,0.0,0.0,0.0,0.0,0.0,235,0.9918507933616638,1
False,True,0.0,True,0.055984924482084815,0.005512011400651466,10.15689562533705,0.614350307012439,0.9964356819003776,0.01637485258096707,0.03222207345918686,0.028830795442444893,0.05604574740600823,0.03880190605854323,0.07470511140235911,0.04575411913814956,0.08750454490364805,0.05596899224806202,0.10600499192482749,0.07234952234618211,0.13493645651632194,0.09509175520238827,0.17366901860166772,0.12891322461611712,0.2283846478279207,0.1617866746340006,0.2785135656422785,0.20751101743629047,0.3437004125674389,0.26424483702413537,0.41802794725447745,0.31312159127366057,0.47691180063523086,0.3585899513776337,0.5278854756934089,0.386,0.556998556998557,0.3950091296409008,0.5663176265270506,0.37679083094555876,0.5473465140478668,0.32469635627530363,0.4902200488997555,0.22797927461139897,0.37130801687763715,0.11181818181818182,0.20114472608340148,236,0.9918507933616638,1
False,False,115.97413504743201,False,0.018784233911793888,0.005687699044585987,3.3026068651916884,0.0342782732110676,0.9272562325411392,0.02369304755192571,0.046289359117140834,0.044188321354144515,0.08463668947539915,0.04149609229624116,0.0796855458281222,0.027813326507977135,0.05412135801444343,0.00823463056965595,0.01633475050346834,0.0,0.0,0.0,0.0,0.0,0.0,0.0,0.0,0.0,0.0,0.0,0.0,0.0,0.0,0.0,0.0,0.0,0.0,0.0,0.0,0.0,0.0,0.0,0.0,0.0,0.0,0.0,0.0,237,0.985920250415802,1
False,True,0.0,True,0.08796309298624229,0.005851910828025477,15.031516298057186,0.8727455332065308,0.9991110935524653,0.024377098793582356,0.04759399409122182,0.05023708829937203,0.09566809029896278,0.07515337423312883,0.1398002853067047,0.1078503301540719,0.1947019867549669,0.15086593970493906,0.2621781295284807,0.20409580006942035,0.33900259440761027,0.25880281690140844,0.4111888111888112,0.30939226519337015,0.47257383966244726,0.3683056686501722,0.5383382925154497,0.4418954494170741,0.6129368805425144,0.5222121486854034,0.6861226920786182,0.5983651226158038,0.7487214456188204,0.6257982120051085,0.769835035349568,0.5998547567175018,0.7498865183840218,0.513189448441247,0.6782884310618067,0.3849407783417936,0.5558949297495418,0.22534013605442177,0.3678001387925052,0.1054421768707483,0.19076923076923077,0.03231292517006803,0.06260296540362438,238,0.985920250415802,1
False,False,9.848857801796104,True,0.027858955626296374,0.004128086419753086,6.748636727416842,0.08608180826653246,0.9572286067822089,0.01353062827644805,0.02669998892772971,0.026199537855103983,0.05106129342031193,0.04998567745631624,0.09521211294502796,0.07927217203206514,0.14689931619900967,0.1102,0.1985227886867231,0.10948054973212205,0.19735460844005878,0.10583153347732181,0.19140625,0.100625,0.18285065303804657,0.09045045045045046,0.1658955717118308,0.07631688096225632,0.1418111753371869,0.05846007604562738,0.1104625056129322,0.03731746890210925,0.07194994786235662,0.02103960396039604,0.041212121212121214,0.009873060648801129,0.019553072625698324,0.0032025620496397116,0.006384676775738229,0.0,0.0,0.0,0.0,0.0,0.0,0.0,0.0,239,0.8886132836341858,1
False,False,1.0,True,0.12311713011707583,0.007123419943820225,17.283430022103854,0.31501154993933955,0.9899212690318334,0.07569962686567164,0.14074491609937995,0.1514275051315544,0.26302568673527266,0.186219739292365,0.3139717425431711,0.21320300325825187,0.3514712751050911,0.2296658791765103,0.3735419239742006,0.2342218737749902,0.379545815467683,0.23715503702041732,0.38338774029742473,0.23876404494382023,0.3854875283446712,0.23626852659110723,0.382228490832158,0.22800658978583196,0.37134424470083177,0.21112748710390566,0.3486461819288105,0.1933497536945813,0.3240454076367389,0.16659162539396669,0.28560401389424933,0.1326829268292683,0.23428079242032732,0.10078328981723238,0.18311195445920303,0.07337409672040023,0.1367167270844122,0.0481717933836332,0.09191583610188261,0.022754491017964073,0.04449648711943794,0.007931665649786455,0.015738498789346248,240,0.8711660504341125,1
False,False,16.0312195418814,False,0.016680580333363892,0.0015921208530805687,10.476956131244,0.1038707632834342,0.9927502921530493,0.006573918361106865,0.013061968408262455,0.011668224439955377,0.02306729451034154,0.019248943048992787,0.03777083739996096,0.039667043469324835,0.07630720569338736,0.07096774193548387,0.13253012048192772,0.10379500486539085,0.1880693505730238,0.13047664901299952,0.23083475298126066,0.12784588441331,0.2267080745341615,0.10879785090664876,0.19624470018170806,0.08755760368663594,0.16101694915254236,0.05516637478108581,0.1045643153526971,0.031093279839518557,0.06031128404669261,0.010392609699769052,0.02057142857142857,0.0,0.0,0.0,0.0,0.0,0.0,0.0,0.0,0.0,0.0,0.0,0.0,241,0.35248348116874695,1
False,False,173.62603491412224,False,0.0017632679338862177,0.0020875336021505377,0.8446656533191764,0.0026979171760414655,0.6460519175037683,0.0032124118073980656,0.006404250524792751,0.0006470165348670022,0.0012931963503125224,0.0,0.0,0.0,0.0,0.0,0.0,0.0,0.0,0.0,0.0,0.0,0.0,0.0,0.0,0.0,0.0,0.0,0.0,0.0,0.0,0.0,0.0,0.0,0.0,0.0,0.0,0.0,0.0,0.0,0.0,0.0,0.0,0.0,0.0,242,0.45271554589271545,1
False,False,26.832815729997478,False,0.04989305584137965,0.006846816976127321,7.28704389431482,0.08337245791923242,0.9612029812977669,0.03397778691896339,0.06572246976448122,0.05733846812152332,0.1084581141238365,0.07246947617172116,0.13514506059493206,0.08384866015027595,0.1547239263803681,0.09275618374558305,0.16976556184316896,0.09368385875013925,0.17131798737013648,0.08765701802293828,0.16118503640472007,0.07869229505503532,0.14590313737435273,0.06553827986616807,0.12301440709272257,0.04287045666356011,0.08221626452189455,0.01280305093979842,0.025282409897794515,0.0,0.0,0.0,0.0,0.0,0.0,0.0,0.0,0.0,0.0,0.0,0.0,0.0,0.0,0.0,0.0,243,0.5600887537002563,1
False,True,0.0,True,0.10296425802480408,0.012392979452054795,8.308273117303708,0.3109361416810066,0.9757744880723235,0.041610521209507895,0.07989650711513584,0.09964688657307726,0.181234335839599,0.14564920600704176,0.25426492724535876,0.19807196502634233,0.3306511976047904,0.226488592097941,0.36932849364791287,0.236212942301562,0.38215575038679733,0.2338935574229692,0.37911464245175935,0.22910276073619631,0.37279675557635317,0.22055137844611528,0.3613963039014374,0.21197632058287796,0.34980274281420254,0.20392937080328277,0.3387729807890932,0.18873544543731383,0.3175398633257403,0.1703442188879082,0.2911010558069382,0.147712833545108,0.25740381954054803,0.12272883099074391,0.21862595419847328,0.10277264325323475,0.1863895407308079,0.07854026180087267,0.14564178006620082,0.049937054133445236,0.09512390087929656,0.020671834625323,0.04050632911392405,244,0.8315184116363525,1
False,False,179.4017837146554,False,2.7034258199013794e-05,0.004953778135048231,0.005457300965447978,0.004653584307134639,0.14435589369760465,0.0,0.0,0.0,0.0,0.0,0.0,0.0,0.0,0.0,0.0,0.0,0.0,0.0,0.0,0.0,0.0,0.0,0.0,0.0,0.0,0.0,0.0,0.0,0.0,0.0,0.0,0.0,0.0,0.0,0.0,0.0,0.0,0.0,0.0,0.0,0.0,0.0,0.0,245,0.5454260110855103,0
False,False,112.92918134831227,False,0.03059068778388055,0.006912878787878788,4.425173465722994,0.04032717938184437,0.9224538562518213,0.0331866672201237,0.06424137723227738,0.04547066980554033,0.08698602671273019,0.04954062331111511,0.09440439409543426,0.04867006225240521,0.09282245008094982,0.009939837823698667,0.019684019684019685,0.0,0.0,0.0,0.0,0.0,0.0,0.0,0.0,0.0,0.0,0.0,0.0,0.0,0.0,0.0,0.0,0.0,0.0,0.0,0.0,0.0,0.0,0.0,0.0,0.0,0.0,0.0,0.0,246,0.10506293922662735,0
False,False,156.18578680533003,False,0.024146336255615963,0.008263548474945533,2.9220299643459304,0.028369992453429447,0.8309677928069826,0.023073330219523586,0.04510591672753835,0.030661912074754678,0.05949945702957295,0.03525854960932899,0.06811544733947737,0.03498056635202665,0.06759656652360516,0.03227124183006536,0.06252473288484368,0.020348837209302327,0.039886039886039885,0.003825920612147298,0.007622677465459742,0.0,0.0,0.0,0.0,0.0,0.0,0.0,0.0,0.0,0.0,0.0,0.0,0.0,0.0,0.0,0.0,0.0,0.0,0.0,0.0,0.0,0.0,0.0,0.0,247,0.2639022171497345,0
False,False,78.49203781276162,False,0.00031471290151470065,0.001026684997179921,0.3065330674736147,0.0012957235962779863,0.6174159675371245,0.0,0.0,0.0,0.0,0.0,0.0,0.0,0.0,0.0,0.0,0.0,0.0,0.0,0.0,0.0,0.0,0.0,0.0,0.0,0.0,0.0,0.0,0.0,0.0,0.0,0.0,0.0,0.0,0.0,0.0,0.0,0.0,0.0,0.0,0.0,0.0,0.0,0.0,248,0.07600817829370499,0
False,False,270.8966592632696,False,0.003072916187521821,0.0011116425736961452,2.7643023578204264,0.004264022791015678,0.8804506458848103,0.003626748352791585,0.007227285161030248,0.005245695839311335,0.01043664421747469,0.005554197086666434,0.011047036753977628,0.002932551319648094,0.005847953216374269,0.0,0.0,0.0,0.0,0.0,0.0,0.0,0.0,0.0,0.0,0.0,0.0,0.0,0.0,0.0,0.0,0.0,0.0,0.0,0.0,0.0,0.0,0.0,0.0,0.0,0.0,0.0,0.0,0.0,0.0,249,0.2059929221868515,0
False,False,31.016124838541646,False,0.006873286093798506,0.0011153875612745097,6.162240222532758,0.011915903275388027,0.9565953821796852,0.004708021822590423,0.009371920439233353,0.007261281475941162,0.01441787073419758,0.010455159981973862,0.020693961288020694,0.013380683619760289,0.026408010012515644,0.01385138078229811,0.027324282522770235,0.013362755915164889,0.026373094604403582,0.010748770267808344,0.021268925739005046,0.0070921985815602835,0.014084507042253521,0.0010687566797292483,0.002135231316725979,0.0,0.0,0.0,0.0,0.0,0.0,0.0,0.0,0.0,0.0,0.0,0.0,0.0,0.0,0.0,0.0,0.0,0.0,0.0,0.0,250,0.060153551399707794,0
False,False,15.297058540778355,False,0.006696571514597906,0.0012070407542579076,5.547924948660892,0.012398417445501755,0.9531263264441097,0.0035947804919471255,0.007163808664259928,0.004686433329028211,0.009329146236203699,0.005913991012596335,0.011758442700738374,0.007562674924075507,0.015011820330969268,0.009625222630641556,0.019066921893180197,0.011519078473722102,0.022775800711743774,0.012518808305747819,0.024728050882720086,0.01334243044500038,0.02633350789257126,0.01387964635421618,0.027379278012189406,0.013951780687798312,0.02751961375980688,0.013558754603280885,0.026754748142031378,0.012145748987854251,0.024,0.008446566287183254,0.016751638747268753,0.002244668911335578,0.004479283314669653,0.0,0.0,0.0,0.0,0.0,0.0,0.0,0.0,0.0,0.0,251,0.051180023699998856,0
False,True,0.0,True,0.07906237688267224,0.0029488968633705477,26.810831489136945,0.6765792124185462,0.9982539724261472,0.031228008444757212,0.060564701868122496,0.06174449952169754,0.1163076419035138,0.08694587313250061,0.15998197386210006,0.1132015306122449,0.20338012030936695,0.14084507042253522,0.24691358024691357,0.16701952481768995,0.2862326143922596,0.19575406672180864,0.32741526400737836,0.2311950504721589,0.3755620206294631,0.2687838884585593,0.4236874236874237,0.30700934579439254,0.46978905970682877,0.35089751013317894,0.5195027861123017,0.3839031339031339,0.5548121461657232,0.40484429065743943,0.5763546798029556,0.40349075975359344,0.5749817117776153,0.38498212157330153,0.5559380378657487,0.3386880856760375,0.506,0.22315202231520223,0.36488027366020526,0.11267605633802817,0.20253164556962025,0.03380281690140845,0.0653950953678474,252,0.9334189295768738,1
False,False,101.9803902718557,False,0.004564524515162309,0.001555798100490196,2.93387973267491,0.006300725228494091,0.8853836601666358,0.003651480253918319,0.007276390910108586,0.0055873605308852095,0.011112630787116187,0.006796372077440352,0.013500986427705546,0.007413137368658545,0.014717174302533914,0.0073232000681227915,0.01453992138298322,0.006916940927093211,0.013738851033183758,0.005834121728161464,0.011600564351779277,0.0033622559652928415,0.006701978164522755,0.00043509789702683103,0.0008698173383589446,0.0,0.0,0.0,0.0,0.0,0.0,0.0,0.0,0.0,0.0,0.0,0.0,0.0,0.0,0.0,0.0,0.0,0.0,0.0,0.0,253,0.7639580965042114,0
False,False,76.69419795525604,False,0.0007639866960636383,0.0013020833333333333,0.5867417825768743,0.0018396428175231757,0.6682311548423272,0.0,0.0,0.0,0.0,0.0,0.0,0.0,0.0,0.0,0.0,0.0,0.0,0.0,0.0,0.0,0.0,0.0,0.0,0.0,0.0,0.0,0.0,0.0,0.0,0.0,0.0,0.0,0.0,0.0,0.0,0.0,0.0,0.0,0.0,0.0,0.0,0.0,0.0,254,0.6627082824707031,0
False,False,144.2497833620557,False,0.0010914869814684287,0.002064443005181347,0.5287077331410993,0.0022574071258001714,0.577351587259435,0.0016092343432387959,0.0032132977374035106,0.0,0.0,0.0,0.0,0.0,0.0,0.0,0.0,0.0,0.0,0.0,0.0,0.0,0.0,0.0,0.0,0.0,0.0,0.0,0.0,0.0,0.0,0.0,0.0,0.0,0.0,0.0,0.0,0.0,0.0,0.0,0.0,0.0,0.0,0.0,0.0,255,0.3495545983314514,0
False,False,111.30588483993108,False,0.007144140155492228,0.00307646977260122,2.322187664288899,0.007654661772652612,0.6794707569285424,0.005636182672499595,0.011209188312061961,0.006808301205807563,0.013524523382760306,0.008053213499143511,0.01597775472822369,0.00940248710949348,0.018629807692307692,0.01050648807032231,0.020794498985129032,0.010974257194559571,0.021710260407644785,0.011688971709300356,0.023107836570663093,0.011778846153846154,0.02328344024708957,0.009899383317104837,0.01960469227060903,0.006691128858191237,0.013293310463121783,0.0028595939376608523,0.00570287995437696,0.00039261876717707107,0.0007849293563579278,0.0,0.0,0.0,0.0,0.0,0.0,0.0,0.0,0.0,0.0,0.0,0.0,0.0,0.0,256,0.39703965187072754,0
False,False,160.87883639559305,False,0.0035671236050208023,0.0013936980609418283,2.559466576720516,0.0051705864898918255,0.878361010637115,0.002694876387191805,0.005375267094017094,0.0036094608227777154,0.007192958942054238,0.004695041045156963,0.009346201291633409,0.005988246671129956,0.011905202055680852,0.007053065924575377,0.014007337176616322,0.0064845990771916695,0.012885639945483831,0.004452319294898006,0.008865168031118548,0.001160092807424594,0.002317497103128621,0.0,0.0,0.0,0.0,0.0,0.0,0.0,0.0,0.0,0.0,0.0,0.0,0.0,0.0,0.0,0.0,0.0,0.0,0.0,0.0,0.0,0.0,257,0.6091759204864502,0
False,False,277.96582523756405,False,0.0,0.0040564041881812965,0.0,0.0040564041881812965,0.21348205887515248,0.0,0.0,0.0,0.0,0.0,0.0,0.0,0.0,0.0,0.0,0.0,0.0,0.0,0.0,0.0,0.0,0.0,0.0,0.0,0.0,0.0,0.0,0.0,0.0,0.0,0.0,0.0,0.0,0.0,0.0,0.0,0.0,0.0,0.0,0.0,0.0,0.0,0.0,258,0.0858650729060173,0
False,False,248.2438317461282,False,0.00026196096242524615,0.002754859855334539,0.09509048597081345,0.0020813815852222272,0.3651815317584772,0.0,0.0,0.0,0.0,0.0,0.0,0.0,0.0,0.0,0.0,0.0,0.0,0.0,0.0,0.0,0.0,0.0,0.0,0.0,0.0,0.0,0.0,0.0,0.0,0.0,0.0,0.0,0.0,0.0,0.0,0.0,0.0,0.0,0.0,0.0,0.0,0.0,0.0,259,0.3628554344177246,0
False,False,280.9270367906941,False,1.5083976677449486e-05,0.001752708731676227,0.008606094329788452,0.0012994319051168437,0.3084266722933142,0.0,0.0,0.0,0.0,0.0,0.0,0.0,0.0,0.0,0.0,0.0,0.0,0.0,0.0,0.0,0.0,0.0,0.0,0.0,0.0,0.0,0.0,0.0,0.0,0.0,0.0,0.0,0.0,0.0,0.0,0.0,0.0,0.0,0.0,0.0,0.0,0.0,0.0,260,0.06112019717693329,0
False,False,276.08875384557047,False,0.0057522615204451365,0.0016515395220588235,3.4829693407968327,0.006599966223669191,0.8833332881631359,0.006137732980460612,0.012200582046115961,0.007964369924024103,0.015802879866923115,0.008368909669987126,0.016598904606700042,0.008253914227365555,0.01637268967845388,0.00708657253159871,0.014073412802604632,0.005502884041636279,0.01094553606751945,0.0038035961272475795,0.007578367206338271,0.0015075959642815726,0.0030106530801296896,0.0,0.0,0.0,0.0,0.0,0.0,0.0,0.0,0.0,0.0,0.0,0.0,0.0,0.0,0.0,0.0,0.0,0.0,0.0,0.0,0.0,0.0,261,0.05272027105093002,0
False,False,128.9961239727768,False,0.0014045120498997268,0.0006068840579710145,2.314300452372087,0.0020530329557306316,0.8573707532055943,0.001406691231274735,0.0028094304613546068,0.0020487417056539157,0.0040891058895331095,0.0029441490530386256,0.0058710129688047666,0.002401147561431957,0.004790791724996112,0.0,0.0,0.0,0.0,0.0,0.0,0.0,0.0,0.0,0.0,0.0,0.0,0.0,0.0,0.0,0.0,0.0,0.0,0.0,0.0,0.0,0.0,0.0,0.0,0.0,0.0,0.0,0.0,0.0,0.0,262,0.43790459632873535,1
False,False,459.0697114818184,False,0.000868845171762712,0.0012460443037974683,0.697282728322583,0.0017178899159063401,0.6627849336327067,0.0015831802925717182,0.003161355589276682,0.0,0.0,0.0,0.0,0.0,0.0,0.0,0.0,0.0,0.0,0.0,0.0,0.0,0.0,0.0,0.0,0.0,0.0,0.0,0.0,0.0,0.0,0.0,0.0,0.0,0.0,0.0,0.0,0.0,0.0,0.0,0.0,0.0,0.0,0.0,0.0,263,0.5779634118080139,0
False,False,86.97700845625813,False,0.006206466886234858,0.002333797770700637,2.659385043619951,0.010951943720916138,0.9031498991936416,0.015413234121711401,0.03035854488353834,0.012222989849604082,0.024150784900509266,0.0009825410021918222,0.0019631531259438235,0.0,0.0,0.0,0.0,0.0,0.0,0.0,0.0,0.0,0.0,0.0,0.0,0.0,0.0,0.0,0.0,0.0,0.0,0.0,0.0,0.0,0.0,0.0,0.0,0.0,0.0,0.0,0.0,0.0,0.0,0.0,0.0,264,0.8541936874389648,0
False,False,156.95222202950808,False,4.68491012516729e-05,0.0037429793625914317,0.012516526732660682,0.0027148984981432917,0.3399523985635125,0.0,0.0,0.0,0.0,0.0,0.0,0.0,0.0,0.0,0.0,0.0,0.0,0.0,0.0,0.0,0.0,0.0,0.0,0.0,0.0,0.0,0.0,0.0,0.0,0.0,0.0,0.0,0.0,0.0,0.0,0.0,0.0,0.0,0.0,0.0,0.0,0.0,0.0,265,0.48098522424697876,1
False,False,369.4996617048519,False,0.006878577057465155,0.005042989417989418,1.3639880014278447,0.008591566127634464,0.7248759407329715,0.010164394796028679,0.02012423888308014,0.010276772159289968,0.020344468847532077,0.00814810857020731,0.016164506982537033,0.004965497097374858,0.009881925522252498,0.0019224133681668063,0.0038374495719767786,0.0,0.0,0.0,0.0,0.0,0.0,0.0,0.0,0.0,0.0,0.0,0.0,0.0,0.0,0.0,0.0,0.0,0.0,0.0,0.0,0.0,0.0,0.0,0.0,0.0,0.0,0.0,0.0,266,0.3658117353916168,1
False,False,301.8691769624716,False,0.00017822061009366917,0.0037423823696145124,0.04762223431274527,0.002477768111274161,0.2917786893286079,0.0,0.0,0.0,0.0,0.0,0.0,0.0,0.0,0.0,0.0,0.0,0.0,0.0,0.0,0.0,0.0,0.0,0.0,0.0,0.0,0.0,0.0,0.0,0.0,0.0,0.0,0.0,0.0,0.0,0.0,0.0,0.0,0.0,0.0,0.0,0.0,0.0,0.0,267,0.37629520893096924,0
False,False,54.147945482723536,False,0.004407821646221947,0.004215440356744705,1.0456372936624359,0.005431402430214252,0.6516381229754842,0.0073964497041420114,0.014684287812041116,0.005845942228335626,0.011623931623931624,0.003897263331387563,0.007764267268653909,0.0017436994327164512,0.003481328474946039,0.0,0.0,0.0,0.0,0.0,0.0,0.0,0.0,0.0,0.0,0.0,0.0,0.0,0.0,0.0,0.0,0.0,0.0,0.0,0.0,0.0,0.0,0.0,0.0,0.0,0.0,0.0,0.0,0.0,0.0,268,0.2928847372531891,0
False,False,149.7230777134908,False,0.000509834251622524,0.0036739864864864867,0.13876867906231455,0.0026287678335678902,0.3541862305426665,0.0,0.0,0.0,0.0,0.0,0.0,0.0,0.0,0.0,0.0,0.0,0.0,0.0,0.0,0.0,0.0,0.0,0.0,0.0,0.0,0.0,0.0,0.0,0.0,0.0,0.0,0.0,0.0,0.0,0.0,0.0,0.0,0.0,0.0,0.0,0.0,0.0,0.0,269,0.12956999242305756,0
False,False,16.0,False,0.05507250162714304,0.002968480138169257,18.55242382086739,0.15462191350360688,0.9926938175398767,0.02225819506272764,0.043547110055423596,0.04936794075847109,0.09409081188965714,0.07409070498428379,0.13795986622073578,0.10185185185185185,0.18487394957983194,0.12371134020618557,0.22018348623853212,0.15263644773358,0.26484751203852325,0.17779656241194702,0.30191387559808613,0.17696811971372803,0.30071862907683805,0.16289424860853433,0.2801531589023612,0.15053304904051173,0.26167531504818387,0.14116485686080948,0.24740484429065743,0.11584327086882454,0.20763358778625954,0.0825147347740668,0.15245009074410162,0.05075757575757576,0.0966113914924297,0.025505716798592787,0.04974271012006861,0.0061162079510703364,0.0121580547112462,0.0,0.0,0.0,0.0,0.0,0.0,270,0.8425996899604797,1
False,False,9.055385138137417,True,0.06573117888688193,0.0027584204413472705,23.829282114360144,0.2068701613381016,0.9948744292866118,0.02231602128830978,0.043657774745987865,0.042642726890166925,0.08179739001748958,0.06865401987353206,0.12848689771766694,0.08255261371350985,0.15251473723817885,0.09382716049382717,0.17155756207674944,0.10448530675373775,0.1892018048856387,0.11649741329756659,0.2086837137463532,0.1305001073191672,0.23087146383140308,0.1468244385414151,0.25605390608549167,0.16512008733624453,0.2834387444366362,0.1801663073606406,0.30532359081419624,0.1902439024390244,0.319672131147541,0.19747235387045814,0.32981530343007914,0.2046070460704607,0.33970753655793023,0.20822351080653664,0.34467713787085513,0.211258697027198,0.3488250652741514,0.18245341614906832,0.30860144451739985,0.0781099324975892,0.1449016100178891,0.00130718954248366,0.0026109660574412533,271,0.9384355545043945,1
False,False,170.14111789923092,False,0.0004132873004459108,0.0007958333333333333,0.5193138853770607,0.0010797590700108303,0.6457859929932458,0.0,0.0,0.0,0.0,0.0,0.0,0.0,0.0,0.0,0.0,0.0,0.0,0.0,0.0,0.0,0.0,0.0,0.0,0.0,0.0,0.0,0.0,0.0,0.0,0.0,0.0,0.0,0.0,0.0,0.0,0.0,0.0,0.0,0.0,0.0,0.0,0.0,0.0,272,0.4379954934120178,0
False,False,162.00308639035245,False,0.0025041505346770367,0.0038773148148148148,0.645846585659988,0.004173576026114952,0.5833888607804334,0.0031118305378024617,0.006204354176810183,0.0015060240963855422,0.0030075187969924814,0.00034042026428991425,0.0006806088355401559,0.0,0.0,0.0,0.0,0.0,0.0,0.0,0.0,0.0,0.0,0.0,0.0,0.0,0.0,0.0,0.0,0.0,0.0,0.0,0.0,0.0,0.0,0.0,0.0,0.0,0.0,0.0,0.0,0.0,0.0,0.0,0.0,273,0.5327035784721375,1
False,True,0.0,True,0.11919508395001502,0.005812949143173024,20.50509664100585,0.7230155713370117,0.9983439924128166,0.03418846837693675,0.06611651439237647,0.06799696893154837,0.12733550920013245,0.10251332825590251,0.18596297319701574,0.139829628090588,0.24535180459351075,0.18365397735025243,0.3103170028818444,0.2203667321545514,0.361148376710491,0.25687022900763357,0.40874582447616153,0.30363185201894877,0.4658245371171483,0.35235602094240837,0.5210994967092528,0.4087168546174947,0.5802682821289485,0.46178343949044587,0.6318082788671024,0.5048939641109299,0.6710027100271003,0.5497876356772062,0.7095006090133983,0.5443376068376068,0.7049463853337945,0.48663101604278075,0.6546762589928058,0.30311052283256124,0.46521076688674456,0.16500711237553342,0.28327228327228327,0.07612712490761271,0.14148351648351648,0.02600297176820208,0.05068790731354091,274,0.32482945919036865,1
False,True,0.0,True,0.2085557470760714,0.00979235084838533,21.297822178262777,0.481151569007619,0.990724438885014,0.1425281633161138,0.2494961050280547,0.1839061998072599,0.310676977343644,0.22144522144522144,0.36259541984732824,0.2507875787578758,0.4010074660429972,0.26685850118854,0.42129172427414574,0.2779623477297896,0.43500866551126516,0.28739675741817067,0.44647736723298087,0.292403570827017,0.4524957643685651,0.2963168610031464,0.45716733295259854,0.30036704730831976,0.46197271444252785,0.3037037037037037,0.4659090909090909,0.3037000248323814,0.4659047619047619,0.2993946064942212,0.4608216857263871,0.28862530413625304,0.4479584611753599,0.26254569624459956,0.41589892076862334,0.23286180631120784,0.37775816416593117,0.18781725888324874,0.3162393162393162,0.1245360824742268,0.2214888155482215,0.056301429190125596,0.1066010660106601,275,0.9279295802116394,1
False,False,83.38465086573187,False,0.01608990258915667,0.0034058051601423486,4.724258092463569,0.027636646073663618,0.9450147396560276,0.015166835187057633,0.029880478087649404,0.02481180164061709,0.04842216219777324,0.03855838841674536,0.07425367479921201,0.021990058134636448,0.04303380049464139,0.006578947368421052,0.013071895424836602,0.0,0.0,0.0,0.0,0.0,0.0,0.0,0.0,0.0,0.0,0.0,0.0,0.0,0.0,0.0,0.0,0.0,0.0,0.0,0.0,0.0,0.0,0.0,0.0,0.0,0.0,0.0,0.0,276,0.09765048325061798,0
False,False,231.07790893982056,False,0.0,0.003662986526946108,0.0,0.003662986526946108,0.12516140240495455,0.0,0.0,0.0,0.0,0.0,0.0,0.0,0.0,0.0,0.0,0.0,0.0,0.0,0.0,0.0,0.0,0.0,0.0,0.0,0.0,0.0,0.0,0.0,0.0,0.0,0.0,0.0,0.0,0.0,0.0,0.0,0.0,0.0,0.0,0.0,0.0,0.0,0.0,277,0.3833220303058624,0
False,False,2.0,True,0.0881674053567878,0.0028794642857142855,30.619377984372818,0.33131079544539827,0.9970295766169162,0.036701946056674636,0.07080520335913058,0.07454062174968219,0.1387395138739514,0.11347642505277973,0.20382366882603886,0.16226415094339622,0.2792207792207792,0.22054794520547946,0.3613916947250281,0.2728062554300608,0.4286689419795222,0.2965235173824131,0.45741324921135645,0.3028169014084507,0.4648648648648649,0.2930574098798398,0.4532782653588023,0.28106060606060607,0.43879361324659966,0.26105442176870747,0.4140256237356709,0.2207670720299345,0.36168582375478925,0.18041237113402062,0.3056768558951965,0.13707865168539327,0.24110671936758893,0.10159118727050184,0.18444444444444444,0.07077326343381389,0.13219094247246022,0.04317548746518106,0.08277703604806408,0.01903367496339678,0.03735632183908046,0.0,0.0,278,0.42354652285575867,0
False,False,402.91438296491725,False,0.0003399604147200627,0.0014636671686746989,0.23226620231420875,0.0012527465734057776,0.4502149965115324,0.0,0.0,0.0,0.0,0.0,0.0,0.0,0.0,0.0,0.0,0.0,0.0,0.0,0.0,0.0,0.0,0.0,0.0,0.0,0.0,0.0,0.0,0.0,0.0,0.0,0.0,0.0,0.0,0.0,0.0,0.0,0.0,0.0,0.0,0.0,0.0,0.0,0.0,279,0.5172684788703918,0
False,False,201.41995928904365,False,0.0009865989935956981,0.0014883306962025316,0.6628896360956611,0.0016793033829584371,0.5803415455267493,0.00230539285438521,0.004600180485550151,0.0,0.0,0.0,0.0,0.0,0.0,0.0,0.0,0.0,0.0,0.0,0.0,0.0,0.0,0.0,0.0,0.0,0.0,0.0,0.0,0.0,0.0,0.0,0.0,0.0,0.0,0.0,0.0,0.0,0.0,0.0,0.0,0.0,0.0,0.0,0.0,280,0.609991192817688,0
False,False,90.13878188659973,False,0.016342059379136808,0.005789930555555556,2.822496612408636,0.017754578893253183,0.7696758530969993,0.012762140497087644,0.025202641344439836,0.01632679401135777,0.03212902406502,0.01888888888888889,0.03707742639040349,0.019797047486692712,0.038825465391340123,0.02033887746838597,0.039866906804237004,0.02008002643074777,0.039369512019576794,0.02018444405776927,0.039570185911649326,0.020008402478731226,0.03923183854193482,0.019984326018808778,0.039185555128697654,0.021237864077669904,0.041592394533571005,0.019055710644495693,0.03739876131491186,0.01794771751853297,0.03526255270218474,0.0021627466882941336,0.004316158618829242,0.0,0.0,0.0,0.0,0.0,0.0,0.0,0.0,0.0,0.0,0.0,0.0,281,0.6481950283050537,0
False,False,135.0,False,0.00013907676815968418,0.005739703757225434,0.024230652668198634,0.004209240906895954,0.12825458137534923,0.0,0.0,0.0,0.0,0.0,0.0,0.0,0.0,0.0,0.0,0.0,0.0,0.0,0.0,0.0,0.0,0.0,0.0,0.0,0.0,0.0,0.0,0.0,0.0,0.0,0.0,0.0,0.0,0.0,0.0,0.0,0.0,0.0,0.0,0.0,0.0,0.0,0.0,282,0.6516144275665283,0
False,False,122.97154142320898,False,0.025266170813336368,0.00354801619989017,7.121210668124483,0.04046800395819308,0.9584470826863997,0.01778494623655914,0.03494833815792254,0.02575053776849456,0.05020818770324895,0.034074796171570366,0.06590392938252561,0.04324424647364514,0.08290339797189113,0.04668615214471917,0.08920754716981132,0.047472887251892776,0.09064270365305724,0.050752434346414875,0.09660207806795844,0.036231884057971016,0.06993006993006994,0.015148371031334302,0.029844644317252658,0.00393217006635537,0.007833537331701347,0.0,0.0,0.0,0.0,0.0,0.0,0.0,0.0,0.0,0.0,0.0,0.0,0.0,0.0,0.0,0.0,0.0,0.0,283,0.33456864953041077,0
False,False,150.88074761214565,False,0.003004837037240371,0.0042060718201754384,0.714404595477173,0.004202795191586395,0.5087044192339394,0.0049831649831649834,0.009916912355936747,0.0030923122428675146,0.006165558653227536,0.0008309098462816784,0.0016604400166044002,0.0,0.0,0.0,0.0,0.0,0.0,0.0,0.0,0.0,0.0,0.0,0.0,0.0,0.0,0.0,0.0,0.0,0.0,0.0,0.0,0.0,0.0,0.0,0.0,0.0,0.0,0.0,0.0,0.0,0.0,0.0,0.0,284,0.3580363392829895,0
False,False,167.547008329006,False,0.0020675638967310173,0.00251421272308578,0.822350423154897,0.005961775968620566,0.7998691460631178,0.0,0.0,0.0,0.0,0.0,0.0,0.0,0.0,0.0,0.0,0.0,0.0,0.0,0.0,0.0,0.0,0.0,0.0,0.0,0.0,0.0,0.0,0.0,0.0,0.0,0.0,0.0,0.0,0.0,0.0,0.0,0.0,0.0,0.0,0.0,0.0,0.0,0.0,285,0.4899349510669708,0
False,False,262.01145013147806,False,0.0,0.002010233918128655,0.0,0.002010233918128655,0.18602819996337666,0.0,0.0,0.0,0.0,0.0,0.0,0.0,0.0,0.0,0.0,0.0,0.0,0.0,0.0,0.0,0.0,0.0,0.0,0.0,0.0,0.0,0.0,0.0,0.0,0.0,0.0,0.0,0.0,0.0,0.0,0.0,0.0,0.0,0.0,0.0,0.0,0.0,0.0,286,0.14428682625293732,0
False,False,10.63014581273465,True,0.19433117091373875,0.011826508620689655,16.43182930368561,0.47348888314864745,0.9922472306004271,0.08396021930383782,0.154913838734341,0.16995153473344105,0.2905274785970726,0.23791138076852364,0.3843754641318877,0.29853200234879623,0.4597992222121733,0.34985795454545454,0.5183626223297906,0.38142485361093037,0.5522194748616508,0.40257853640820773,0.57405489383739,0.40796318527410963,0.5795083132016484,0.40039147455415397,0.5718279235906196,0.39014615747289016,0.5613023571307445,0.37940725600408787,0.5501018707167994,0.34649959139199127,0.5146672061501113,0.2998853211009174,0.4614027348919277,0.24737631184407796,0.39663461538461536,0.19517543859649122,0.326605504587156,0.1450980392156863,0.2534246575342466,0.09457627118644067,0.17280891917002167,0.04676511954992968,0.0893516963385959,0.007689491028927133,0.015261627906976744,287,0.8984819054603577,0
False,False,247.7518920210298,False,0.024285315171931655,0.00612987822769953,3.961794063410888,0.0369242910377562,0.9034173920461667,0.01730789146644573,0.034026849907743205,0.023498308343655825,0.04591763005780347,0.027251275024739285,0.05305668766209707,0.030638297872340424,0.05945499587118084,0.03638309256286784,0.07021166752710377,0.04118119726797911,0.07910476557978005,0.046337116593190134,0.08857014791573285,0.04573208722741433,0.08746425166825549,0.04091135872276734,0.07860680619907333,0.03234152652005175,0.06265664160401002,0.018937252685132844,0.037170596393897366,0.004659498207885305,0.00927577595433464,0.0,0.0,0.0,0.0,0.0,0.0,0.0,0.0,0.0,0.0,0.0,0.0,0.0,0.0,288,0.4250968098640442,1
False,False,24.331050121192877,False,0.0503530244877026,0.005506817552602437,9.143761166357606,0.11189081918728884,0.9651287917618459,0.021790662148162457,0.04265191091558977,0.0462944952343902,0.08849228481130321,0.08525064756970897,0.1571077571077571,0.12289300657501494,0.2188864047695092,0.1354243001612194,0.23854395249774107,0.13484998351467195,0.23765252760023242,0.13034697998898476,0.23063180120188403,0.12617779598525194,0.22408148417606402,0.1187983614019117,0.21236777868185516,0.10730478589420656,0.19381255686988172,0.09446618222470654,0.17262512768130744,0.07418856259659969,0.1381294964028777,0.052595393606050186,0.0999346832135859,0.011262135922330097,0.02227342549923195,0.0,0.0,0.0,0.0,0.0,0.0,0.0,0.0,0.0,0.0,289,0.3831581175327301,1
False,False,239.35329536064467,False,0.016327660075798688,0.0029484792054624456,5.537654817286671,0.03993548882013104,0.9179105522347942,0.010565545513835834,0.020910163740964743,0.016729839236701086,0.03290911428204139,0.02376204719175806,0.04642103554617757,0.03589133452310133,0.06929555895865237,0.04282560706401766,0.0821337849280271,0.05168435625288417,0.09828872312417727,0.06446211804102135,0.12111679119150609,0.03669250645994832,0.0707876370887338,0.010922330097087379,0.021608643457382955,0.0,0.0,0.0,0.0,0.0,0.0,0.0,0.0,0.0,0.0,0.0,0.0,0.0,0.0,0.0,0.0,0.0,0.0,0.0,0.0,290,0.22289089858531952,0
False,False,214.03737991294884,False,0.009728378274699715,0.0017409605834885163,5.587937123312755,0.020829134615187515,0.9609966149971927,0.006694763538714009,0.013300483485541744,0.011767405270748656,0.023261087893219297,0.019399563929110526,0.03806076560272019,0.023276813484498848,0.04549465633885675,0.02044776119402985,0.040076056750036566,0.01771374586679263,0.03481086098862845,0.01774622892635315,0.03487358326068003,0.006876790830945559,0.013659647125782584,0.0,0.0,0.0,0.0,0.0,0.0,0.0,0.0,0.0,0.0,0.0,0.0,0.0,0.0,0.0,0.0,0.0,0.0,0.0,0.0,0.0,0.0,291,0.22289089858531952,0
False,False,180.76780686836912,False,0.002894103734737777,0.0018573479205462446,1.5581914959081136,0.004130834957067751,0.7875224998802819,0.006860679729301441,0.013627863054789194,0.0,0.0,0.0,0.0,0.0,0.0,0.0,0.0,0.0,0.0,0.0,0.0,0.0,0.0,0.0,0.0,0.0,0.0,0.0,0.0,0.0,0.0,0.0,0.0,0.0,0.0,0.0,0.0,0.0,0.0,0.0,0.0,0.0,0.0,0.0,0.0,292,0.22289089858531952,0
False,False,356.59080190044165,False,9.886381935371483e-05,0.0009225092250922509,0.10716838017942688,0.0006461706743140622,0.31859320846718864,0.0,0.0,0.0,0.0,0.0,0.0,0.0,0.0,0.0,0.0,0.0,0.0,0.0,0.0,0.0,0.0,0.0,0.0,0.0,0.0,0.0,0.0,0.0,0.0,0.0,0.0,0.0,0.0,0.0,0.0,0.0,0.0,0.0,0.0,0.0,0.0,0.0,0.0,293,0.3181743919849396,0
False,False,255.31353273964936,False,0.023661361741156777,0.0035699185116851166,6.627983709910469,0.05079541403164355,0.9642064935305565,0.012782795698924732,0.025242916355235442,0.02146406286110469,0.0420260753980599,0.03149021663172607,0.061057712664606,0.04092461575994145,0.07863127673287632,0.048937753161940975,0.09330916541886673,0.05259704756697649,0.09993766881362975,0.054192979879571154,0.10281415436054611,0.06051088777219431,0.11411648568608095,0.05635245901639344,0.1066925315227934,0.04916030534351145,0.09371362048894064,0.03922274199352285,0.07548476454293629,0.027437737441958633,0.05341002465078061,0.017076845806127575,0.03358024691358025,0.006586826347305389,0.013087447947650209,0.0007183908045977011,0.0014357501794687725,0.0,0.0,0.0,0.0,0.0,0.0,0.0,0.0,294,0.3181743919849396,0
False,False,200.0,False,0.00018990388000546282,0.0016864621771217711,0.11260488529281187,0.0012888268990922003,0.3829301870278494,1.7101325352714836e-05,3.420206580477461e-05,0.0,0.0,0.0,0.0,0.0,0.0,0.0,0.0,0.0,0.0,0.0,0.0,0.0,0.0,0.0,0.0,0.0,0.0,0.0,0.0,0.0,0.0,0.0,0.0,0.0,0.0,0.0,0.0,0.0,0.0,0.0,0.0,0.0,0.0,0.0,0.0,295,0.3181743919849396,0
False,False,221.27810555949722,False,0.0025773336044590386,0.0014558348708487085,1.770347486563864,0.003935031313956219,0.8294235320320196,0.005212903225806451,0.010371739576915178,0.004314187926026058,0.00859131132048455,8.629989212513484e-05,0.0001725848901928636,0.0,0.0,0.0,0.0,0.0,0.0,0.0,0.0,0.0,0.0,0.0,0.0,0.0,0.0,0.0,0.0,0.0,0.0,0.0,0.0,0.0,0.0,0.0,0.0,0.0,0.0,0.0,0.0,0.0,0.0,0.0,0.0,296,0.3181743919849396,0
False,False,225.6213642366343,False,0.0031600583449513235,0.0008258258258258258,3.8265433777046938,0.004632253173736031,0.9101166802710401,0.0026827632461435278,0.005351170568561873,0.003863801014247766,0.007697859032956459,0.004930110087117286,0.00981184668989547,0.006064156014195638,0.012055207370115414,0.007399714396988186,0.014690721649484536,0.003684438664932813,0.007341826819261499,0.0,0.0,0.0,0.0,0.0,0.0,0.0,0.0,0.0,0.0,0.0,0.0,0.0,0.0,0.0,0.0,0.0,0.0,0.0,0.0,0.0,0.0,0.0,0.0,0.0,0.0,297,0.133163183927536,0
False,False,258.0096897405212,False,0.009195669721771637,0.003347570645905421,2.7469680835621246,0.011176891434344907,0.8593562276540397,0.009733783675966065,0.019279900966628915,0.01226273160075019,0.02422835735809105,0.013937077330197,0.02749101032362835,0.01396563469835743,0.02754656414467545,0.012700986353195514,0.025083388925950634,0.010645733641593633,0.02106719157312337,0.008215426745778184,0.016296966953372568,0.005211623499684144,0.010369206598586016,0.0024262422360248445,0.0048407396650208155,0.00012260912211868564,0.000245188181929631,0.0,0.0,0.0,0.0,0.0,0.0,0.0,0.0,0.0,0.0,0.0,0.0,0.0,0.0,0.0,0.0,0.0,0.0,298,0.6364802122116089,0
False,False,7.0710678118654755,True,0.03164001468713988,0.0031954575596816978,9.901559978875628,0.20731493336676077,0.9941939608527718,0.010129276367649378,0.020055405985407157,0.020060363220065568,0.039331717893125874,0.03065850167011293,0.05949303599675913,0.05184936112979153,0.09858704686401125,0.09212570199545943,0.1687089715536105,0.1542925755453272,0.2673370319001387,0.195981282686485,0.3277330264672037,0.2143596824301001,0.35304150085275726,0.2134453781512605,0.3518005540166205,0.19931102362204725,0.3323758719737382,0.17208520179372197,0.2936394069823051,0.14496472097498397,0.25322128851540615,0.10344827586206896,0.1875,0.0703883495145631,0.13151927437641722,0.039603960396039604,0.0761904761904762,0.013916500994035786,0.027450980392156862,0.0010964912280701754,0.002190580503833516,0.0,0.0,0.0,0.0,299,0.7154464721679688,1
False,False,169.19810873647495,False,0.001664568447964159,0.0018546388101983002,0.8975162381003886,0.002240671466390424,0.625187115840148,0.0031885611504255955,0.006356853086062011,0.001939729823346034,0.003871949111525963,0.00017068487305312566,0.0003413114893980119,0.0,0.0,0.0,0.0,0.0,0.0,0.0,0.0,0.0,0.0,0.0,0.0,0.0,0.0,0.0,0.0,0.0,0.0,0.0,0.0,0.0,0.0,0.0,0.0,0.0,0.0,0.0,0.0,0.0,0.0,0.0,0.0,300,0.7153513431549072,1
False,False,195.88772294352702,False,5.510991885926016e-05,0.0017630597014925372,0.03125811270747455,0.001410283927767377,0.1991564532331369,0.0,0.0,0.0,0.0,0.0,0.0,0.0,0.0,0.0,0.0,0.0,0.0,0.0,0.0,0.0,0.0,0.0,0.0,0.0,0.0,0.0,0.0,0.0,0.0,0.0,0.0,0.0,0.0,0.0,0.0,0.0,0.0,0.0,0.0,0.0,0.0,0.0,0.0,301,0.43734198808670044,1
False,False,333.7813655673426,False,0.00010340808189935265,0.0012193991097922848,0.08480249088993301,0.0007967040516633599,0.25274212606406277,0.0,0.0,0.0,0.0,0.0,0.0,0.0,0.0,0.0,0.0,0.0,0.0,0.0,0.0,0.0,0.0,0.0,0.0,0.0,0.0,0.0,0.0,0.0,0.0,0.0,0.0,0.0,0.0,0.0,0.0,0.0,0.0,0.0,0.0,0.0,0.0,0.0,0.0,302,0.7878732681274414,1
False,False,10.816653826391969,True,0.05309846660198451,0.003395833333333333,15.636358263161084,0.12274633540273536,0.9888697516207582,0.02701470892894137,0.052608222051882036,0.054179823832474654,0.10279047769194387,0.08641484426772697,0.15908259119189946,0.1091944397923296,0.19688962705722482,0.1281371148745154,0.22716585277627058,0.13564668769716087,0.2388888888888889,0.13820673900628214,0.24284997491219268,0.13394919168591224,0.23625254582484725,0.12537993920972645,0.22282241728561783,0.11266988163086365,0.20252167060677698,0.09574468085106383,0.17475728155339806,0.0702576112412178,0.13129102844638948,0.04245283018867924,0.08144796380090498,0.014820592823712949,0.029208301306687164,0.004545454545454545,0.00904977375565611,0.0,0.0,0.0,0.0,0.0,0.0,0.0,0.0,303,0.9039729833602905,1
False,False,223.00672635595546,False,2.1286227456284125e-06,0.005513649425287356,0.0003860642165361238,0.005337752333538025,0.085642099499215,0.0,0.0,0.0,0.0,0.0,0.0,0.0,0.0,0.0,0.0,0.0,0.0,0.0,0.0,0.0,0.0,0.0,0.0,0.0,0.0,0.0,0.0,0.0,0.0,0.0,0.0,0.0,0.0,0.0,0.0,0.0,0.0,0.0,0.0,0.0,0.0,0.0,0.0,304,0.6343945264816284,0
False,True,0.0,True,0.06102045518228049,0.003694315159574468,16.517392952827873,0.8416094164123132,0.9992960122073409,0.014880404398841706,0.02932444913576989,0.028984089723526344,0.056335350590919174,0.04677224180565055,0.08936469642139123,0.06808608409282377,0.12749175390793058,0.1029650220060227,0.18670586999894992,0.1640826873385013,0.28190899001109876,0.23681406499733618,0.38294206332112857,0.30676328502415456,0.46950092421441775,0.3899647887323944,0.5611146295123496,0.4698600645855759,0.6393262541193702,0.5380154639175257,0.6996229576874738,0.596612779060816,0.7473481195756991,0.6026666666666667,0.7520798668885191,0.5364173228346457,0.6982703395259449,0.4369034994697773,0.6081180811808118,0.3174250832408435,0.4818871103622578,0.19460067491563554,0.3258003766478343,0.09111361079865017,0.1670103092783505,0.02924634420697413,0.05683060109289618,305,0.6965316534042358,0
False,False,36.6742416417845,False,0.02716820985293226,0.006401209677419355,4.244230578599812,0.047864855672489846,0.8483920695242825,0.014775941640613369,0.029121584448927196,0.022104438956815034,0.043252799057159695,0.031175957101883027,0.06046680372475511,0.03923220143629754,0.07550228213112656,0.04766286345233714,0.09098893377832426,0.05794744500556364,0.10954692556634305,0.06312364425162689,0.118751275249949,0.06629305631492619,0.1243430329444943,0.06646576259835929,0.12464678178963894,0.06251244276328888,0.11766910249203673,0.056009334889148193,0.10607734806629834,0.04805864784143361,0.09170984455958549,0.03854591037292385,0.07423053711526856,0.01923762023512647,0.03774903879762321,0.0,0.0,0.0,0.0,0.0,0.0,0.0,0.0,0.0,0.0,306,0.6715496182441711,1
False,False,3.0,True,0.04740931377283044,0.003444220430107527,13.764889540287161,0.16093786279052918,0.9769023776350618,0.0246355270231808,0.04808641975308642,0.04056278205468543,0.07796316138578499,0.04779697960454616,0.0912332838038633,0.059928254906098335,0.1130798327692614,0.07306510198379436,0.13618018487176148,0.0893719806763285,0.164079822616408,0.11257783312577833,0.20237295724199686,0.1391040754462782,0.244234180958013,0.1659919028340081,0.2847222222222222,0.1867816091954023,0.31476997578692495,0.18999323867478027,0.31931818181818183,0.17033773861967694,0.29109159347553326,0.15091342335186655,0.26224982746721875,0.13361344537815126,0.2357301704966642,0.10478771454381211,0.18969746524938674,0.07300672430355427,0.1360787824529991,0.03979591836734694,0.07654563297350343,0.009782608695652175,0.0193756727664155,0.0,0.0,307,0.10884740948677063,0
False,False,148.24641648282767,False,0.013315646643814967,0.00494881156930126,2.6906756212775043,0.024140909878998324,0.9083934702034229,0.027994027940705983,0.054463405778308,0.023212842129576163,0.045372460496613996,0.0,0.0,0.0,0.0,0.0,0.0,0.0,0.0,0.0,0.0,0.0,0.0,0.0,0.0,0.0,0.0,0.0,0.0,0.0,0.0,0.0,0.0,0.0,0.0,0.0,0.0,0.0,0.0,0.0,0.0,0.0,0.0,0.0,0.0,308,0.38047200441360474,0
False,False,282.71894170713074,False,0.0029801590932732893,0.0019112723214285714,1.5592540423783168,0.005034626829908463,0.8212404069313564,0.007686847175742825,0.015256420578053298,0.0,0.0,0.0,0.0,0.0,0.0,0.0,0.0,0.0,0.0,0.0,0.0,0.0,0.0,0.0,0.0,0.0,0.0,0.0,0.0,0.0,0.0,0.0,0.0,0.0,0.0,0.0,0.0,0.0,0.0,0.0,0.0,0.0,0.0,0.0,0.0,309,0.5103919506072998,0
False,False,314.3564855383137,False,1.7871159770897103e-05,0.0019102239884393063,0.009355531015762305,0.0012070409263452457,0.22162960924959493,0.0,0.0,0.0,0.0,0.0,0.0,0.0,0.0,0.0,0.0,0.0,0.0,0.0,0.0,0.0,0.0,0.0,0.0,0.0,0.0,0.0,0.0,0.0,0.0,0.0,0.0,0.0,0.0,0.0,0.0,0.0,0.0,0.0,0.0,0.0,0.0,0.0,0.0,310,0.5965262055397034,0
False,False,188.83061192507955,False,0.014933348623554912,0.008302864107251676,1.7985779883488886,0.016143747759881324,0.7340162017747879,0.01354092429143139,0.026720034617048898,0.01628407678078661,0.03204630900519186,0.019400012847690627,0.03806162959228685,0.021892337681811366,0.04284666177549523,0.021092293349906775,0.04131319663712101,0.01698267959666136,0.033398168793586036,0.009682843393053864,0.019179970138968647,0.0037668956348327056,0.0075055187637969095,0.0004662439388287952,0.0009320533134495293,0.0,0.0,0.0,0.0,0.0,0.0,0.0,0.0,0.0,0.0,0.0,0.0,0.0,0.0,0.0,0.0,0.0,0.0,0.0,0.0,311,0.3730509281158447,0
False,True,0.0,True,0.21182243140582585,0.007632372654155496,27.7531563255756,0.6459642375218985,0.9959542560518225,0.10401324427698806,0.18842752986193703,0.18843727376150585,0.317117744321643,0.241356471055769,0.38885924661188775,0.28095605242868155,0.4386661851450584,0.31333218052913714,0.4771560236998025,0.33529859262076833,0.5022076627261074,0.3523035230352303,0.5210420841683366,0.3692026502170436,0.5392958451526781,0.38596491228070173,0.5569620253164557,0.3952407002188184,0.566555577337777,0.39928698752228164,0.5707006369426751,0.4027777777777778,0.5742574257425742,0.4014035087719298,0.5728592889334001,0.40284178187403996,0.5743224746783465,0.40262489415749364,0.5741020223362512,0.3811742777260019,0.5519568151147098,0.29112662013958124,0.450965250965251,0.1722488038277512,0.2938775510204082,0.05866228070175439,0.1108234075608493,312,0.587627112865448,1
False,True,0.0,True,0.2385233867366813,0.007239856020942409,32.945874344284654,0.8286472478302017,0.998040941655278,0.12772405830567182,0.22651650883030458,0.18771874005727013,0.31609965175462096,0.24658679297854555,0.3956191327670988,0.29878254988163677,0.4600963416221846,0.34694284007169884,0.5151559958598255,0.3963315532853494,0.5676754240106419,0.44645754461871284,0.6173116470368293,0.4935716525556601,0.6609279865630905,0.5254662840746055,0.6889254643780861,0.541109761036857,0.7022339027595269,0.5440508628519528,0.7047058823529412,0.5413076533198176,0.7024005261427162,0.4980821917808219,0.6649597659107535,0.386299831555306,0.5573106520858647,0.27288135593220336,0.42876165113182424,0.17627118644067796,0.29971181556195964,0.1016949152542373,0.18461538461538463,0.0480225988700565,0.09164420485175202,0.014124293785310734,0.027855153203342618,313,0.7324339151382446,1
False,False,131.59027319676784,False,0.004550301933487885,0.0078125,0.5824386474864492,0.010192411518861766,0.6528318897637796,0.0026021209740769834,0.005190735027667597,0.0,0.0,0.0,0.0,0.0,0.0,0.0,0.0,0.0,0.0,0.0,0.0,0.0,0.0,0.0,0.0,0.0,0.0,0.0,0.0,0.0,0.0,0.0,0.0,0.0,0.0,0.0,0.0,0.0,0.0,0.0,0.0,0.0,0.0,0.0,0.0,314,0.43465498089790344,0
False,False,182.02472359545007,False,9.812009685838212e-05,0.006179775280898876,0.01587761567344729,0.004860993281994321,0.24077755934753842,0.0,0.0,0.0,0.0,0.0,0.0,0.0,0.0,0.0,0.0,0.0,0.0,0.0,0.0,0.0,0.0,0.0,0.0,0.0,0.0,0.0,0.0,0.0,0.0,0.0,0.0,0.0,0.0,0.0,0.0,0.0,0.0,0.0,0.0,0.0,0.0,0.0,0.0,315,0.3855400085449219,0
False,False,290.423828223512,False,0.007486553231493292,0.0027016129032258066,2.7711420916572185,0.012131809217079476,0.9003875193031727,0.00819346357271699,0.01625375261545926,0.015034526965997495,0.02962367597669145,0.015640613459616804,0.030799503785772342,0.010091332950118157,0.019981030667088208,0.002553626149131767,0.005094243504839531,0.0,0.0,0.0,0.0,0.0,0.0,0.0,0.0,0.0,0.0,0.0,0.0,0.0,0.0,0.0,0.0,0.0,0.0,0.0,0.0,0.0,0.0,0.0,0.0,0.0,0.0,0.0,0.0,316,0.7310650944709778,1
False,False,7.0710678118654755,True,0.12336564306789288,0.012117635951661631,10.180669196533865,0.24173345794022244,0.931967799534758,0.06272991819030363,0.11805429981142311,0.11621025447893689,0.2082228755964718,0.15949749542816252,0.27511485976822325,0.19384192148978943,0.3247363289905167,0.22847589857899137,0.37196643229757315,0.23854867837793467,0.3852067868504772,0.23868082727780884,0.38537906137184114,0.2345679012345679,0.38,0.21594837520165938,0.35519332827899924,0.19165417291354322,0.32166072551897673,0.16135937918116136,0.27788018433179723,0.1277445109780439,0.22654867256637168,0.09052504526252263,0.16602102933038185,0.06070287539936102,0.1144578313253012,0.039703903095558546,0.07637540453074433,0.023952095808383235,0.04678362573099415,0.009875640087783468,0.019558131111915972,0.0011295180722891566,0.0022564874012786762,0.0,0.0,317,0.5445953011512756,1
False,True,0.0,True,0.08932285640833199,0.0059221311475409835,15.082890632271976,0.9361928716431014,0.9995510729953232,0.022342913469529754,0.043709235277436434,0.0413093196112064,0.07934111187371311,0.07279138593287576,0.13570464283618008,0.1153692614770459,0.20687186828919113,0.18944608325139298,0.318545053733811,0.28720496894409936,0.44624589847519786,0.4087694483734088,0.5803212851405622,0.5165919282511211,0.6812536960378475,0.603411513859275,0.7526595744680851,0.694462126034373,0.8196844477836214,0.7221818181818181,0.8386824324324325,0.6951612903225807,0.8201712654614652,0.5943877551020408,0.7456,0.44857389801210024,0.6193317422434368,0.31228373702422146,0.4759393539881345,0.19982698961937717,0.3330930064888248,0.11678200692041522,0.209140201394268,0.05795847750865052,0.10956663941128372,0.018166089965397925,0.0356839422259983,318,0.6613468527793884,1
