peak_in_padding,pointing_hit,peak_dist_px,pointing_hit_tol,energy_concentration,chance_rate,concentration_ratio,pixel_ap,pixel_auroc,iou@0.05,dice@0.05,iou@0.10,dice@0.10,iou@0.15,dice@0.15,iou@0.20,dice@0.20,iou@0.25,dice@0.25,iou@0.30,dice@0.30,iou@0.35,dice@0.35,iou@0.40,dice@0.40,iou@0.45,dice@0.45,iou@0.50,dice@0.50,iou@0.55,dice@0.55,iou@0.60,dice@0.60,iou@0.65,dice@0.65,iou@0.70,dice@0.70,iou@0.75,dice@0.75,iou@0.80,dice@0.80,iou@0.85,dice@0.85,iou@0.90,dice@0.90,iou@0.95,dice@0.95,row_idx,prob_malignant,label
False,False,267.20029940102984,False,0.09739230869825691,0.02784276832460733,3.4979391259805857,0.14528591150124476,0.9199377382107693,0.06470347803769855,0.12154271940005357,0.07682757530953375,0.1426924366929398,0.09305154949216027,0.17026013006503252,0.12254512535333567,0.2183344305464121,0.14938449866620984,0.2599382518897051,0.15473086949854317,0.26799468791500664,0.1468994581577363,0.25616797900262467,0.13440514469453377,0.23696145124716553,0.1152771569065713,0.20672378375670122,0.08917930660888407,0.16375505129002177,0.057525673940949935,0.10879295956300736,0.021321961620469083,0.04175365344467641,0.001666993528142773,0.0033284385707293197,0.0,0.0,0.0,0.0,0.0,0.0,0.0,0.0,0.0,0.0,0.0,0.0,0,0.4452974200248718,1
False,False,158.0,False,0.014360458276744856,0.026399101307189542,0.5439752705836968,0.023954603903434627,0.5171427676827867,0.020964611294580847,0.04106824284143946,0.01940181422431414,0.03806509651756392,0.01709033462587965,0.033606325896639366,0.014077277252364361,0.027763716963477673,0.008629845990440786,0.017112017901803344,0.0021628088905250565,0.004316282486913399,0.0,0.0,0.0,0.0,0.0,0.0,0.0,0.0,0.0,0.0,0.0,0.0,0.0,0.0,0.0,0.0,0.0,0.0,0.0,0.0,0.0,0.0,0.0,0.0,0.0,0.0,1,0.4756775200366974,1
False,False,36.05551275463989,False,0.0061769447234902,0.0007264760147601476,8.502613435255082,0.02112493779929707,0.9843000803569483,0.0017608832366710922,0.0035155759545765267,0.0028217588963787427,0.0056276379552915425,0.0051315467948195815,0.010210696920583469,0.00796510525317656,0.015804327375352777,0.010447761194029851,0.0206794682422452,0.013590766907561213,0.026817069277428968,0.018292682926829267,0.03592814371257485,0.020930232558139535,0.04100227790432802,0.023760135772204413,0.0464173881009394,0.027131782945736434,0.052830188679245285,0.03119584055459272,0.06050420168067227,0.03263670197537933,0.06321042417521486,0.026184951939012265,0.05103359173126615,0.015497869043006587,0.030522701259061428,0.004149377593360996,0.008264462809917356,0.0,0.0,0.0,0.0,0.0,0.0,0.0,0.0,2,0.5677915811538696,0
False,False,94.87360012142472,False,0.0,0.0004515105078809107,0.0,0.0004515105078809107,0.2112677662948007,0.0,0.0,0.0,0.0,0.0,0.0,0.0,0.0,0.0,0.0,0.0,0.0,0.0,0.0,0.0,0.0,0.0,0.0,0.0,0.0,0.0,0.0,0.0,0.0,0.0,0.0,0.0,0.0,0.0,0.0,0.0,0.0,0.0,0.0,0.0,0.0,0.0,0.0,3,0.1310313194990158,0
False,False,159.89058759038946,False,0.0,0.011255837711617046,0.0,0.011255837711617046,0.20811269580619568,0.0,0.0,0.0,0.0,0.0,0.0,0.0,0.0,0.0,0.0,0.0,0.0,0.0,0.0,0.0,0.0,0.0,0.0,0.0,0.0,0.0,0.0,0.0,0.0,0.0,0.0,0.0,0.0,0.0,0.0,0.0,0.0,0.0,0.0,0.0,0.0,0.0,0.0,4,0.1310313194990158,0
False,False,330.18328243568,False,0.0,0.00048491379310344827,0.0,0.00048491379310344827,0.13408980647943508,0.0,0.0,0.0,0.0,0.0,0.0,0.0,0.0,0.0,0.0,0.0,0.0,0.0,0.0,0.0,0.0,0.0,0.0,0.0,0.0,0.0,0.0,0.0,0.0,0.0,0.0,0.0,0.0,0.0,0.0,0.0,0.0,0.0,0.0,0.0,0.0,0.0,0.0,5,0.6218063831329346,0
False,False,177.50492950901392,False,0.011511338719998526,0.008463541666666666,1.3601089441475183,0.015609686355614528,0.7443725877890878,0.018308571873055384,0.035958789661131856,0.022716338339509784,0.04442353659156792,0.02281178982163763,0.044606036122473026,0.0,0.0,0.0,0.0,0.0,0.0,0.0,0.0,0.0,0.0,0.0,0.0,0.0,0.0,0.0,0.0,0.0,0.0,0.0,0.0,0.0,0.0,0.0,0.0,0.0,0.0,0.0,0.0,0.0,0.0,0.0,0.0,6,0.6218063831329346,0
False,False,174.64249196572982,False,0.0,0.005104347511574074,0.0,0.005104347511574074,0.21730703687714437,0.0,0.0,0.0,0.0,0.0,0.0,0.0,0.0,0.0,0.0,0.0,0.0,0.0,0.0,0.0,0.0,0.0,0.0,0.0,0.0,0.0,0.0,0.0,0.0,0.0,0.0,0.0,0.0,0.0,0.0,0.0,0.0,0.0,0.0,0.0,0.0,0.0,0.0,7,0.10691965371370316,0
False,False,224.8777445635739,False,0.001953932718362726,0.00892920197740113,0.2188250107129309,0.008127735372770445,0.5115399271956234,0.0,0.0,0.0,0.0,0.0,0.0,0.0,0.0,0.0,0.0,0.0,0.0,0.0,0.0,0.0,0.0,0.0,0.0,0.0,0.0,0.0,0.0,0.0,0.0,0.0,0.0,0.0,0.0,0.0,0.0,0.0,0.0,0.0,0.0,0.0,0.0,0.0,0.0,8,0.15192334353923798,0
False,False,251.11352014576994,False,0.0,0.0007766812865497076,0.0,0.0007766812865497076,0.2669242375748708,0.0,0.0,0.0,0.0,0.0,0.0,0.0,0.0,0.0,0.0,0.0,0.0,0.0,0.0,0.0,0.0,0.0,0.0,0.0,0.0,0.0,0.0,0.0,0.0,0.0,0.0,0.0,0.0,0.0,0.0,0.0,0.0,0.0,0.0,0.0,0.0,0.0,0.0,9,0.012859031558036804,0
False,False,243.87086746883074,False,0.0,0.000849780701754386,0.0,0.000849780701754386,0.266907185382315,0.0,0.0,0.0,0.0,0.0,0.0,0.0,0.0,0.0,0.0,0.0,0.0,0.0,0.0,0.0,0.0,0.0,0.0,0.0,0.0,0.0,0.0,0.0,0.0,0.0,0.0,0.0,0.0,0.0,0.0,0.0,0.0,0.0,0.0,0.0,0.0,0.0,0.0,10,0.012859031558036804,0
False,False,80.05623023850174,False,0.0027548699139130343,0.0007681354916067146,3.5864374762200515,0.004148336727558013,0.9108462645222215,0.0024759949272299053,0.004939759036144578,0.003412898258173267,0.00680258000290354,0.004318062137967351,0.008598993288590604,0.0055018786902844875,0.010943547310823434,0.006925330728935452,0.013755400758310554,0.0,0.0,0.0,0.0,0.0,0.0,0.0,0.0,0.0,0.0,0.0,0.0,0.0,0.0,0.0,0.0,0.0,0.0,0.0,0.0,0.0,0.0,0.0,0.0,0.0,0.0,0.0,0.0,11,0.14238674938678741,0
False,False,114.28035701729323,False,0.0066619944622755885,0.001259929556354916,5.287592809195863,0.011975962324054443,0.9524140033296598,0.0040612355818588075,0.008089617322005865,0.005597985557613468,0.011133645130582343,0.007082675092153765,0.014065727208554472,0.009024422973698336,0.01788742228280746,0.011945998756550315,0.02360995304340194,0.01649573705671568,0.03245608703579894,0.01658232775398988,0.032623678970745904,0.014230396902226525,0.02806146797747447,0.007907979870596693,0.015691868758915834,0.0013686131386861315,0.002733485193621868,0.0,0.0,0.0,0.0,0.0,0.0,0.0,0.0,0.0,0.0,0.0,0.0,0.0,0.0,0.0,0.0,0.0,0.0,12,0.14238674938678741,0
False,False,87.0,False,0.029348389073520387,0.013072115384615385,2.245113985763972,0.03755995498204288,0.8455992575979765,0.027527208301695773,0.05357952194218377,0.03598896338456207,0.06947750344170966,0.04662806474421449,0.08910149902317004,0.05050558949867933,0.09615482297963122,0.03214156735283496,0.0622813156053184,0.010434322033898305,0.0206531425276511,0.0,0.0,0.0,0.0,0.0,0.0,0.0,0.0,0.0,0.0,0.0,0.0,0.0,0.0,0.0,0.0,0.0,0.0,0.0,0.0,0.0,0.0,0.0,0.0,0.0,0.0,13,0.6322336792945862,1
False,False,33.97057550292606,False,0.007838598704240387,0.008996478873239436,0.8712962943265244,0.009994474829791983,0.5990077679649394,0.013941058693098142,0.02749875562010918,0.010077227349783387,0.019953379953379955,0.007444054004068799,0.014778099040800404,0.004538881748071979,0.009036746771162382,0.003045738591608465,0.006072980472226585,0.00158687284759268,0.003168717343670993,0.0002072624772011275,0.00041443905673670687,0.0,0.0,0.0,0.0,0.0,0.0,0.0,0.0,0.0,0.0,0.0,0.0,0.0,0.0,0.0,0.0,0.0,0.0,0.0,0.0,0.0,0.0,0.0,0.0,14,0.7161622643470764,1
False,False,134.6291201783626,False,0.0007209692972196793,0.007845833333333333,0.09189199752136115,0.006371241334773549,0.4177046396398031,0.0,0.0,0.0,0.0,0.0,0.0,0.0,0.0,0.0,0.0,0.0,0.0,0.0,0.0,0.0,0.0,0.0,0.0,0.0,0.0,0.0,0.0,0.0,0.0,0.0,0.0,0.0,0.0,0.0,0.0,0.0,0.0,0.0,0.0,0.0,0.0,0.0,0.0,15,0.157529816031456,0
False,False,332.26645933647893,False,0.0,0.006676509186351706,0.0,0.006676509186351706,0.1864895215761399,0.0,0.0,0.0,0.0,0.0,0.0,0.0,0.0,0.0,0.0,0.0,0.0,0.0,0.0,0.0,0.0,0.0,0.0,0.0,0.0,0.0,0.0,0.0,0.0,0.0,0.0,0.0,0.0,0.0,0.0,0.0,0.0,0.0,0.0,0.0,0.0,0.0,0.0,16,0.3697027266025543,0
False,False,118.1397477566293,False,0.0,0.00586314308681672,0.0,0.00586314308681672,0.1630970369883713,0.0,0.0,0.0,0.0,0.0,0.0,0.0,0.0,0.0,0.0,0.0,0.0,0.0,0.0,0.0,0.0,0.0,0.0,0.0,0.0,0.0,0.0,0.0,0.0,0.0,0.0,0.0,0.0,0.0,0.0,0.0,0.0,0.0,0.0,0.0,0.0,0.0,0.0,17,0.3779979348182678,1
False,False,128.79829191413992,False,5.369609663211486e-05,0.0004559608540925267,0.11776470754048216,0.0003978781502778674,0.4254792147382972,0.0,0.0,0.0,0.0,0.0,0.0,0.0,0.0,0.0,0.0,0.0,0.0,0.0,0.0,0.0,0.0,0.0,0.0,0.0,0.0,0.0,0.0,0.0,0.0,0.0,0.0,0.0,0.0,0.0,0.0,0.0,0.0,0.0,0.0,0.0,0.0,0.0,0.0,18,0.5473913550376892,0
False,True,0.0,True,0.7034816341363843,0.3085480385638298,2.2799744163366444,0.707692330655072,0.7933522475810407,0.4284933304176689,0.5999234596249522,0.4218470248157076,0.5933789183409308,0.40143077163456176,0.5728870519467074,0.3686085423338491,0.5386617589062705,0.3347651041132424,0.5016090143226289,0.2957938856676085,0.4565446541140483,0.2478619816568127,0.39725864767146946,0.20517448046438336,0.34048925494227955,0.1715443979043489,0.2928517232658129,0.14397500303034386,0.2517100507422974,0.11846624196958881,0.21183695586730086,0.09563765168554458,0.17457897971727104,0.07497744077361311,0.1394958404329959,0.05903109806192676,0.11148133075592634,0.044216083718299236,0.08468761285662695,0.030370779404436422,0.05895116595210708,0.016498538700857924,0.03246150992394732,0.006572479090627483,0.013059127339871817,0.001656587967514714,0.0033076964448986177,19,0.725135862827301,1
False,False,192.31484602078956,False,0.10912201457508292,0.4028679653679654,0.27086297237710305,0.328926026216036,0.3782775054058902,0.11198661557558422,0.20141720054358378,0.02522297460171367,0.04920485636114911,0.004917048847302164,0.009785979555113136,0.0,0.0,0.0,0.0,0.0,0.0,0.0,0.0,0.0,0.0,0.0,0.0,0.0,0.0,0.0,0.0,0.0,0.0,0.0,0.0,0.0,0.0,0.0,0.0,0.0,0.0,0.0,0.0,0.0,0.0,0.0,0.0,20,0.4071398675441742,1
False,False,232.0,False,0.0,0.006192333040421793,0.0,0.006192333040421793,0.23827385639877868,0.0,0.0,0.0,0.0,0.0,0.0,0.0,0.0,0.0,0.0,0.0,0.0,0.0,0.0,0.0,0.0,0.0,0.0,0.0,0.0,0.0,0.0,0.0,0.0,0.0,0.0,0.0,0.0,0.0,0.0,0.0,0.0,0.0,0.0,0.0,0.0,0.0,0.0,21,0.02801564708352089,1
False,False,100.40418317978589,False,0.06969058059551027,0.029440789473684212,2.3671437431324156,0.07100687070224808,0.7309102899902558,0.05644434561775136,0.10685720615929988,0.058723657755603544,0.11093292820166555,0.06001941427498672,0.11324210380814155,0.0653365244816248,0.12265894011925758,0.07240535883039635,0.13503356400487262,0.07558253377716859,0.1405425086473694,0.07746911211725885,0.14379829778141803,0.07752628764926038,0.14389679126695334,0.07716560679741356,0.14327528898149527,0.07547416612164813,0.14035514473364144,0.07001724949035597,0.13087125375540412,0.0538481976795678,0.10219346163543155,0.03034510115033717,0.05890279114533205,0.0056056276104638385,0.01114875942725981,0.0,0.0,0.0,0.0,0.0,0.0,0.0,0.0,0.0,0.0,22,0.26991111040115356,1
False,False,166.83225107874077,False,0.002559965769760542,0.024223694620253165,0.10568023622706103,0.019254221449938064,0.3088528168983571,0.00617136581755676,0.012267027322015399,0.0,0.0,0.0,0.0,0.0,0.0,0.0,0.0,0.0,0.0,0.0,0.0,0.0,0.0,0.0,0.0,0.0,0.0,0.0,0.0,0.0,0.0,0.0,0.0,0.0,0.0,0.0,0.0,0.0,0.0,0.0,0.0,0.0,0.0,0.0,0.0,23,0.4704330563545227,1
False,False,136.24243098242192,False,1.0074217552613643e-08,0.014294563093243997,7.047586895030737e-07,0.014264097215112065,0.22524009082010432,0.0,0.0,0.0,0.0,0.0,0.0,0.0,0.0,0.0,0.0,0.0,0.0,0.0,0.0,0.0,0.0,0.0,0.0,0.0,0.0,0.0,0.0,0.0,0.0,0.0,0.0,0.0,0.0,0.0,0.0,0.0,0.0,0.0,0.0,0.0,0.0,0.0,0.0,24,0.08922326564788818,0
False,False,183.43936327844142,False,0.12414681623477833,0.03783854166666667,3.2809619706920077,0.11280747563030216,0.7518162239982823,0.08817338683154641,0.1620576057061686,0.10112654489773597,0.18367833445905676,0.11600450831220062,0.20789254424722903,0.1238666621726381,0.22042946257197696,0.12698164779383053,0.2253482087173446,0.12433243589177738,0.2211666797519039,0.11180308422301305,0.20112029874633236,0.09679536257245981,0.17650578380534504,0.08510894426387385,0.1568670956290215,0.07569218511387026,0.1407320535769397,0.06822855464159812,0.12774149192162254,0.05930967428293631,0.111977971546581,0.049223946784922396,0.09382924767540152,0.03648376903188739,0.07039911308203992,0.021831844029244516,0.042730795985292655,0.00563051099543185,0.011197971688147053,0.0,0.0,0.0,0.0,0.0,0.0,25,0.03842472657561302,0
False,False,45.65084884205331,False,0.005872923276849674,0.0023125,2.539642498097156,0.006543177606858788,0.8374862388034895,0.005136100349557689,0.010219711236660389,0.006412983534231466,0.012744238476953908,0.00865478671373283,0.01716104821537748,0.010308756110534181,0.020407139991977536,0.010460962748766798,0.020705327834357377,0.007883136523054153,0.015642957476695186,0.0041841004184100415,0.008333333333333333,0.0009340459758185875,0.0018663486961480638,0.0,0.0,0.0,0.0,0.0,0.0,0.0,0.0,0.0,0.0,0.0,0.0,0.0,0.0,0.0,0.0,0.0,0.0,0.0,0.0,0.0,0.0,26,0.6648580431938171,0
False,False,326.8271714530479,False,0.0,0.0021875,0.0,0.0021875,0.13598944118831374,0.0,0.0,0.0,0.0,0.0,0.0,0.0,0.0,0.0,0.0,0.0,0.0,0.0,0.0,0.0,0.0,0.0,0.0,0.0,0.0,0.0,0.0,0.0,0.0,0.0,0.0,0.0,0.0,0.0,0.0,0.0,0.0,0.0,0.0,0.0,0.0,0.0,0.0,27,0.5406065583229065,0
False,False,289.0674661735561,False,0.010259693458874092,0.0029102782509937536,3.5253307670394682,0.017430065220124646,0.9227802762709075,0.005605783527883646,0.01114906779516987,0.007391132893921469,0.014673809710214626,0.00936982231617437,0.018565687439859625,0.01187373298580944,0.02346880366342301,0.01493012881787974,0.029420998340583936,0.01740139211136891,0.03420752565564424,0.018919574482830312,0.03713654140452304,0.02006732829099812,0.03934510543459626,0.02073955899948721,0.04063633826402456,0.019840684466735505,0.038909380198163014,0.017143970387687512,0.033710017238077,0.011579495186052563,0.022893890675241158,0.0020944402132520943,0.004180125403762113,0.0,0.0,0.0,0.0,0.0,0.0,0.0,0.0,0.0,0.0,0.0,0.0,28,0.6061080098152161,1
False,False,357.72754995946286,False,0.0021246675272388353,0.002656953828828829,0.7996629464108442,0.003746236644298304,0.6671755976371072,0.004890678941311853,0.009733753220727169,0.001962588163140141,0.00391748791087715,0.0,0.0,0.0,0.0,0.0,0.0,0.0,0.0,0.0,0.0,0.0,0.0,0.0,0.0,0.0,0.0,0.0,0.0,0.0,0.0,0.0,0.0,0.0,0.0,0.0,0.0,0.0,0.0,0.0,0.0,0.0,0.0,0.0,0.0,29,0.042288705706596375,1
False,False,93.1933474020544,False,0.0,0.002043269230769231,0.0,0.002043269230769231,0.21408816982705936,0.0,0.0,0.0,0.0,0.0,0.0,0.0,0.0,0.0,0.0,0.0,0.0,0.0,0.0,0.0,0.0,0.0,0.0,0.0,0.0,0.0,0.0,0.0,0.0,0.0,0.0,0.0,0.0,0.0,0.0,0.0,0.0,0.0,0.0,0.0,0.0,0.0,0.0,30,0.10338936001062393,0
False,False,170.29386365926402,False,0.0033850020824242708,0.0010699632144878324,3.163662111547074,0.0052828206704622245,0.9032744295178136,0.0027050591312512574,0.005395523053598502,0.003959877603783156,0.00788851764322386,0.005179461935235323,0.010305546683700628,0.006952624472088948,0.013809238494678877,0.008935726879307581,0.01771317367647643,5.446326452807581e-05,0.00010892059688487092,0.0,0.0,0.0,0.0,0.0,0.0,0.0,0.0,0.0,0.0,0.0,0.0,0.0,0.0,0.0,0.0,0.0,0.0,0.0,0.0,0.0,0.0,0.0,0.0,0.0,0.0,31,0.14594578742980957,0
False,False,142.41137595009747,False,0.008679001702083524,0.0014887225969645868,5.829831373406618,0.02465489921090011,0.9683193173401984,0.003569999368141705,0.007114599620134947,0.004974248360258837,0.009899255365746824,0.006286275891482931,0.012494010982935908,0.007757437070938215,0.01539544494652467,0.009405693357749292,0.018636101261647563,0.011157922454084656,0.02206959408873409,0.013034952128273157,0.025734456843543613,0.015277151870211806,0.03009454480891296,0.017734763274914987,0.03485144443302149,0.019575048008424703,0.038398444619964764,0.02108433734939759,0.04129793510324484,0.02238253792082871,0.04378505518364393,0.024552173368407867,0.04792761951338795,0.02627710400588019,0.05120859444941808,0.029621698786581014,0.057538994800693244,0.021289537712895375,0.04169148302561048,0.0019880715705765406,0.003968253968253968,0.0,0.0,0.0,0.0,32,0.6942617893218994,1
False,False,181.89282558693733,False,0.0036113072542290755,0.0014980490523968785,2.4106735680323577,0.0042733390755106924,0.840568297674581,0.003245742322026702,0.00647048312313668,0.004298549239631624,0.00856030160132386,0.005186190260817127,0.010318864924858265,0.006275758711127763,0.012473238387787397,0.005679817870303002,0.011295479474433476,0.004098238945148933,0.008163023867971962,0.002000755001887505,0.0039935199487623856,0.0,0.0,0.0,0.0,0.0,0.0,0.0,0.0,0.0,0.0,0.0,0.0,0.0,0.0,0.0,0.0,0.0,0.0,0.0,0.0,0.0,0.0,0.0,0.0,33,0.7135024070739746,1
False,False,149.11069713471264,False,0.00022189202632505892,0.000792572463768116,0.27996433950041716,0.0007649895816597491,0.5144688947344755,5.229373390333503e-05,0.00010458199882345252,0.0,0.0,0.0,0.0,0.0,0.0,0.0,0.0,0.0,0.0,0.0,0.0,0.0,0.0,0.0,0.0,0.0,0.0,0.0,0.0,0.0,0.0,0.0,0.0,0.0,0.0,0.0,0.0,0.0,0.0,0.0,0.0,0.0,0.0,0.0,0.0,34,0.5478988885879517,1
False,False,131.0953851209111,False,3.15300157759084e-05,0.0005199809056192035,0.06063687230661256,0.0003665416491573744,0.3295356913310956,0.0,0.0,0.0,0.0,0.0,0.0,0.0,0.0,0.0,0.0,0.0,0.0,0.0,0.0,0.0,0.0,0.0,0.0,0.0,0.0,0.0,0.0,0.0,0.0,0.0,0.0,0.0,0.0,0.0,0.0,0.0,0.0,0.0,0.0,0.0,0.0,0.0,0.0,35,0.5570926666259766,1
False,False,31.25699921617557,False,0.007031500654995251,0.001962230477855478,3.5834224034069533,0.008887264723321171,0.9008367123796339,0.011157638795083075,0.022069039221972855,0.010732559590665169,0.02123718977651562,0.007856341189674524,0.015590200445434299,0.0029707295762341633,0.005923860963498563,0.000242306760358614,0.00048449612403100775,0.0,0.0,0.0,0.0,0.0,0.0,0.0,0.0,0.0,0.0,0.0,0.0,0.0,0.0,0.0,0.0,0.0,0.0,0.0,0.0,0.0,0.0,0.0,0.0,0.0,0.0,0.0,0.0,36,0.03117634728550911,0
False,False,168.9644933114647,False,0.000983448853674335,0.002456253585771658,0.4003857172448154,0.002565084423682661,0.5740933955702185,0.001997440779001904,0.003986917925556767,0.000954779994311949,0.001907738518052483,0.0,0.0,0.0,0.0,0.0,0.0,0.0,0.0,0.0,0.0,0.0,0.0,0.0,0.0,0.0,0.0,0.0,0.0,0.0,0.0,0.0,0.0,0.0,0.0,0.0,0.0,0.0,0.0,0.0,0.0,0.0,0.0,0.0,0.0,37,0.05036471411585808,0
False,False,89.40357934669059,False,8.63692390322868e-05,0.00013065888119953863,0.661028460058418,0.0002542149104091375,0.743888335298652,0.0,0.0,0.0,0.0,0.0,0.0,0.0,0.0,0.0,0.0,0.0,0.0,0.0,0.0,0.0,0.0,0.0,0.0,0.0,0.0,0.0,0.0,0.0,0.0,0.0,0.0,0.0,0.0,0.0,0.0,0.0,0.0,0.0,0.0,0.0,0.0,0.0,0.0,38,0.08058381825685501,0
False,False,62.289646009589745,False,0.005394380972391731,0.0004370314302191465,12.34323345963185,0.01195356843917863,0.9828771787647128,0.0020765097510329032,0.004144413586840419,0.003492852255950452,0.006961389407205397,0.004678080540149505,0.009312596006144393,0.005689483254149803,0.011314592324740464,0.006829543054284306,0.013566433566433566,0.008230103512642117,0.0163258436421779,0.010398799313893654,0.020583554376657823,0.012106839740389416,0.023924035022814157,0.013869030597655133,0.027358623607389648,0.015841907561652786,0.031189710610932477,0.018215962441314553,0.03578015492438215,0.01933941764450239,0.037945001065870815,0.01310483870967742,0.025870646766169153,0.005336495701156241,0.010616337363609554,0.0,0.0,0.0,0.0,0.0,0.0,0.0,0.0,0.0,0.0,39,0.08058381825685501,0
False,False,97.6165969494942,False,0.0,0.00019273522662076879,0.0,0.00019273522662076879,0.33236872425031716,0.0,0.0,0.0,0.0,0.0,0.0,0.0,0.0,0.0,0.0,0.0,0.0,0.0,0.0,0.0,0.0,0.0,0.0,0.0,0.0,0.0,0.0,0.0,0.0,0.0,0.0,0.0,0.0,0.0,0.0,0.0,0.0,0.0,0.0,0.0,0.0,0.0,0.0,40,0.018638404086232185,0
False,False,124.45079348883236,False,0.0,0.0007216365461847389,0.0,0.0007216365461847389,0.332279999820582,0.0,0.0,0.0,0.0,0.0,0.0,0.0,0.0,0.0,0.0,0.0,0.0,0.0,0.0,0.0,0.0,0.0,0.0,0.0,0.0,0.0,0.0,0.0,0.0,0.0,0.0,0.0,0.0,0.0,0.0,0.0,0.0,0.0,0.0,0.0,0.0,0.0,0.0,41,0.018638404086232185,0
False,False,70.21395872616783,False,0.022271857007418717,0.018043785310734462,1.234322877593147,0.02403995433182154,0.6397495088807852,0.025564342450584615,0.04985419518291491,0.026313044083042577,0.05127683845536995,0.0253573144367043,0.0494604448218809,0.023950766747376916,0.04678109050781327,0.023618004449768953,0.04614612940979769,0.01987281399046105,0.03897116134060795,0.009611287344349226,0.019039579816169574,0.00153723525392849,0.0030697515775112275,0.0,0.0,0.0,0.0,0.0,0.0,0.0,0.0,0.0,0.0,0.0,0.0,0.0,0.0,0.0,0.0,0.0,0.0,0.0,0.0,0.0,0.0,42,0.7187281847000122,1
False,False,374.42355695121535,False,0.0,0.003530966767371601,0.0,0.003530966767371601,0.1480018191120459,0.0,0.0,0.0,0.0,0.0,0.0,0.0,0.0,0.0,0.0,0.0,0.0,0.0,0.0,0.0,0.0,0.0,0.0,0.0,0.0,0.0,0.0,0.0,0.0,0.0,0.0,0.0,0.0,0.0,0.0,0.0,0.0,0.0,0.0,0.0,0.0,0.0,0.0,43,0.6672898530960083,1
False,False,37.013511046643494,False,0.0020992922791495654,0.0009539072039072039,2.2007300820780724,0.0026262391276943332,0.8352753456441202,0.0020724744308467094,0.004136376327518278,0.0026414147417356737,0.005268912101373869,0.0033329949582106724,0.00664384601116301,0.0035074503895859326,0.006990382359840488,0.002873114518597171,0.0057297667611247785,0.0016458873390116447,0.003286365690342193,0.0004942339373970346,0.0009879795817553103,0.0,0.0,0.0,0.0,0.0,0.0,0.0,0.0,0.0,0.0,0.0,0.0,0.0,0.0,0.0,0.0,0.0,0.0,0.0,0.0,0.0,0.0,0.0,0.0,44,0.4335944652557373,1
False,False,61.39218191268331,False,0.00025614303336711166,0.0005961920024420025,0.42963178358305676,0.0006157203193939447,0.5317666305556483,0.0005695173599246167,0.001138386389038374,0.0,0.0,0.0,0.0,0.0,0.0,0.0,0.0,0.0,0.0,0.0,0.0,0.0,0.0,0.0,0.0,0.0,0.0,0.0,0.0,0.0,0.0,0.0,0.0,0.0,0.0,0.0,0.0,0.0,0.0,0.0,0.0,0.0,0.0,0.0,0.0,45,0.4335944652557373,1
False,False,208.78697277368624,False,0.0010998080876401099,0.0010012409747292418,1.0984449452216265,0.0017510045842275255,0.7346008106186972,0.002517909071565359,0.005023170257172168,0.001779327123844799,0.0035523334843679203,2.5801124929046907e-05,5.160091849634924e-05,0.0,0.0,0.0,0.0,0.0,0.0,0.0,0.0,0.0,0.0,0.0,0.0,0.0,0.0,0.0,0.0,0.0,0.0,0.0,0.0,0.0,0.0,0.0,0.0,0.0,0.0,0.0,0.0,0.0,0.0,0.0,0.0,46,0.1043395921587944,1
False,False,228.7575135378071,False,0.00012303134019140866,0.0006862966305655837,0.1792684601846542,0.0005989924686317819,0.4447500720081809,0.0,0.0,0.0,0.0,0.0,0.0,0.0,0.0,0.0,0.0,0.0,0.0,0.0,0.0,0.0,0.0,0.0,0.0,0.0,0.0,0.0,0.0,0.0,0.0,0.0,0.0,0.0,0.0,0.0,0.0,0.0,0.0,0.0,0.0,0.0,0.0,0.0,0.0,47,0.1043395921587944,1
False,False,129.3560976529518,False,0.004109320253850403,0.007679503020318506,0.5351023683404932,0.008596924151037183,0.5926327174921651,0.007895966360380003,0.015668217006350727,0.0016061408815001774,0.003207130659336082,0.0,0.0,0.0,0.0,0.0,0.0,0.0,0.0,0.0,0.0,0.0,0.0,0.0,0.0,0.0,0.0,0.0,0.0,0.0,0.0,0.0,0.0,0.0,0.0,0.0,0.0,0.0,0.0,0.0,0.0,0.0,0.0,0.0,0.0,48,0.09738072007894516,0
False,False,44.94441010848846,False,0.008055487370868428,0.0041485507246376814,1.9417594011874988,0.009350540388076561,0.7757385364923259,0.008689211448533558,0.01722871891542365,0.010354144084386275,0.020496068918031737,0.011492358052893108,0.02272356871784126,0.011675309004337475,0.023081138583540182,0.010535443312378061,0.02085120988501802,0.007947938336800554,0.015770533446232006,0.004901012445992133,0.009754219341590195,0.001763533200429382,0.0035208572522005357,0.0,0.0,0.0,0.0,0.0,0.0,0.0,0.0,0.0,0.0,0.0,0.0,0.0,0.0,0.0,0.0,0.0,0.0,0.0,0.0,0.0,0.0,49,0.22461894154548645,1
False,False,63.694583757176716,False,0.0031574316594268305,0.0024164244186046513,1.3066544250740808,0.0036744686767143163,0.7036731650209356,0.004728828372970238,0.009413143605380508,0.005000552886682803,0.009951343553632119,0.004115097066030031,0.008196464883466292,0.0027662800704889145,0.005517297750168584,0.0012890404704997717,0.0025747619686200887,0.00010787486515641856,0.00021572645885017797,0.0,0.0,0.0,0.0,0.0,0.0,0.0,0.0,0.0,0.0,0.0,0.0,0.0,0.0,0.0,0.0,0.0,0.0,0.0,0.0,0.0,0.0,0.0,0.0,0.0,0.0,50,0.6557610630989075,1
False,False,407.74747086891904,False,0.002075581984327546,0.004136904761904762,0.5017234149165867,0.004109790971282522,0.5439512201840093,0.004205242988435582,0.008375265948465098,0.0009764238034370118,0.0019509426600216378,0.0,0.0,0.0,0.0,0.0,0.0,0.0,0.0,0.0,0.0,0.0,0.0,0.0,0.0,0.0,0.0,0.0,0.0,0.0,0.0,0.0,0.0,0.0,0.0,0.0,0.0,0.0,0.0,0.0,0.0,0.0,0.0,0.0,0.0,51,0.4322417378425598,0
False,False,109.00458705944443,False,0.005367432038595184,0.011205357142857144,0.47900588710968967,0.014605163710724952,0.6472675274791394,0.0050408115917575345,0.010031058507512802,0.0,0.0,0.0,0.0,0.0,0.0,0.0,0.0,0.0,0.0,0.0,0.0,0.0,0.0,0.0,0.0,0.0,0.0,0.0,0.0,0.0,0.0,0.0,0.0,0.0,0.0,0.0,0.0,0.0,0.0,0.0,0.0,0.0,0.0,0.0,0.0,52,0.45955362915992737,0
False,False,365.9412521156914,False,0.007374362194824379,0.008435333622183709,0.874222944239084,0.011852033479121575,0.6782233375280163,0.012940769192726792,0.025550890212544346,0.010115606936416185,0.020028612303290415,0.005070833201280385,0.010090499164380538,0.000475040576382566,0.0009496300399635976,0.0,0.0,0.0,0.0,0.0,0.0,0.0,0.0,0.0,0.0,0.0,0.0,0.0,0.0,0.0,0.0,0.0,0.0,0.0,0.0,0.0,0.0,0.0,0.0,0.0,0.0,0.0,0.0,0.0,0.0,53,0.1336018443107605,0
False,False,276.5736791525904,False,0.0025115906984731627,0.010516652123327516,0.23882036498117845,0.01148543197135402,0.5867497946385221,0.0012081586241205315,0.0024134014764338445,0.0,0.0,0.0,0.0,0.0,0.0,0.0,0.0,0.0,0.0,0.0,0.0,0.0,0.0,0.0,0.0,0.0,0.0,0.0,0.0,0.0,0.0,0.0,0.0,0.0,0.0,0.0,0.0,0.0,0.0,0.0,0.0,0.0,0.0,0.0,0.0,54,0.05741356313228607,0
False,True,0.0,True,0.17449617406049758,0.014026988636363636,12.440031041882563,0.3411569714498621,0.9842879035387019,0.08008109477952356,0.14828718911309244,0.15001356361334658,0.2608900770561409,0.18204762427301657,0.3080207946528036,0.21443805338331287,0.35314778351338405,0.2500565227221343,0.40007234581298606,0.27454313642158945,0.43081027009003003,0.28888678888678887,0.4482733338221277,0.29491842460771067,0.45550116363052723,0.28745350016909027,0.4465458366167586,0.27250696716345574,0.4282993715482765,0.26164687459219627,0.41477037649979315,0.2564066260795696,0.40815866576515664,0.2445677300046232,0.39301634472511143,0.21226649032897998,0.35019773626073913,0.17505353319057815,0.2979498861047836,0.15233050847457627,0.26438683581540723,0.11784351145038167,0.21084080239009817,0.07969489742240926,0.14762484774665044,0.0407694516221648,0.0783448275862069,55,0.8828870058059692,1
False,False,28.319604517012593,False,0.11461929414813445,0.02506026170798898,4.573746893935863,0.17466352501691518,0.8965914013529235,0.056564067681319614,0.10707172316668344,0.10368230755246732,0.1878843338213763,0.1514333461884561,0.26303449815786534,0.17103956298626055,0.2921157719899636,0.1921896496983808,0.3224145583666223,0.21112303770293842,0.34864011521630756,0.1931582337364918,0.3237763915547025,0.17350324234655407,0.29570134292874123,0.15421897346257746,0.26722654367729054,0.13532321623207846,0.2383871205967063,0.1163141993957704,0.2083897158322057,0.09788739126278559,0.1783195472355246,0.07939469320066335,0.14710966007297868,0.058928372507519214,0.11129812749842205,0.03660287081339713,0.070620816985922,0.007191472967766791,0.014280249904373326,0.0,0.0,0.0,0.0,0.0,0.0,56,0.8372884392738342,1
False,False,221.60550534677608,False,0.0003827758143220338,0.0019569174757281555,0.19560140837293385,0.0016381621654204873,0.4424755926196534,0.0,0.0,0.0,0.0,0.0,0.0,0.0,0.0,0.0,0.0,0.0,0.0,0.0,0.0,0.0,0.0,0.0,0.0,0.0,0.0,0.0,0.0,0.0,0.0,0.0,0.0,0.0,0.0,0.0,0.0,0.0,0.0,0.0,0.0,0.0,0.0,0.0,0.0,57,0.5336923003196716,1
False,False,214.1074496602115,False,0.000885254690232385,0.0016231796116504855,0.5453830764497085,0.0019965332433736493,0.6126132904426855,0.00022986039811820954,0.0004596151489153082,0.0,0.0,0.0,0.0,0.0,0.0,0.0,0.0,0.0,0.0,0.0,0.0,0.0,0.0,0.0,0.0,0.0,0.0,0.0,0.0,0.0,0.0,0.0,0.0,0.0,0.0,0.0,0.0,0.0,0.0,0.0,0.0,0.0,0.0,0.0,0.0,58,0.5336923003196716,1
False,False,451.2471606558871,False,9.01467520104772e-06,0.0015682656826568266,0.005748181128197488,0.0015329083665998524,0.5122481470730906,0.0,0.0,0.0,0.0,0.0,0.0,0.0,0.0,0.0,0.0,0.0,0.0,0.0,0.0,0.0,0.0,0.0,0.0,0.0,0.0,0.0,0.0,0.0,0.0,0.0,0.0,0.0,0.0,0.0,0.0,0.0,0.0,0.0,0.0,0.0,0.0,0.0,0.0,59,0.5465640425682068,1
False,False,279.30807363912703,False,0.0,0.0018680811808118082,0.0,0.0018680811808118082,0.26339564222833245,0.0,0.0,0.0,0.0,0.0,0.0,0.0,0.0,0.0,0.0,0.0,0.0,0.0,0.0,0.0,0.0,0.0,0.0,0.0,0.0,0.0,0.0,0.0,0.0,0.0,0.0,0.0,0.0,0.0,0.0,0.0,0.0,0.0,0.0,0.0,0.0,0.0,0.0,60,0.5465640425682068,1
False,False,117.41379816699569,False,0.0001203495702605753,0.017646144278606966,0.006820162430978153,0.01606848687036559,0.26057127646158273,0.0,0.0,0.0,0.0,0.0,0.0,0.0,0.0,0.0,0.0,0.0,0.0,0.0,0.0,0.0,0.0,0.0,0.0,0.0,0.0,0.0,0.0,0.0,0.0,0.0,0.0,0.0,0.0,0.0,0.0,0.0,0.0,0.0,0.0,0.0,0.0,0.0,0.0,61,0.0881899744272232,0
False,False,158.15498727514097,False,0.021022791556345986,0.023034218835804504,0.9126765576989333,0.02783247181555595,0.6288479236267401,0.029321239682918557,0.05697198999206688,0.02816059356460687,0.054778589533323395,0.02587601078167116,0.05044666316342617,0.02259967453213995,0.044200433649619064,0.018959294622869934,0.037213055954088956,0.015042578144918668,0.029639304732241536,0.010888415067519546,0.02154226896900838,0.005986879816572193,0.011902500791389681,0.0019386802613628204,0.003869858105202809,0.0,0.0,0.0,0.0,0.0,0.0,0.0,0.0,0.0,0.0,0.0,0.0,0.0,0.0,0.0,0.0,0.0,0.0,0.0,0.0,62,0.08015145361423492,0
False,True,0.0,True,0.13038263492387447,0.03443733377659575,3.7860838986462113,0.3962774286350667,0.8754131464701081,0.06768356643356643,0.12678581662477587,0.07706545515732795,0.1431026402124668,0.09370995839272088,0.1713616259477675,0.1137587756769808,0.2042790201277369,0.1414021849029617,0.2477692556983904,0.17696115891949363,0.3007085791717246,0.2228287841191067,0.36444805194805197,0.25094228504122496,0.4012052163269149,0.2705597535030445,0.4258906403372019,0.2773451327433628,0.4342524594706942,0.26051413375357035,0.41334583528676355,0.22319474835886213,0.36493738819320215,0.18627131530357338,0.31404504669474453,0.14965223244334755,0.2603434816549571,0.11542461005199307,0.2069608452454941,0.0849425423528018,0.15658440707578075,0.05676488274203247,0.10743143279845226,0.027874984916133702,0.05423808405729044,0.007964281404609629,0.015802705614749193,63,0.667535126209259,1
False,True,0.0,True,0.24956122598567299,0.046746858465608464,5.338566786670263,0.2728733699211233,0.8749269048690204,0.14781802473818403,0.25756351887208107,0.17439708691499523,0.2969985005210054,0.19385641969627243,0.32475667341235426,0.19545535238771525,0.326997326997327,0.1918986083499006,0.32200492056211166,0.1872830458978456,0.31548171524039353,0.18514419233843693,0.3124416312130331,0.18374606649336434,0.31044845122515025,0.1692296789738502,0.2894720892175283,0.1536613772019217,0.2663890466275475,0.13842018814394505,0.2431794333683106,0.12292638177509364,0.21893934236503507,0.1083828589302471,0.19556935233526174,0.09368765461655096,0.17132433418460416,0.07530291941123851,0.14005898812674886,0.05625727106531494,0.1065219101565573,0.03885636718418597,0.07480604328297265,0.023778642455685256,0.0464527027027027,0.01028842771720014,0.020367307859691878,64,0.6558151245117188,1
False,False,187.21111078138497,False,0.0010388838203196887,0.0012477313974591652,0.8326181599943978,0.0014495870090088857,0.5842518114850952,0.0021572152312469358,0.004305143341704445,0.0024500819909327675,0.004888187521650437,0.001741096664782363,0.0034761410320075844,0.0,0.0,0.0,0.0,0.0,0.0,0.0,0.0,0.0,0.0,0.0,0.0,0.0,0.0,0.0,0.0,0.0,0.0,0.0,0.0,0.0,0.0,0.0,0.0,0.0,0.0,0.0,0.0,0.0,0.0,0.0,0.0,65,0.6770778894424438,1
False,False,155.56670594957006,False,0.0004445461152524096,0.001210212201591512,0.3673290640003472,0.001017309473824531,0.4225285772769678,0.0012727169306902535,0.0025421983624834012,0.0,0.0,0.0,0.0,0.0,0.0,0.0,0.0,0.0,0.0,0.0,0.0,0.0,0.0,0.0,0.0,0.0,0.0,0.0,0.0,0.0,0.0,0.0,0.0,0.0,0.0,0.0,0.0,0.0,0.0,0.0,0.0,0.0,0.0,0.0,0.0,66,0.7044286727905273,1
False,False,127.26350615946427,False,0.002223055913052978,0.0038898273273273274,0.5715050376234628,0.004871798270810899,0.6332934736992641,0.0028645256552233297,0.005712687171483679,0.0,0.0,0.0,0.0,0.0,0.0,0.0,0.0,0.0,0.0,0.0,0.0,0.0,0.0,0.0,0.0,0.0,0.0,0.0,0.0,0.0,0.0,0.0,0.0,0.0,0.0,0.0,0.0,0.0,0.0,0.0,0.0,0.0,0.0,0.0,0.0,67,0.6856985688209534,0
False,False,162.75441622272496,False,0.01132926600946909,0.004469032429558746,2.5350601473678935,0.016085115841403926,0.8752689150425822,0.008933538129436673,0.017708873363451585,0.012088257762998248,0.023887754195897344,0.01761343753645165,0.03461714809720312,0.020007626225242804,0.039230346344145135,0.019548563209956266,0.03834748812437023,0.01744480355126358,0.03429140035975353,0.013374434445383583,0.026395839466195663,0.007326683905922916,0.014546788093637308,0.0,0.0,0.0,0.0,0.0,0.0,0.0,0.0,0.0,0.0,0.0,0.0,0.0,0.0,0.0,0.0,0.0,0.0,0.0,0.0,0.0,0.0,68,0.7276235222816467,0
False,False,142.8355697996826,False,0.0,0.0003766166960611405,0.0,0.0003766166960611405,0.3122088161509975,0.0,0.0,0.0,0.0,0.0,0.0,0.0,0.0,0.0,0.0,0.0,0.0,0.0,0.0,0.0,0.0,0.0,0.0,0.0,0.0,0.0,0.0,0.0,0.0,0.0,0.0,0.0,0.0,0.0,0.0,0.0,0.0,0.0,0.0,0.0,0.0,0.0,0.0,69,0.026980338618159294,0
False,False,376.0053191113126,False,0.0,0.00026268115942028986,0.0,0.00026268115942028986,0.2813193683123284,0.0,0.0,0.0,0.0,0.0,0.0,0.0,0.0,0.0,0.0,0.0,0.0,0.0,0.0,0.0,0.0,0.0,0.0,0.0,0.0,0.0,0.0,0.0,0.0,0.0,0.0,0.0,0.0,0.0,0.0,0.0,0.0,0.0,0.0,0.0,0.0,0.0,0.0,70,0.051676493138074875,0
False,False,57.201398584300364,False,0.02822968528813034,0.1252680200729927,0.22535428652645043,0.08720677017604803,0.3280136090483508,0.02646224192044281,0.05156008831057187,0.008424942021199932,0.016709110753079362,0.003340886161784893,0.0066595236132860796,0.0011720875716857131,0.002341430781452523,0.0,0.0,0.0,0.0,0.0,0.0,0.0,0.0,0.0,0.0,0.0,0.0,0.0,0.0,0.0,0.0,0.0,0.0,0.0,0.0,0.0,0.0,0.0,0.0,0.0,0.0,0.0,0.0,0.0,0.0,71,0.7120496034622192,1
False,False,127.0,False,0.013384929104958077,0.06081140350877193,0.22010557778077475,0.04783010329823701,0.40521858105082176,0.0002886355310338703,0.0005771044892070363,0.0,0.0,0.0,0.0,0.0,0.0,0.0,0.0,0.0,0.0,0.0,0.0,0.0,0.0,0.0,0.0,0.0,0.0,0.0,0.0,0.0,0.0,0.0,0.0,0.0,0.0,0.0,0.0,0.0,0.0,0.0,0.0,0.0,0.0,0.0,0.0,72,0.7345172166824341,1
False,False,73.92563831310488,False,0.25442999478018075,0.19204545454545455,1.3248425763701719,0.23093939493420335,0.5766090111793525,0.21233478436830625,0.35029067400543895,0.20050515535257077,0.3340346427645041,0.17314558712597436,0.29518175582990397,0.1502197742565661,0.2612018635371823,0.1285223169977417,0.22777097991230755,0.10416026074657155,0.18866873668527828,0.08411961215676689,0.15518511281133976,0.06654524836343018,0.12478654509134258,0.05161115133960898,0.09815634091339451,0.03919743117174289,0.07543789081069222,0.029226938581930283,0.05679396348136628,0.018754841603131244,0.03681914595589707,0.008882185352773589,0.01760797342192691,0.0026537119866458366,0.005293376875626987,2.167128987517337e-05,4.334164048109221e-05,0.0,0.0,0.0,0.0,0.0,0.0,0.0,0.0,73,0.34821224212646484,1
False,False,123.0,False,0.1773372921083668,0.19876622267759564,0.8921902812230468,0.18996278481783407,0.5102552190477632,0.17026791413048556,0.29098963079235646,0.14634384457678415,0.25532277295179695,0.1258782839644425,0.22360904505805,0.10030131533594992,0.18231608730800322,0.07882957866311545,0.1461390755726238,0.06752757967081668,0.12651210321262055,0.054734060919039824,0.1037874151354275,0.035178993720949195,0.0679669775649105,0.018655745101782275,0.03662816450304951,0.004067456632368783,0.00810195889828157,0.0,0.0,0.0,0.0,0.0,0.0,0.0,0.0,0.0,0.0,0.0,0.0,0.0,0.0,0.0,0.0,0.0,0.0,74,0.4839301109313965,1
False,False,45.221676218380054,False,0.016514827310306773,0.005651939655172414,2.9219751656748687,0.020189690179249157,0.8718004244542725,0.01287385098732251,0.025420442979692724,0.019119775901938297,0.037522136953955135,0.0231586752347998,0.04526898084402251,0.02451781627983001,0.047862156987874924,0.02538603406502007,0.049515076706048315,0.02595016134815346,0.05058756716613516,0.018709453197405003,0.03673167680673225,0.009429587262328025,0.01868300153139357,0.0,0.0,0.0,0.0,0.0,0.0,0.0,0.0,0.0,0.0,0.0,0.0,0.0,0.0,0.0,0.0,0.0,0.0,0.0,0.0,0.0,0.0,75,0.6455970406532288,0
False,False,306.0228749619871,False,0.0,0.00102114602876798,0.0,0.00102114602876798,0.22345118676728798,0.0,0.0,0.0,0.0,0.0,0.0,0.0,0.0,0.0,0.0,0.0,0.0,0.0,0.0,0.0,0.0,0.0,0.0,0.0,0.0,0.0,0.0,0.0,0.0,0.0,0.0,0.0,0.0,0.0,0.0,0.0,0.0,0.0,0.0,0.0,0.0,0.0,0.0,76,0.17411558330059052,0
True,False,268.79360111431225,False,3.85939206554978e-06,0.0005825109649122807,0.006625441061235575,0.0003882281493113873,0.27060908694656927,0.0,0.0,0.0,0.0,0.0,0.0,0.0,0.0,0.0,0.0,0.0,0.0,0.0,0.0,0.0,0.0,0.0,0.0,0.0,0.0,0.0,0.0,0.0,0.0,0.0,0.0,0.0,0.0,0.0,0.0,0.0,0.0,0.0,0.0,0.0,0.0,0.0,0.0,77,0.5174456238746643,0
False,False,239.5349661322956,False,0.00013897084561856826,0.0005297991653625457,0.26230854011155236,0.0004667795941063951,0.4441158296943917,0.0,0.0,0.0,0.0,0.0,0.0,0.0,0.0,0.0,0.0,0.0,0.0,0.0,0.0,0.0,0.0,0.0,0.0,0.0,0.0,0.0,0.0,0.0,0.0,0.0,0.0,0.0,0.0,0.0,0.0,0.0,0.0,0.0,0.0,0.0,0.0,0.0,0.0,78,0.6667962670326233,0
False,False,236.07625886564705,False,0.006988833682827867,0.005323483560090703,1.3128308942704405,0.010634116887741966,0.7736703391256348,0.015611882704685038,0.030743796858912077,0.009413865162612348,0.018652141579402245,0.006110857548557229,0.012147483555533153,0.002331216833839453,0.004651589803225511,0.0,0.0,0.0,0.0,0.0,0.0,0.0,0.0,0.0,0.0,0.0,0.0,0.0,0.0,0.0,0.0,0.0,0.0,0.0,0.0,0.0,0.0,0.0,0.0,0.0,0.0,0.0,0.0,0.0,0.0,79,0.3520912230014801,1
False,False,256.5384961365448,False,0.0,0.003370358560090703,0.0,0.003370358560090703,0.17826654994200797,0.0,0.0,0.0,0.0,0.0,0.0,0.0,0.0,0.0,0.0,0.0,0.0,0.0,0.0,0.0,0.0,0.0,0.0,0.0,0.0,0.0,0.0,0.0,0.0,0.0,0.0,0.0,0.0,0.0,0.0,0.0,0.0,0.0,0.0,0.0,0.0,0.0,0.0,80,0.28322404623031616,1
False,False,313.0,False,3.128670474049605e-05,0.011567540322580646,0.002704698135300399,0.010844896632842658,0.17904640698963065,0.0,0.0,0.0,0.0,0.0,0.0,0.0,0.0,0.0,0.0,0.0,0.0,0.0,0.0,0.0,0.0,0.0,0.0,0.0,0.0,0.0,0.0,0.0,0.0,0.0,0.0,0.0,0.0,0.0,0.0,0.0,0.0,0.0,0.0,0.0,0.0,0.0,0.0,81,0.5322273373603821,0
False,False,291.8030157486382,False,0.003899710956142507,0.004843247588424437,0.8051851335172248,0.005081854416538061,0.5688518386085764,0.00721872356424476,0.014333974131656059,0.003157827922180964,0.006295774870683519,0.0,0.0,0.0,0.0,0.0,0.0,0.0,0.0,0.0,0.0,0.0,0.0,0.0,0.0,0.0,0.0,0.0,0.0,0.0,0.0,0.0,0.0,0.0,0.0,0.0,0.0,0.0,0.0,0.0,0.0,0.0,0.0,0.0,0.0,82,0.37164822220802307,0
False,False,84.34453153583817,False,0.0,0.001533132946379215,0.0,0.001533132946379215,0.32186620068599503,0.0,0.0,0.0,0.0,0.0,0.0,0.0,0.0,0.0,0.0,0.0,0.0,0.0,0.0,0.0,0.0,0.0,0.0,0.0,0.0,0.0,0.0,0.0,0.0,0.0,0.0,0.0,0.0,0.0,0.0,0.0,0.0,0.0,0.0,0.0,0.0,0.0,0.0,83,0.10356883704662323,0
False,False,52.69724850502159,False,4.330117434050113e-05,0.001286967938087341,0.033645884298294355,0.0013471726367746246,0.5692022856647995,0.0,0.0,0.0,0.0,0.0,0.0,0.0,0.0,0.0,0.0,0.0,0.0,0.0,0.0,0.0,0.0,0.0,0.0,0.0,0.0,0.0,0.0,0.0,0.0,0.0,0.0,0.0,0.0,0.0,0.0,0.0,0.0,0.0,0.0,0.0,0.0,0.0,0.0,84,0.10356883704662323,0
False,False,207.8677464158401,False,0.0,0.001380024941314554,0.0,0.001380024941314554,0.3495576440124695,0.0,0.0,0.0,0.0,0.0,0.0,0.0,0.0,0.0,0.0,0.0,0.0,0.0,0.0,0.0,0.0,0.0,0.0,0.0,0.0,0.0,0.0,0.0,0.0,0.0,0.0,0.0,0.0,0.0,0.0,0.0,0.0,0.0,0.0,0.0,0.0,0.0,0.0,85,0.02382664754986763,0
False,False,160.11246047700348,False,0.0,0.0009215448943661971,0.0,0.0009215448943661971,0.34962668245292805,0.0,0.0,0.0,0.0,0.0,0.0,0.0,0.0,0.0,0.0,0.0,0.0,0.0,0.0,0.0,0.0,0.0,0.0,0.0,0.0,0.0,0.0,0.0,0.0,0.0,0.0,0.0,0.0,0.0,0.0,0.0,0.0,0.0,0.0,0.0,0.0,0.0,0.0,86,0.02382664754986763,0
False,False,367.06947571270484,False,0.0,0.0009918478260869566,0.0,0.0009918478260869566,0.3896006455678413,0.0,0.0,0.0,0.0,0.0,0.0,0.0,0.0,0.0,0.0,0.0,0.0,0.0,0.0,0.0,0.0,0.0,0.0,0.0,0.0,0.0,0.0,0.0,0.0,0.0,0.0,0.0,0.0,0.0,0.0,0.0,0.0,0.0,0.0,0.0,0.0,0.0,0.0,87,0.01082575786858797,0
False,False,176.3887751530692,False,0.0,0.00012928486997635933,0.0,0.00012928486997635933,0.3467591480872601,0.0,0.0,0.0,0.0,0.0,0.0,0.0,0.0,0.0,0.0,0.0,0.0,0.0,0.0,0.0,0.0,0.0,0.0,0.0,0.0,0.0,0.0,0.0,0.0,0.0,0.0,0.0,0.0,0.0,0.0,0.0,0.0,0.0,0.0,0.0,0.0,0.0,0.0,88,0.052297744899988174,0
False,False,256.3532718730151,False,1.7529647241676536e-05,0.0012158526490066224,0.01441757539945209,0.0008632975066113987,0.3076008839791455,0.0,0.0,0.0,0.0,0.0,0.0,0.0,0.0,0.0,0.0,0.0,0.0,0.0,0.0,0.0,0.0,0.0,0.0,0.0,0.0,0.0,0.0,0.0,0.0,0.0,0.0,0.0,0.0,0.0,0.0,0.0,0.0,0.0,0.0,0.0,0.0,0.0,0.0,89,0.5545943379402161,0
False,False,364.72592449673766,False,0.00011875224131103904,0.0014583333333333334,0.08143010832756963,0.0012013573551667408,0.45194479010395444,0.0,0.0,0.0,0.0,0.0,0.0,0.0,0.0,0.0,0.0,0.0,0.0,0.0,0.0,0.0,0.0,0.0,0.0,0.0,0.0,0.0,0.0,0.0,0.0,0.0,0.0,0.0,0.0,0.0,0.0,0.0,0.0,0.0,0.0,0.0,0.0,0.0,0.0,90,0.10118676722049713,0
False,False,317.09462310168556,False,0.0007131817792476353,0.0052671370967741936,0.1354021674667281,0.004648842646438869,0.4569786317860187,0.0,0.0,0.0,0.0,0.0,0.0,0.0,0.0,0.0,0.0,0.0,0.0,0.0,0.0,0.0,0.0,0.0,0.0,0.0,0.0,0.0,0.0,0.0,0.0,0.0,0.0,0.0,0.0,0.0,0.0,0.0,0.0,0.0,0.0,0.0,0.0,0.0,0.0,91,0.583863377571106,0
False,False,313.0511140373086,False,0.0,0.0009877873563218392,0.0,0.0009877873563218392,0.12060224719101126,0.0,0.0,0.0,0.0,0.0,0.0,0.0,0.0,0.0,0.0,0.0,0.0,0.0,0.0,0.0,0.0,0.0,0.0,0.0,0.0,0.0,0.0,0.0,0.0,0.0,0.0,0.0,0.0,0.0,0.0,0.0,0.0,0.0,0.0,0.0,0.0,0.0,0.0,92,0.6008377075195312,0
False,True,0.0,True,0.19169296760283136,0.034726456639566396,5.520084285951062,0.3903279416964485,0.9040110874326672,0.09414456192419464,0.1720879766721671,0.14487872003943394,0.25309007409002027,0.18583226498911778,0.31342082767637147,0.25511957278848385,0.40652632357837876,0.2742265696087352,0.4304204231009551,0.2684257262463529,0.42324232423242325,0.26172094329028633,0.41486343661345054,0.25143033864233805,0.40182874088718645,0.24202898550724639,0.3897316219369895,0.23173140223831468,0.37626937466595406,0.21124635348556484,0.3488082385183955,0.18420504271723276,0.3111032905155728,0.15775285745093812,0.2725156002607805,0.12980930076948813,0.22978975421972164,0.10310344827586207,0.1869334166927165,0.07652338214454417,0.1421676173760421,0.05159734779987944,0.09813137681990142,0.027882625106538415,0.054252546789860225,0.008413608096573589,0.016686819830713424,93,0.6042677164077759,1
False,False,79.2464510246358,False,0.01612523201974074,0.006321985094850949,2.550659607355642,0.02714914757919636,0.8933708905738715,0.01859810406467606,0.03651706004647181,0.03140381136679147,0.06089527888243092,0.04118647269979218,0.07911449827617492,0.0,0.0,0.0,0.0,0.0,0.0,0.0,0.0,0.0,0.0,0.0,0.0,0.0,0.0,0.0,0.0,0.0,0.0,0.0,0.0,0.0,0.0,0.0,0.0,0.0,0.0,0.0,0.0,0.0,0.0,0.0,0.0,94,0.6042677164077759,1
False,False,197.9595918363139,False,0.004783183129083105,0.028175349973586897,0.16976481689019376,0.022764976261329724,0.4421911206141656,0.0009714847156751267,0.0019410836982056005,0.0,0.0,0.0,0.0,0.0,0.0,0.0,0.0,0.0,0.0,0.0,0.0,0.0,0.0,0.0,0.0,0.0,0.0,0.0,0.0,0.0,0.0,0.0,0.0,0.0,0.0,0.0,0.0,0.0,0.0,0.0,0.0,0.0,0.0,0.0,0.0,95,0.522607684135437,1
False,False,209.89759407863636,False,0.026923275551924284,0.016017069466455362,1.6809114556386142,0.033046781749439036,0.7784494221863304,0.04055464616990487,0.07794813337133086,0.04363101315236322,0.08361386850812833,0.042789518804278955,0.08206741251742503,0.03188535391566265,0.06180018699687578,0.0007180812868016659,0.0014351320321469576,0.0,0.0,0.0,0.0,0.0,0.0,0.0,0.0,0.0,0.0,0.0,0.0,0.0,0.0,0.0,0.0,0.0,0.0,0.0,0.0,0.0,0.0,0.0,0.0,0.0,0.0,0.0,0.0,96,0.522607684135437,1
False,False,203.59273071502332,False,0.028941416365348208,0.010717941098784997,2.7002776091603127,0.033636465366388105,0.8607074756017237,0.030974190162683077,0.060087227126016586,0.03957092139145804,0.0761293348576789,0.04882494004796163,0.09310407901957198,0.04002052334530529,0.07696102614701529,0.026051859099804304,0.050780784360472044,0.020679845357064703,0.040521708057888156,0.01417757517460583,0.02795876288659794,0.008223444114641622,0.016312741312741314,0.0033356741573033707,0.006649168853893263,0.00023986567522187575,0.00047961630695443646,0.0,0.0,0.0,0.0,0.0,0.0,0.0,0.0,0.0,0.0,0.0,0.0,0.0,0.0,0.0,0.0,0.0,0.0,97,0.522607684135437,1
False,True,0.0,True,0.37666943103368167,0.11815271406727829,3.187987969698261,0.49787754877292667,0.8705270707973632,0.2708219406072422,0.42621539958278376,0.2872736876082045,0.44632884269073836,0.28919301394449815,0.44864191911754864,0.3099257844711601,0.47319594460274333,0.3366046695686585,0.503671245855045,0.3310124746156078,0.497384481255449,0.3172264965284293,0.4816582377662227,0.29891395154553047,0.46025212245948033,0.27240607290281954,0.42817474500316166,0.2407460855761599,0.3880666453432584,0.18887485136741974,0.31773714642912954,0.12915425166170066,0.22876281335633816,0.08940397350993377,0.1641337386018237,0.05939106366152629,0.11212302179755151,0.035946798737867956,0.06939892817210934,0.019021192745405556,0.03733228097868982,0.008680555555555556,0.01721170395869191,0.0038015125166821692,0.007574231497522259,0.0011728070530189671,0.002342866375828082,98,0.5764811038970947,1
False,False,194.5379140424817,False,0.053968415374910844,0.03846331120943953,1.4031141281894137,0.07215130657099962,0.758094122342758,0.08794397585699915,0.1616700451651908,0.0960169941582581,0.17521077623800757,0.08144665161464051,0.15062537110459884,0.053947711488776695,0.10237265264815024,0.029103639959377838,0.056561144726932765,0.009939830108541764,0.019684004555941707,0.0014952055907687307,0.002985946577521015,0.0,0.0,0.0,0.0,0.0,0.0,0.0,0.0,0.0,0.0,0.0,0.0,0.0,0.0,0.0,0.0,0.0,0.0,0.0,0.0,0.0,0.0,0.0,0.0,99,0.5120999217033386,1
False,False,160.41508657230466,False,0.0,0.012322364790286975,0.0,0.012322364790286975,0.2910231449549935,0.0,0.0,0.0,0.0,0.0,0.0,0.0,0.0,0.0,0.0,0.0,0.0,0.0,0.0,0.0,0.0,0.0,0.0,0.0,0.0,0.0,0.0,0.0,0.0,0.0,0.0,0.0,0.0,0.0,0.0,0.0,0.0,0.0,0.0,0.0,0.0,0.0,0.0,100,0.018028613179922104,0
False,False,222.17335573826128,False,0.030672929726768907,0.016046135863586358,1.911546180808257,0.03385433411042426,0.7853026749422245,0.03898416492381237,0.07504284711917826,0.04046225468916067,0.07777745806117457,0.04041090855630697,0.07768259295239778,0.038163519771998576,0.07352121134131172,0.03311349650928558,0.06410427628943081,0.023006081668114683,0.0449774093827496,0.0008537522410996329,0.0017060479399471126,0.0,0.0,0.0,0.0,0.0,0.0,0.0,0.0,0.0,0.0,0.0,0.0,0.0,0.0,0.0,0.0,0.0,0.0,0.0,0.0,0.0,0.0,0.0,0.0,101,0.12295525521039963,0
False,False,201.24611797498108,False,0.00014792050828190605,0.0031563021702838063,0.0468651289710343,0.002102524933101562,0.25949620862196837,0.0,0.0,0.0,0.0,0.0,0.0,0.0,0.0,0.0,0.0,0.0,0.0,0.0,0.0,0.0,0.0,0.0,0.0,0.0,0.0,0.0,0.0,0.0,0.0,0.0,0.0,0.0,0.0,0.0,0.0,0.0,0.0,0.0,0.0,0.0,0.0,0.0,0.0,102,0.6453292965888977,1
False,False,11.704699910719626,True,0.026766450217439057,0.004727628410914928,5.661707708592732,0.04419678882909951,0.9484917669236437,0.01464305134778218,0.028863453661524326,0.021556406884327292,0.0422030672786298,0.02860973388647172,0.05562796645599193,0.03453540566124157,0.0667650531286895,0.04088678902416863,0.07856145251396648,0.042443199096398626,0.08143023837306218,0.04200297366185217,0.08061968098659736,0.043375994465582844,0.08314547142288821,0.045429464778370426,0.08691062631949331,0.04601006470165349,0.0879725085910653,0.04389638591592989,0.08410104011887073,0.03769140164899882,0.07264472190692395,0.029564315352697094,0.05743073047858942,0.021513638109873223,0.042121098157201955,0.009032943676939426,0.01790416008425487,0.0,0.0,0.0,0.0,0.0,0.0,0.0,0.0,103,0.38514387607574463,1
False,False,403.07939664537554,False,0.00031776820256601427,0.0005492424242424242,0.5785572791546743,0.0007577283929430745,0.6599060661583328,0.00021521189404401084,0.00043033117570063297,0.0,0.0,0.0,0.0,0.0,0.0,0.0,0.0,0.0,0.0,0.0,0.0,0.0,0.0,0.0,0.0,0.0,0.0,0.0,0.0,0.0,0.0,0.0,0.0,0.0,0.0,0.0,0.0,0.0,0.0,0.0,0.0,0.0,0.0,0.0,0.0,104,0.08264707773923874,0
False,False,376.4306044943742,False,0.000571995751639763,0.0005255681818181818,1.0883378625794409,0.0009733059168239352,0.7469061446649099,0.001238845898342819,0.0024746261162715633,0.0,0.0,0.0,0.0,0.0,0.0,0.0,0.0,0.0,0.0,0.0,0.0,0.0,0.0,0.0,0.0,0.0,0.0,0.0,0.0,0.0,0.0,0.0,0.0,0.0,0.0,0.0,0.0,0.0,0.0,0.0,0.0,0.0,0.0,0.0,0.0,105,0.08264707773923874,0
False,False,326.744548539069,False,0.0,0.0007149621212121213,0.0,0.0007149621212121213,0.2302995986713986,0.0,0.0,0.0,0.0,0.0,0.0,0.0,0.0,0.0,0.0,0.0,0.0,0.0,0.0,0.0,0.0,0.0,0.0,0.0,0.0,0.0,0.0,0.0,0.0,0.0,0.0,0.0,0.0,0.0,0.0,0.0,0.0,0.0,0.0,0.0,0.0,0.0,0.0,106,0.08264707773923874,0
False,False,283.38842601630716,False,0.00033213885876383944,0.0007433712121212121,0.4468008087319929,0.0008065293119455701,0.5793532250544166,0.0002867589074485626,0.0005733534007023579,0.0,0.0,0.0,0.0,0.0,0.0,0.0,0.0,0.0,0.0,0.0,0.0,0.0,0.0,0.0,0.0,0.0,0.0,0.0,0.0,0.0,0.0,0.0,0.0,0.0,0.0,0.0,0.0,0.0,0.0,0.0,0.0,0.0,0.0,0.0,0.0,107,0.08264707773923874,0
False,False,244.6630335788388,False,0.0006805978883698459,0.0008191287878787878,0.8308801966688524,0.0012439882560646867,0.6984699051330884,0.0011656474723382888,0.0023285806405387976,2.722273642946589e-05,5.444399074452157e-05,0.0,0.0,0.0,0.0,0.0,0.0,0.0,0.0,0.0,0.0,0.0,0.0,0.0,0.0,0.0,0.0,0.0,0.0,0.0,0.0,0.0,0.0,0.0,0.0,0.0,0.0,0.0,0.0,0.0,0.0,0.0,0.0,0.0,0.0,108,0.08264707773923874,0
False,False,225.64130827488125,False,0.0,0.000643939393939394,0.0,0.000643939393939394,0.23031876587196298,0.0,0.0,0.0,0.0,0.0,0.0,0.0,0.0,0.0,0.0,0.0,0.0,0.0,0.0,0.0,0.0,0.0,0.0,0.0,0.0,0.0,0.0,0.0,0.0,0.0,0.0,0.0,0.0,0.0,0.0,0.0,0.0,0.0,0.0,0.0,0.0,0.0,0.0,109,0.08264707773923874,0
False,False,12.041594578792296,True,0.006925806499479128,0.0007406345565749235,9.351179252974141,0.017356862299231324,0.9768558548483506,0.0031173950644596852,0.006215414227283663,0.003872676394163502,0.007715473257174145,0.005010991853097117,0.009972014025155209,0.006173577090054567,0.01227139577230623,0.00731787923138662,0.014529433820772403,0.008486640385457732,0.01683044682121722,0.009877015229720258,0.019560827864714792,0.011531880068447287,0.022800823771697558,0.013435035104446564,0.02651385562777968,0.015108497262218617,0.029767256018379783,0.015425086691378691,0.030381535562882714,0.015606595995288575,0.030733545955349377,0.01572085889570552,0.03095507738769347,0.014635444385311336,0.02884867558353003,0.017297297297297298,0.03400637619553666,0.019777503090234856,0.03878787878787879,0.01837270341207349,0.03608247422680412,0.0,0.0,0.0,0.0,110,0.02491237036883831,0
False,False,122.98373876248843,False,0.0,0.00031536697247706424,0.0,0.00031536697247706424,0.2993250929670098,0.0,0.0,0.0,0.0,0.0,0.0,0.0,0.0,0.0,0.0,0.0,0.0,0.0,0.0,0.0,0.0,0.0,0.0,0.0,0.0,0.0,0.0,0.0,0.0,0.0,0.0,0.0,0.0,0.0,0.0,0.0,0.0,0.0,0.0,0.0,0.0,0.0,0.0,111,0.02491237036883831,0
False,False,137.31715115017496,False,0.0,0.000525611620795107,0.0,0.000525611620795107,0.2992828799541043,0.0,0.0,0.0,0.0,0.0,0.0,0.0,0.0,0.0,0.0,0.0,0.0,0.0,0.0,0.0,0.0,0.0,0.0,0.0,0.0,0.0,0.0,0.0,0.0,0.0,0.0,0.0,0.0,0.0,0.0,0.0,0.0,0.0,0.0,0.0,0.0,0.0,0.0,112,0.02491237036883831,0
False,False,154.69324484281788,False,0.0,0.0007597477064220184,0.0,0.0007597477064220184,0.29923584910171624,0.0,0.0,0.0,0.0,0.0,0.0,0.0,0.0,0.0,0.0,0.0,0.0,0.0,0.0,0.0,0.0,0.0,0.0,0.0,0.0,0.0,0.0,0.0,0.0,0.0,0.0,0.0,0.0,0.0,0.0,0.0,0.0,0.0,0.0,0.0,0.0,0.0,0.0,113,0.02491237036883831,0
False,False,181.63975335812367,False,0.0,0.0002819189602446483,0.0,0.0002819189602446483,0.2993318070365786,0.0,0.0,0.0,0.0,0.0,0.0,0.0,0.0,0.0,0.0,0.0,0.0,0.0,0.0,0.0,0.0,0.0,0.0,0.0,0.0,0.0,0.0,0.0,0.0,0.0,0.0,0.0,0.0,0.0,0.0,0.0,0.0,0.0,0.0,0.0,0.0,0.0,0.0,114,0.02491237036883831,0
False,False,195.57607215607945,False,0.0,0.0005925076452599388,0.0,0.0005925076452599388,0.29926944481630935,0.0,0.0,0.0,0.0,0.0,0.0,0.0,0.0,0.0,0.0,0.0,0.0,0.0,0.0,0.0,0.0,0.0,0.0,0.0,0.0,0.0,0.0,0.0,0.0,0.0,0.0,0.0,0.0,0.0,0.0,0.0,0.0,0.0,0.0,0.0,0.0,0.0,0.0,115,0.02491237036883831,0
False,False,34.92849839314596,False,0.009894084450596623,0.0008758618105515587,11.296398965455516,0.021117958824416628,0.9814363795249467,0.005326269617477,0.010596101541251133,0.008685151641818772,0.017220738557878257,0.0114247311827957,0.022591362126245847,0.01452652839276004,0.028637059724349156,0.018533201189296335,0.03639194317407804,0.02465717299578059,0.048127654098571615,0.02960125370015671,0.05750042279722645,0.026476578411405296,0.051587301587301584,0.017378917378917377,0.03416409969196304,0.006041222459132907,0.012009890498057224,0.0,0.0,0.0,0.0,0.0,0.0,0.0,0.0,0.0,0.0,0.0,0.0,0.0,0.0,0.0,0.0,0.0,0.0,116,0.016977420076727867,0
False,False,52.009614495783374,False,0.003711697969482925,0.00046837529976019186,7.924623632764823,0.006044356241887707,0.9634977788607526,0.0028482725227149735,0.005680365815558522,0.004644466118619664,0.009245989552031807,0.006109481915933529,0.012144765606023804,0.0077681970014759575,0.015416634548678023,0.009910802775024777,0.019627085377821395,0.005627535662871352,0.011192087454450807,0.0,0.0,0.0,0.0,0.0,0.0,0.0,0.0,0.0,0.0,0.0,0.0,0.0,0.0,0.0,0.0,0.0,0.0,0.0,0.0,0.0,0.0,0.0,0.0,0.0,0.0,117,0.016977420076727867,0
False,False,81.83520025025906,False,0.0,0.0009133318345323741,0.0,0.0009133318345323741,0.2896760099198815,0.0,0.0,0.0,0.0,0.0,0.0,0.0,0.0,0.0,0.0,0.0,0.0,0.0,0.0,0.0,0.0,0.0,0.0,0.0,0.0,0.0,0.0,0.0,0.0,0.0,0.0,0.0,0.0,0.0,0.0,0.0,0.0,0.0,0.0,0.0,0.0,0.0,0.0,118,0.016977420076727867,0
False,False,114.47707194019246,False,0.0,0.0007868705035971223,0.0,0.0007868705035971223,0.28970262871714103,0.0,0.0,0.0,0.0,0.0,0.0,0.0,0.0,0.0,0.0,0.0,0.0,0.0,0.0,0.0,0.0,0.0,0.0,0.0,0.0,0.0,0.0,0.0,0.0,0.0,0.0,0.0,0.0,0.0,0.0,0.0,0.0,0.0,0.0,0.0,0.0,0.0,0.0,119,0.016977420076727867,0
False,False,117.0,False,0.0,0.0006604091726618705,0.0,0.0006604091726618705,0.2897292407774544,0.0,0.0,0.0,0.0,0.0,0.0,0.0,0.0,0.0,0.0,0.0,0.0,0.0,0.0,0.0,0.0,0.0,0.0,0.0,0.0,0.0,0.0,0.0,0.0,0.0,0.0,0.0,0.0,0.0,0.0,0.0,0.0,0.0,0.0,0.0,0.0,0.0,0.0,120,0.016977420076727867,0
False,False,166.33099530754933,False,0.0,0.000576101618705036,0.0,0.000576101618705036,0.28974697840951164,0.0,0.0,0.0,0.0,0.0,0.0,0.0,0.0,0.0,0.0,0.0,0.0,0.0,0.0,0.0,0.0,0.0,0.0,0.0,0.0,0.0,0.0,0.0,0.0,0.0,0.0,0.0,0.0,0.0,0.0,0.0,0.0,0.0,0.0,0.0,0.0,0.0,0.0,121,0.016977420076727867,0
False,False,15.556349186104045,False,0.011041021519082492,0.0008603872202591284,12.832619149965053,0.015321042904987207,0.9749198927245498,0.006500730028505875,0.012917486961627466,0.009094888380915326,0.0180258338153075,0.011420544766092586,0.022583177344363263,0.014190317195325543,0.027983539094650206,0.01683016830168302,0.03310320410692158,0.01956476250261561,0.038378655720882504,0.021045079516919765,0.04122262560018738,0.021095890410958905,0.041320096592433596,0.019312965015038784,0.03789408293213232,0.016055912353607857,0.031604387432608294,0.011016754647693368,0.021793416572077184,0.004868270332187858,0.00968937019093759,0.0003632401017072285,0.0007262164124909223,0.0,0.0,0.0,0.0,0.0,0.0,0.0,0.0,0.0,0.0,0.0,0.0,122,0.010420650243759155,0
False,False,182.84966502567076,False,7.284628394182382e-05,0.000823579210836278,0.08845085327961874,0.0008183463049504831,0.5527222883714685,0.0,0.0,0.0,0.0,0.0,0.0,0.0,0.0,0.0,0.0,0.0,0.0,0.0,0.0,0.0,0.0,0.0,0.0,0.0,0.0,0.0,0.0,0.0,0.0,0.0,0.0,0.0,0.0,0.0,0.0,0.0,0.0,0.0,0.0,0.0,0.0,0.0,0.0,123,0.010420650243759155,0
False,False,196.2065238466856,False,0.00019519870203037868,0.0003956861012956419,0.4933170545824491,0.000671919868867501,0.6974062239151093,0.00013865779256794233,0.0002772771384999307,0.0,0.0,0.0,0.0,0.0,0.0,0.0,0.0,0.0,0.0,0.0,0.0,0.0,0.0,0.0,0.0,0.0,0.0,0.0,0.0,0.0,0.0,0.0,0.0,0.0,0.0,0.0,0.0,0.0,0.0,0.0,0.0,0.0,0.0,0.0,0.0,124,0.010420650243759155,0
False,False,153.7693077307692,False,0.0,0.000869589222614841,0.0,0.000869589222614841,0.35278717966429507,0.0,0.0,0.0,0.0,0.0,0.0,0.0,0.0,0.0,0.0,0.0,0.0,0.0,0.0,0.0,0.0,0.0,0.0,0.0,0.0,0.0,0.0,0.0,0.0,0.0,0.0,0.0,0.0,0.0,0.0,0.0,0.0,0.0,0.0,0.0,0.0,0.0,0.0,125,0.010420650243759155,0
False,False,226.77080940897133,False,1.9922487916694125e-06,0.0006073321554770318,0.0032803281922469457,0.0005716506163971739,0.37853955275644685,0.0,0.0,0.0,0.0,0.0,0.0,0.0,0.0,0.0,0.0,0.0,0.0,0.0,0.0,0.0,0.0,0.0,0.0,0.0,0.0,0.0,0.0,0.0,0.0,0.0,0.0,0.0,0.0,0.0,0.0,0.0,0.0,0.0,0.0,0.0,0.0,0.0,0.0,126,0.010420650243759155,0
False,False,261.283371074395,False,0.0,0.0009063972320376914,0.0,0.0009063972320376914,0.35278175613754736,0.0,0.0,0.0,0.0,0.0,0.0,0.0,0.0,0.0,0.0,0.0,0.0,0.0,0.0,0.0,0.0,0.0,0.0,0.0,0.0,0.0,0.0,0.0,0.0,0.0,0.0,0.0,0.0,0.0,0.0,0.0,0.0,0.0,0.0,0.0,0.0,0.0,0.0,127,0.010420650243759155,0
False,False,198.4943324127921,False,0.0,0.001691077817531306,0.0,0.001691077817531306,0.3050892936306832,0.0,0.0,0.0,0.0,0.0,0.0,0.0,0.0,0.0,0.0,0.0,0.0,0.0,0.0,0.0,0.0,0.0,0.0,0.0,0.0,0.0,0.0,0.0,0.0,0.0,0.0,0.0,0.0,0.0,0.0,0.0,0.0,0.0,0.0,0.0,0.0,0.0,0.0,128,0.01056134607642889,0
False,False,213.54624791833734,False,0.0,0.0013578869047619047,0.0,0.0013578869047619047,0.3360869484232682,0.0,0.0,0.0,0.0,0.0,0.0,0.0,0.0,0.0,0.0,0.0,0.0,0.0,0.0,0.0,0.0,0.0,0.0,0.0,0.0,0.0,0.0,0.0,0.0,0.0,0.0,0.0,0.0,0.0,0.0,0.0,0.0,0.0,0.0,0.0,0.0,0.0,0.0,129,0.011018522083759308,0
False,True,0.0,True,0.33458467816384685,0.10424584740990991,3.2095732010140505,0.49502159673436247,0.9068471334029039,0.22671090356420262,0.3696240131321817,0.3007667286245353,0.46244529784763777,0.3432979439971774,0.511127029608405,0.31307507472308505,0.47685784423119837,0.29351882469649015,0.45383000091299186,0.27451980282168964,0.4307815417444652,0.21231681211921621,0.35026621753775944,0.19108058161023744,0.3208524839720132,0.18422380849376307,0.31113005358012663,0.17649248176269167,0.3000316355583676,0.1675541084083509,0.28701729059352343,0.1562745405999686,0.27030698179842433,0.14302330245056752,0.2502543948910488,0.12758226504450068,0.22629349360947174,0.10949720670391061,0.1973816717019134,0.08827217253197359,0.16222444120132115,0.05642514516536228,0.10682279842275062,0.026119245537786405,0.05090879184143433,0.006625031648240358,0.013162858939425696,130,0.7106301188468933,1
False,True,0.0,True,0.2892207247151732,0.13415152186761228,2.1559257821956823,0.3225945007166535,0.7820078156055821,0.22014154380571166,0.36084591156379103,0.21777430284076102,0.35765954714719855,0.22163804746285934,0.36285387136257746,0.2207383215722867,0.3616472386776228,0.18186037260491944,0.3077527207449792,0.14214397684794405,0.2489072826706645,0.11561177023989964,0.20726165378308736,0.10369337979094077,0.18790251294355348,0.09633566269305303,0.1757411821419963,0.08840876447758457,0.1624550763701707,0.07929804804804805,0.14694374402225893,0.07044859932359135,0.13162444113263785,0.06176088369070825,0.11633670940301705,0.05238661121014062,0.09955773030958878,0.042796340359931635,0.08207995886360715,0.034064665127020784,0.06588498045784479,0.023646333104866347,0.046200200870438565,0.012422146519390248,0.024539460267826798,0.003441866868589523,0.006860122110173561,131,0.4674485921859741,1
False,False,286.34245231889736,False,0.002309890387944753,0.006295214245965498,0.36692800239882617,0.0064475005856465635,0.534866305971109,0.002184759524027274,0.004359993510707333,0.0,0.0,0.0,0.0,0.0,0.0,0.0,0.0,0.0,0.0,0.0,0.0,0.0,0.0,0.0,0.0,0.0,0.0,0.0,0.0,0.0,0.0,0.0,0.0,0.0,0.0,0.0,0.0,0.0,0.0,0.0,0.0,0.0,0.0,0.0,0.0,132,0.654621422290802,1
False,False,86.88498144098322,False,0.004868121471569664,0.004310941828254848,1.1292477758950352,0.0057221452442349895,0.655221091282066,0.008080561984813417,0.016031579795375814,0.00843587340207008,0.01673060950045485,0.006880816141247865,0.013667588121537129,0.004531435003142769,0.009021987456527117,0.0006997900629811056,0.0013986013986013986,0.0,0.0,0.0,0.0,0.0,0.0,0.0,0.0,0.0,0.0,0.0,0.0,0.0,0.0,0.0,0.0,0.0,0.0,0.0,0.0,0.0,0.0,0.0,0.0,0.0,0.0,0.0,0.0,133,0.6635609865188599,1
False,False,25.079872407968907,False,0.02722135679277938,0.006767349498327759,4.022454699510627,0.042834578171377986,0.9212723848802296,0.020059118896103057,0.03932932616260677,0.030810336909781657,0.05977886679356851,0.03918918918918919,0.0754226267880364,0.04871259568545581,0.09289980092899801,0.053515625,0.10159436410826844,0.05291828793774319,0.10051736881005174,0.04369383328168577,0.083729216152019,0.03346986541837332,0.06477182652021289,0.023864809081527348,0.046617109739196166,0.014253135689851768,0.028105677346824058,0.004260018933417482,0.008483896307934015,0.0,0.0,0.0,0.0,0.0,0.0,0.0,0.0,0.0,0.0,0.0,0.0,0.0,0.0,0.0,0.0,134,0.7230409383773804,1
False,False,303.00660058817203,False,0.0,0.006863962472406181,0.0,0.006863962472406181,0.13727294828604175,0.0,0.0,0.0,0.0,0.0,0.0,0.0,0.0,0.0,0.0,0.0,0.0,0.0,0.0,0.0,0.0,0.0,0.0,0.0,0.0,0.0,0.0,0.0,0.0,0.0,0.0,0.0,0.0,0.0,0.0,0.0,0.0,0.0,0.0,0.0,0.0,0.0,0.0,135,0.5078685283660889,1
False,True,0.0,True,0.13405234129430157,0.06811779350104821,1.967948966113219,0.12647831706895832,0.6046673085271634,0.0839831745543946,0.1549529116794982,0.09418643245589399,0.1721579242113123,0.10014781966001478,0.18206247900571046,0.10397980083339219,0.18837265093962416,0.1080077850679187,0.19495853102024555,0.11266709102482496,0.20251716247139587,0.11737945923717487,0.2100977573317999,0.12191375912831807,0.21733178354642904,0.12380309748730801,0.2203288062902073,0.12234785036292574,0.218021267334121,0.11849678365872926,0.2118857834729089,0.11032376298106292,0.19872359154929578,0.09094495091164095,0.16672692941223735,0.06418112925106423,0.12062068662358785,0.0443728309370352,0.08497507714217897,0.02977031339925705,0.05781932730413576,0.017861068366673994,0.03509529723017116,0.008887598024978217,0.017618608935974205,0.002798285306025244,0.005580953511844683,136,0.38528212904930115,1
False,False,158.40454538932903,False,0.005055531509087003,0.06300578517924024,0.08023916366893795,0.04817245772093529,0.26842583526960817,0.005522795065909292,0.010984922655179166,0.0,0.0,0.0,0.0,0.0,0.0,0.0,0.0,0.0,0.0,0.0,0.0,0.0,0.0,0.0,0.0,0.0,0.0,0.0,0.0,0.0,0.0,0.0,0.0,0.0,0.0,0.0,0.0,0.0,0.0,0.0,0.0,0.0,0.0,0.0,0.0,137,0.5498310923576355,1
False,False,141.0,False,0.08158623637062568,0.03328081232492997,2.451449669379347,0.11627279577692477,0.7998775890631612,0.05231050089377401,0.09942027728383282,0.05746286191682114,0.10868062413588782,0.0639102292662271,0.12014214641080313,0.07299620036198444,0.13606050112266668,0.0835515489733133,0.15421794939517194,0.09384980615190176,0.17159541579489743,0.10538544519127044,0.19067637564747392,0.11710377713640356,0.20965604007998023,0.12577307326355852,0.22344302995087423,0.1325665646653301,0.2340993788819876,0.13204616998950683,0.2332876052055912,0.12008624147613317,0.21442320605219573,0.09948249619482497,0.18096240101888256,0.07890687962488094,0.14627190004074425,0.03331598125976054,0.06448362720403022,0.007054848966613673,0.014010853478046374,0.0,0.0,0.0,0.0,0.0,0.0,138,0.6654171347618103,0
False,False,110.30865786510141,False,0.04234990090714369,0.027404538904899134,1.545360827055286,0.04829875849555716,0.7369770043362197,0.0636202411917711,0.1196296172785985,0.06324348964077227,0.11896332356032528,0.056611118319832426,0.10715601480675778,0.04099740637939664,0.07876562636594107,0.02114374531032265,0.041411888203647815,0.0066830590757203205,0.013277384605749358,0.00045230108175342055,0.0009041931959462005,0.0,0.0,0.0,0.0,0.0,0.0,0.0,0.0,0.0,0.0,0.0,0.0,0.0,0.0,0.0,0.0,0.0,0.0,0.0,0.0,0.0,0.0,0.0,0.0,139,0.5484169721603394,0
False,True,0.0,True,0.1698904717390322,0.05889963624338624,2.884406128367371,0.28775995681178135,0.7790066670463753,0.11272169793999927,0.2026053740997104,0.12273602545139954,0.21863736919291094,0.09679572763684913,0.17650639074863056,0.11316997621549864,0.20332919254658385,0.13670466022219016,0.24052801929301262,0.15306299280824887,0.2654893856847642,0.160295267892061,0.27630082157151886,0.16473658457021692,0.28287354712225177,0.16560018959592368,0.28414578356122605,0.16138820405841078,0.27792292619203135,0.1503168735146554,0.2613486370157819,0.13575865128660158,0.2390625,0.11775713889658997,0.21070254852111367,0.09867503486750348,0.17962551570929863,0.07919613472445908,0.14676875162211264,0.06034240808307606,0.11381683430386448,0.0411256930310899,0.07900235928547354,0.024282405782861956,0.04741349777321,0.009123447259456805,0.018081925029556994,140,0.4037700295448303,0
False,False,122.00409829181969,False,0.058409917273262925,0.05610832678197065,1.0410204799055218,0.06282634687394897,0.5711712383867452,0.07066469825723751,0.13200154702450015,0.07267222802448407,0.1354975473884,0.048794936023288875,0.09304952636080495,0.03736286270891008,0.07203431711704589,0.025147357232582858,0.04906096095388458,0.017835943241562555,0.03504679385709128,0.012942571573776046,0.025554403451851355,0.008765821488551182,0.017379299143216793,0.004921490508554019,0.009794776119402986,0.0018428461735346814,0.0036789126769199328,0.00016430253573580152,0.0003285510896944475,0.0,0.0,0.0,0.0,0.0,0.0,0.0,0.0,0.0,0.0,0.0,0.0,0.0,0.0,0.0,0.0,141,0.5136709213256836,0
False,False,134.937022347464,False,0.005867659248097702,0.015406746031746032,0.38085000142192427,0.012708738980471593,0.4525642390159913,0.010177138868374996,0.020149216363727403,0.004561110812119907,0.009080803075151012,0.0005026693475698537,0.0010048335960915439,0.0,0.0,0.0,0.0,0.0,0.0,0.0,0.0,0.0,0.0,0.0,0.0,0.0,0.0,0.0,0.0,0.0,0.0,0.0,0.0,0.0,0.0,0.0,0.0,0.0,0.0,0.0,0.0,0.0,0.0,0.0,0.0,142,0.7234348654747009,1
False,False,304.6850833237492,False,0.011336384343343227,0.014787137681159421,0.7666381816263964,0.022493950540418924,0.6981109501627082,0.03382402517136757,0.06543478260869565,0.020902090209020903,0.040948275862068964,0.004989589390557296,0.009929633984732254,0.0,0.0,0.0,0.0,0.0,0.0,0.0,0.0,0.0,0.0,0.0,0.0,0.0,0.0,0.0,0.0,0.0,0.0,0.0,0.0,0.0,0.0,0.0,0.0,0.0,0.0,0.0,0.0,0.0,0.0,0.0,0.0,143,0.39469361305236816,1
False,False,86.27861844049197,False,0.0009112535974416019,0.0058135474860335195,0.156746564749114,0.005351899189274244,0.5123721787752598,4.4820270714435116e-05,8.963652389560333e-05,0.0,0.0,0.0,0.0,0.0,0.0,0.0,0.0,0.0,0.0,0.0,0.0,0.0,0.0,0.0,0.0,0.0,0.0,0.0,0.0,0.0,0.0,0.0,0.0,0.0,0.0,0.0,0.0,0.0,0.0,0.0,0.0,0.0,0.0,0.0,0.0,144,0.5674424767494202,0
False,False,350.8746214818051,False,0.018333534574225305,0.004101015406162465,4.470486637693701,0.06158100337547642,0.9623805914297007,0.007700779118314211,0.015283860602056878,0.009442613699347987,0.018708569603066848,0.011532591571484837,0.022802214516030907,0.014430036652601102,0.0284495453234352,0.018207963312022696,0.035764723844421545,0.02327372081470442,0.04548874918076559,0.029199872489639782,0.056742860682648825,0.035669409428073444,0.06888184415482759,0.040451506636953787,0.07775760115472366,0.04548635409377187,0.08701472556894244,0.052218181818181816,0.09925352502073542,0.06089713699524387,0.11480309423347398,0.06725076959507459,0.12602618149545153,0.06696495152870992,0.12552418227565,0.06969563299514778,0.13030927835051545,0.0565466173005722,0.1070404587448232,0.016888888888888887,0.033216783216783216,0.0,0.0,0.0,0.0,145,0.5653120875358582,0
False,False,158.4455742518547,False,0.0007937418021248145,0.0018288352272727273,0.4340149349094131,0.0016388864345317662,0.45577685091015113,0.0024370938176970507,0.004862337662337663,0.0,0.0,0.0,0.0,0.0,0.0,0.0,0.0,0.0,0.0,0.0,0.0,0.0,0.0,0.0,0.0,0.0,0.0,0.0,0.0,0.0,0.0,0.0,0.0,0.0,0.0,0.0,0.0,0.0,0.0,0.0,0.0,0.0,0.0,0.0,0.0,146,0.7874463796615601,1
False,False,17.46424919657298,False,0.029835211582931176,0.008706039755351683,3.4269555873083624,0.062085262302687454,0.9155575023403624,0.015291007511224875,0.030121428040040667,0.020581803271219647,0.04033347097753424,0.027584993763392716,0.053688977419505436,0.036420651808713185,0.07028160186726028,0.047518950251608384,0.09072666463970812,0.059548805003350455,0.11240408128847289,0.07402688411798433,0.13784922000118632,0.08339755116020207,0.15395558365604994,0.08270202020202021,0.15276967930029153,0.07262905162064826,0.13542249580302182,0.05891805034815212,0.1112797167425392,0.043491212392016684,0.08335712246645732,0.02844784561636999,0.055321902296991264,0.013120899718837863,0.025901942645698426,0.0012908777969018934,0.002578427159432746,0.0,0.0,0.0,0.0,0.0,0.0,0.0,0.0,147,0.7326107025146484,0
False,False,180.17769007288334,False,0.050804301586322556,0.011960078534031414,4.247823410336573,0.15684799590645374,0.9566550323564558,0.023659063508888332,0.04622449866812106,0.028940179737915198,0.05625240477106579,0.03402928100924051,0.06581879572312888,0.03990719257540603,0.07675145024542615,0.04696886947023485,0.08972352634324465,0.055775980466961694,0.10565874105658742,0.06502226944902896,0.12210499501135712,0.0732129540854373,0.1364369556046356,0.08273541177217601,0.15282664790053951,0.09573555780774928,0.17474208466737814,0.11364086319540685,0.20408888888888888,0.1371450647092911,0.24120944453881435,0.16384423622453365,0.28155698352906416,0.18688487067978943,0.31491659434962876,0.18363819674492293,0.3102944755414943,0.10956551605701528,0.19749264819687354,0.03012653143201446,0.05849093390524469,0.0028004667444574095,0.005585292064230859,0.0,0.0,148,0.6471467018127441,0
False,False,81.39410298049853,False,3.911314677436952e-05,0.025634328358208957,0.0015258112569914162,0.023843475568939926,0.17304271493237514,0.0,0.0,0.0,0.0,0.0,0.0,0.0,0.0,0.0,0.0,0.0,0.0,0.0,0.0,0.0,0.0,0.0,0.0,0.0,0.0,0.0,0.0,0.0,0.0,0.0,0.0,0.0,0.0,0.0,0.0,0.0,0.0,0.0,0.0,0.0,0.0,0.0,0.0,149,0.535969614982605,0
False,False,84.53401682163222,False,0.07515509985723091,0.021785013089005236,3.4498533257784105,0.10400084168497552,0.8905797896748637,0.050876069619884744,0.09682601229712513,0.0682883898736266,0.12784635782048476,0.0839204808136847,0.15484619453022366,0.09478547537117694,0.17315807983119394,0.10770775797137835,0.1944696282864914,0.11175133270617749,0.20103656171773085,0.10762884642738609,0.19434099567655494,0.09943618657098924,0.1808857808857809,0.09074099438433092,0.1663841275820933,0.07802496798975672,0.14475540048994134,0.06325411334552103,0.11898211829436038,0.04783998350345396,0.09131162058447309,0.032790697674418605,0.06349921188921415,0.01928590044305447,0.03784198414727691,0.007964089197799016,0.015802327251831633,0.0006356268870173208,0.0012704462442432905,0.0,0.0,0.0,0.0,0.0,0.0,150,0.6318045258522034,0
False,False,113.0,False,0.006137340294587457,0.00807904411764706,0.7596616883402904,0.008963525416111486,0.5937909773760162,0.010310287448203857,0.02041014048118844,0.010071722875019075,0.019942589515032482,0.008091353996737357,0.016052818952683023,0.0055410189318146836,0.011020970457676412,0.002565671782318049,0.005118211912755617,0.00035305540027656007,0.0007058615923061087,0.0,0.0,0.0,0.0,0.0,0.0,0.0,0.0,0.0,0.0,0.0,0.0,0.0,0.0,0.0,0.0,0.0,0.0,0.0,0.0,0.0,0.0,0.0,0.0,0.0,0.0,151,0.6944694519042969,1
False,False,175.07141400011596,False,0.016269717855110933,0.008427622126436782,1.9305229412308507,0.020676090062082077,0.814576864838525,0.022944886355963104,0.044860454677474716,0.025185513792547184,0.04913357329714207,0.02207763494520072,0.04320148331273177,0.010613729055083287,0.021004521806777848,0.00021593608291945585,0.0004317789291882556,0.0,0.0,0.0,0.0,0.0,0.0,0.0,0.0,0.0,0.0,0.0,0.0,0.0,0.0,0.0,0.0,0.0,0.0,0.0,0.0,0.0,0.0,0.0,0.0,0.0,0.0,0.0,0.0,152,0.6466963887214661,1
False,False,177.5894140989265,False,7.567812688585391e-07,0.005188160211267606,0.00014586698136556528,0.004695693996688473,0.0623397257144931,0.0,0.0,0.0,0.0,0.0,0.0,0.0,0.0,0.0,0.0,0.0,0.0,0.0,0.0,0.0,0.0,0.0,0.0,0.0,0.0,0.0,0.0,0.0,0.0,0.0,0.0,0.0,0.0,0.0,0.0,0.0,0.0,0.0,0.0,0.0,0.0,0.0,0.0,153,0.7531620860099792,1
False,False,134.0,False,0.0005456380020299319,0.006845238095238095,0.07971059507915526,0.004353112130431329,0.24552582557737213,0.0003384285633707485,0.0006766281364533409,0.0,0.0,0.0,0.0,0.0,0.0,0.0,0.0,0.0,0.0,0.0,0.0,0.0,0.0,0.0,0.0,0.0,0.0,0.0,0.0,0.0,0.0,0.0,0.0,0.0,0.0,0.0,0.0,0.0,0.0,0.0,0.0,0.0,0.0,0.0,0.0,154,0.701797366142273,1
False,False,274.20430339438514,False,0.03623711382134044,0.018637628424657535,1.9442985446259264,0.04576928569859186,0.8039762140326709,0.041532065507458076,0.07975187108084418,0.05646342837822608,0.10689140174951994,0.06365522745411013,0.1196914673309523,0.03665850156263198,0.07072435427360874,0.00903420090342009,0.017906629716478363,0.0009066183136899365,0.0018115942028985507,0.0,0.0,0.0,0.0,0.0,0.0,0.0,0.0,0.0,0.0,0.0,0.0,0.0,0.0,0.0,0.0,0.0,0.0,0.0,0.0,0.0,0.0,0.0,0.0,0.0,0.0,155,0.7071266174316406,1
False,False,2.0,True,0.09007012604412891,0.01565340909090909,5.754026201004243,0.2713627142281456,0.9679602489031955,0.037227717420679964,0.07178311338084134,0.047202138231161976,0.0901490486084979,0.06184201665581719,0.11648063588702857,0.0820526566595187,0.1516611158514767,0.108170808430324,0.19522407124862506,0.12809246346355907,0.2270956816257409,0.14072683088478957,0.24673186791904717,0.1529743228533009,0.2653559924469621,0.16725844224522174,0.28658339266066923,0.18855656697009102,0.3172866520787746,0.20383082373782108,0.33863699071093534,0.2102577188058178,0.3474594138730761,0.21297107800175286,0.3511560693641618,0.21026072329688814,0.34746351633078526,0.20134360798261214,0.33519736842105263,0.18005604857543203,0.3051652483673066,0.14512595837897044,0.2534672405547585,0.09579145728643217,0.17483519633132702,0.029493407356002775,0.057296932928884395,156,0.7712301015853882,1
False,True,0.0,True,0.10962993327675614,0.010017605633802816,10.943726204076889,0.774636187091703,0.9978369163023517,0.02627811388722117,0.05121051210512105,0.0449163245974108,0.08597114149731812,0.0753667339978145,0.1401693610469592,0.1390518084066471,0.24415361510405492,0.20155862557562876,0.33549528301886794,0.2528888888888889,0.4036892515076268,0.29884453781512604,0.46016983420946217,0.3516687268232386,0.5203475080018289,0.41291727140783746,0.5844889573703133,0.48343245539507224,0.6517754868270332,0.5513486760702796,0.7107991705216143,0.5888669115569369,0.7412413302507558,0.5817838008194138,0.7356047021318988,0.5389677866297194,0.7004276389826694,0.4605263157894737,0.6306306306306306,0.3508842443729904,0.5194882475453734,0.2240506329113924,0.36608066184074456,0.11429813124728379,0.20514820592823713,0.0351493848857645,0.06791171477079797,157,0.7051869034767151,1
False,False,271.67075661542964,False,0.0012911680201310404,0.009998292349726776,0.12913885441310627,0.007106155383220685,0.3539563453495437,0.002387794956635938,0.004764213947236331,0.00035146114803750295,0.0007026753329957736,0.0,0.0,0.0,0.0,0.0,0.0,0.0,0.0,0.0,0.0,0.0,0.0,0.0,0.0,0.0,0.0,0.0,0.0,0.0,0.0,0.0,0.0,0.0,0.0,0.0,0.0,0.0,0.0,0.0,0.0,0.0,0.0,0.0,0.0,158,0.667353093624115,1
False,False,191.0026177831079,False,8.593024104045946e-05,0.0028444840604026846,0.030209429624398945,0.002359573087463654,0.21768038230757056,0.0,0.0,0.0,0.0,0.0,0.0,0.0,0.0,0.0,0.0,0.0,0.0,0.0,0.0,0.0,0.0,0.0,0.0,0.0,0.0,0.0,0.0,0.0,0.0,0.0,0.0,0.0,0.0,0.0,0.0,0.0,0.0,0.0,0.0,0.0,0.0,0.0,0.0,159,0.12297946214675903,0
True,False,377.8901956918173,False,0.008003930618460978,0.004577805417357656,1.748420889213091,0.011236408168839486,0.8113256949285516,0.01186890458968301,0.02345937212982328,0.017840980296595418,0.03505651794722711,0.011519410206197442,0.02277644915157727,0.0017946672743846856,0.0035829044274461853,0.0,0.0,0.0,0.0,0.0,0.0,0.0,0.0,0.0,0.0,0.0,0.0,0.0,0.0,0.0,0.0,0.0,0.0,0.0,0.0,0.0,0.0,0.0,0.0,0.0,0.0,0.0,0.0,0.0,0.0,160,0.39404481649398804,0
False,True,0.0,True,0.20276625517958893,0.01176321138211382,17.23732139064497,0.37497748447541074,0.9884504858810719,0.12406216505894962,0.22073897497020262,0.16561344938595446,0.28416530278232405,0.1928363182007497,0.3233240223463687,0.21969157769869513,0.3602411982104649,0.24894703826507752,0.39865107268422184,0.28013754045307443,0.4376678780218044,0.29898762654668165,0.46033945271908555,0.3096950161170345,0.47292692162059824,0.31320396254579996,0.4770073369846027,0.30940776842416184,0.47259192420482743,0.3016840417000802,0.46352883193691474,0.29091225626740946,0.450708024275118,0.27358668935526564,0.42963182897862234,0.246974358974359,0.3961177825300214,0.21034025629695094,0.34757210660825116,0.17047619047619048,0.2912937347436941,0.1346359743040685,0.23732012267044114,0.09664753850800363,0.17625998347562655,0.05820285908781484,0.11000321646831779,161,0.9164861440658569,1
False,True,0.0,True,0.20318407083369178,0.009872159090909091,20.58152314631928,0.6895685250308499,0.9964574601886954,0.0788928952991453,0.14624787250502863,0.16356336955769363,0.2811421772754313,0.1950474618241849,0.32642630197541095,0.2218154510466535,0.3630915795943454,0.2503973720462011,0.4005084745762712,0.2825878976321454,0.44065268065268065,0.3189364286678364,0.48362668849774865,0.3575554879902706,0.5267637178051512,0.3949752179114681,0.5662827738299436,0.42755845151399,0.5990065780641697,0.45655438747049987,0.6268964501399322,0.4790519511611204,0.6477824538685659,0.49105951427808914,0.6586719169500627,0.4861764705882353,0.654264793192163,0.472662568747978,0.6419156414762741,0.4366347177848775,0.6078576723498889,0.2996529116853066,0.4611275964391691,0.15286885245901638,0.26519729825808747,0.04243697478991597,0.08141878274889158,162,0.7231626510620117,1
False,False,125.2836781069266,False,0.0,0.001160453216374269,0.0,0.001160453216374269,0.22321681776183988,0.0,0.0,0.0,0.0,0.0,0.0,0.0,0.0,0.0,0.0,0.0,0.0,0.0,0.0,0.0,0.0,0.0,0.0,0.0,0.0,0.0,0.0,0.0,0.0,0.0,0.0,0.0,0.0,0.0,0.0,0.0,0.0,0.0,0.0,0.0,0.0,0.0,0.0,163,0.023552564904093742,0
False,False,144.183910336764,False,0.0,0.0021361137667304016,0.0,0.0021361137667304016,0.23046311681960852,0.0,0.0,0.0,0.0,0.0,0.0,0.0,0.0,0.0,0.0,0.0,0.0,0.0,0.0,0.0,0.0,0.0,0.0,0.0,0.0,0.0,0.0,0.0,0.0,0.0,0.0,0.0,0.0,0.0,0.0,0.0,0.0,0.0,0.0,0.0,0.0,0.0,0.0,164,0.013986852951347828,0
False,True,0.0,True,0.1918690801665726,0.01505199016100179,12.747090458754505,0.5789591420509119,0.9901595190877133,0.07780854906682722,0.14438287603896685,0.1422595984501585,0.24908453147284432,0.1970242087932191,0.3291900152827305,0.2528789659224442,0.40367660851622583,0.2927342606149341,0.4528916259644652,0.32127023404474686,0.48630511119781505,0.3427289461573861,0.5104961014480336,0.35964240102171136,0.529024985910201,0.3741506228765572,0.544555475430102,0.3808484092326887,0.551615089225209,0.37916310845431256,0.5498452012383901,0.36968680089485456,0.5398121682319315,0.34421604191858124,0.512143928035982,0.31127982646420826,0.4747725392886683,0.27338634237605236,0.42938475665748393,0.2377892030848329,0.3842159916926272,0.2029276693455798,0.33738964447625863,0.13292117465224113,0.23465211459754434,0.036521200866604764,0.07046879665571812,165,0.8111401796340942,1
False,False,275.7861490358064,False,0.018988442127892892,0.008552900326797386,2.2201173172098767,0.02177831907003481,0.8219897570064338,0.016872182723220656,0.033184470988352414,0.022032504057449033,0.04311507504894496,0.024956179420131605,0.04869706612091563,0.0258591049745752,0.05041453519139178,0.02537310042477796,0.04949047408063802,0.02390104332244733,0.0466862368747883,0.020272062445530672,0.03973854267250984,0.009095210556753063,0.01802646660414713,0.0,0.0,0.0,0.0,0.0,0.0,0.0,0.0,0.0,0.0,0.0,0.0,0.0,0.0,0.0,0.0,0.0,0.0,0.0,0.0,0.0,0.0,166,0.7397161722183228,1
False,False,182.0686683644388,False,0.0005368608468345546,0.0013773350846468183,0.3897823070209662,0.0014499089944182155,0.5345764431833737,0.00022961633198346763,0.00045912724085397667,0.0,0.0,0.0,0.0,0.0,0.0,0.0,0.0,0.0,0.0,0.0,0.0,0.0,0.0,0.0,0.0,0.0,0.0,0.0,0.0,0.0,0.0,0.0,0.0,0.0,0.0,0.0,0.0,0.0,0.0,0.0,0.0,0.0,0.0,0.0,0.0,167,0.4024296700954437,0
False,True,0.0,True,0.06159512050640866,0.003778782894736842,16.30025387068399,0.2576834267258599,0.993616599263585,0.02454397350639639,0.047911996246285386,0.034874013357619915,0.06739760184811705,0.04045072406355914,0.07775615534309163,0.0471596448914661,0.09007154758404391,0.0623177595443141,0.11732414145282778,0.07434072156608963,0.13839319328363828,0.08552815262912983,0.15757887517146776,0.09814181973515591,0.17874161236993094,0.11148853572728376,0.20061122025758568,0.12696877590494612,0.22532793919333088,0.14615139949109415,0.2550298321076731,0.1680471194551813,0.2877403088559723,0.18256013745704466,0.3087540864511442,0.19931180518793012,0.33237695872875744,0.22535701846046674,0.36782262649232517,0.23252747252747252,0.3773181169757489,0.18712493180578288,0.31525735294117646,0.1276742581090407,0.22643818849449204,0.05755395683453238,0.10884353741496598,168,0.8155089616775513,1
False,False,8.246211251235321,True,0.09372329336279586,0.006928969359331476,13.526296408942198,0.2174666724037995,0.988120832106608,0.03425423874688011,0.0662394940500957,0.07414997671169073,0.13806261382360593,0.09237017696547722,0.1691188187177989,0.10996753471023002,0.19814549754185076,0.12853221378976262,0.22778652167692087,0.14952568798722646,0.2601519732004249,0.17130132522268085,0.2924974496893258,0.1924613080379431,0.3227967343521038,0.21034630183839248,0.34758036029671496,0.22087770248467248,0.36183428042817495,0.22833211944646759,0.37177586718055144,0.21805273833671399,0.35803497085761865,0.20942883046237534,0.34632683658170915,0.20081445660473402,0.334463755828741,0.1829302987197724,0.30928330928330927,0.16118736035748485,0.27762506871907644,0.10958408679927667,0.19752281616688397,0.045207199665131856,0.08650380456547857,0.001503006012024048,0.0030015007503751876,169,0.9419107437133789,1
False,False,244.2642012248213,False,0.012002662069501022,0.0016200838833883389,7.4086670403744455,0.10409003772538304,0.9904218111399486,0.003935980288777758,0.007841098169717137,0.005078740687852784,0.010106154835942526,0.0064117827136977446,0.012741867342627798,0.007828723315890023,0.01553582098778151,0.010471058771247639,0.02072510376295319,0.014023732470334413,0.027659574468085105,0.018349963494767585,0.036038619634834144,0.023533083645443195,0.04598402146734159,0.030128666187165348,0.058494957331264544,0.03759848409294904,0.07247212610534409,0.0466295609152752,0.08910423067832664,0.0560994560994561,0.10623896409652737,0.06582174979558462,0.12351361718450327,0.07744297381019431,0.14375326711970726,0.08427623878267655,0.15545160129543,0.08994413407821229,0.16504356740133266,0.09400998336106489,0.17186311787072242,0.08712613784135241,0.16028708133971292,0.04042553191489362,0.07770961145194274,170,0.32048875093460083,0
False,False,165.22106403240477,False,0.022742748578082884,0.005064655172413793,4.490483123502323,0.04228842662919021,0.9484469717417854,0.012462012278447449,0.024617244157937146,0.01592493646966834,0.031350616365432224,0.02001179090789991,0.03923835211765084,0.02502969972553357,0.04883702341939094,0.032147742818057455,0.062292909211398274,0.04191678386443934,0.08046090534979423,0.05158091040094939,0.09810164846237555,0.05694664553618595,0.10775689724110356,0.050255651237890206,0.09570174876689513,0.03342776203966006,0.06469298245614036,0.009043573581803233,0.017925040738728953,0.0,0.0,0.0,0.0,0.0,0.0,0.0,0.0,0.0,0.0,0.0,0.0,0.0,0.0,0.0,0.0,171,0.4718031883239746,1
False,False,14.035668847618199,True,0.016765132831468185,0.0024664594240837697,6.797246558270881,0.047234483921801226,0.9774716587517193,0.006618881924854286,0.013150720781628246,0.009362917876496436,0.01855213364920161,0.013282230886142866,0.026216251467327506,0.019734258410786753,0.03870470811001637,0.026259635065104734,0.05117542221845031,0.0325893098416473,0.06312153250287868,0.039986737400530506,0.07689855257284958,0.0488456865127582,0.09314179796107507,0.055864258781504264,0.10581712245089747,0.05662915851272016,0.10718833198286838,0.051716176696937045,0.09834626079320942,0.04682139253279516,0.08945440524387893,0.03790384126176546,0.07303921568627451,0.024881889763779527,0.04855562384757222,0.01152516327314637,0.02278769464489176,0.00248015873015873,0.004948045522018802,0.0,0.0,0.0,0.0,0.0,0.0,172,0.6285339593887329,1
False,False,254.09643838511394,False,4.120832721423717e-05,0.0022122352285395765,0.018627461800904938,0.001465920517299013,0.2698425933995511,0.0,0.0,0.0,0.0,0.0,0.0,0.0,0.0,0.0,0.0,0.0,0.0,0.0,0.0,0.0,0.0,0.0,0.0,0.0,0.0,0.0,0.0,0.0,0.0,0.0,0.0,0.0,0.0,0.0,0.0,0.0,0.0,0.0,0.0,0.0,0.0,0.0,0.0,173,0.6133358478546143,0
False,False,182.02472359545007,False,0.0010591329815933497,0.004048494397759104,0.2616115714967011,0.0032817766865475993,0.418469179117374,0.0010952999266855695,0.0021882031146600784,0.0,0.0,0.0,0.0,0.0,0.0,0.0,0.0,0.0,0.0,0.0,0.0,0.0,0.0,0.0,0.0,0.0,0.0,0.0,0.0,0.0,0.0,0.0,0.0,0.0,0.0,0.0,0.0,0.0,0.0,0.0,0.0,0.0,0.0,0.0,0.0,174,0.7054325342178345,0
False,False,88.20430828479978,False,0.0030887466326831666,0.0045213161021984555,0.6831521094447006,0.005379595676054377,0.6248908721656996,0.004995592124595945,0.009941520467836258,0.004461923741666961,0.008884206829953473,0.003420209541951684,0.006817103162618113,0.002081851002714312,0.004155051806658602,0.0012358929326438351,0.002468734773428618,0.000314626184764227,0.0006290544525260468,0.0,0.0,0.0,0.0,0.0,0.0,0.0,0.0,0.0,0.0,0.0,0.0,0.0,0.0,0.0,0.0,0.0,0.0,0.0,0.0,0.0,0.0,0.0,0.0,0.0,0.0,175,0.11713770776987076,0
False,False,33.1058907144937,False,0.002565463563961201,0.0025669642857142857,0.9994153710040158,0.004690138600459654,0.7491087049091358,0.0028714302457319217,0.005726417483103173,0.0016263354176597594,0.003247389490775734,0.00042176296921130323,0.0008431703204047217,0.0,0.0,0.0,0.0,0.0,0.0,0.0,0.0,0.0,0.0,0.0,0.0,0.0,0.0,0.0,0.0,0.0,0.0,0.0,0.0,0.0,0.0,0.0,0.0,0.0,0.0,0.0,0.0,0.0,0.0,0.0,0.0,176,0.11532925814390182,1
False,False,63.63961030678928,False,0.0005204930681393743,0.0016787574404761906,0.310046618760917,0.002242820140198278,0.6438954615729244,0.0,0.0,0.0,0.0,0.0,0.0,0.0,0.0,0.0,0.0,0.0,0.0,0.0,0.0,0.0,0.0,0.0,0.0,0.0,0.0,0.0,0.0,0.0,0.0,0.0,0.0,0.0,0.0,0.0,0.0,0.0,0.0,0.0,0.0,0.0,0.0,0.0,0.0,177,0.11532925814390182,1
False,False,226.24102192131292,False,0.009441238404940145,0.0016154188948306596,5.844452132602948,0.04542515134657044,0.9820279647739596,0.003827751196172249,0.0076263107721639654,0.004652655222204396,0.009262216544235069,0.005553782317267795,0.011046216353478923,0.006636282156410305,0.013185064504518158,0.008049779093705906,0.015970995204112073,0.010461760461760462,0.02070689039628704,0.014035087719298246,0.02768166089965398,0.018112736168219436,0.03558100301620572,0.024628450106157114,0.04807293825113966,0.03302752293577982,0.06394316163410302,0.0384710846363862,0.07409177820267686,0.042081949058693245,0.08076514346439957,0.045263157894736845,0.0866062437059416,0.047774480712166174,0.09119229679977343,0.0493609519612164,0.09407811843763125,0.04322949777495232,0.08287629494210846,0.030097087378640777,0.058435438265786996,0.004761904761904762,0.009478672985781991,0.0,0.0,178,0.2176869511604309,1
False,False,248.1954874690513,False,0.002390457615836409,0.0012626262626262627,1.893242431742436,0.002524254347847441,0.7744079151702326,0.0029918055326403786,0.0059657626635375655,0.0033950864811398934,0.006767197740715085,0.003524102629522731,0.0070234538867348885,0.003025574668899376,0.006032896359393675,0.0023963685799211964,0.004781279451991817,0.0017025598136145045,0.0033993320610687023,0.0006386970580016766,0.0012765787688993498,0.0,0.0,0.0,0.0,0.0,0.0,0.0,0.0,0.0,0.0,0.0,0.0,0.0,0.0,0.0,0.0,0.0,0.0,0.0,0.0,0.0,0.0,0.0,0.0,179,0.2176869511604309,1
False,False,374.30068127108717,False,0.0,0.000830078125,0.0,0.000830078125,0.1705598722898239,0.0,0.0,0.0,0.0,0.0,0.0,0.0,0.0,0.0,0.0,0.0,0.0,0.0,0.0,0.0,0.0,0.0,0.0,0.0,0.0,0.0,0.0,0.0,0.0,0.0,0.0,0.0,0.0,0.0,0.0,0.0,0.0,0.0,0.0,0.0,0.0,0.0,0.0,180,0.25801882147789,0
True,False,445.47727214752496,False,4.953184921854314e-05,0.0008541666666666667,0.05798850640219685,0.0008379383346808517,0.5085026793719636,0.0,0.0,0.0,0.0,0.0,0.0,0.0,0.0,0.0,0.0,0.0,0.0,0.0,0.0,0.0,0.0,0.0,0.0,0.0,0.0,0.0,0.0,0.0,0.0,0.0,0.0,0.0,0.0,0.0,0.0,0.0,0.0,0.0,0.0,0.0,0.0,0.0,0.0,181,0.3619627356529236,0
False,True,0.0,True,0.1592517746644008,0.017348090277777777,9.17978706096521,0.33233737375800215,0.9792950507636097,0.06683052434456929,0.12528798683488754,0.1268727780599289,0.22517675558434974,0.17939051209550738,0.30420884389984015,0.22318563143967118,0.36492520138089757,0.24899704044722132,0.3987151808751514,0.26098345932190703,0.4139363722697056,0.2701381867205932,0.42536818362743795,0.27501176470588234,0.4313870229571123,0.27202746281077705,0.4277069021916912,0.26377142857142855,0.4174353409296437,0.2547762694821518,0.4060903536011219,0.23971943336542428,0.38673175061016196,0.21989215098861595,0.3605108055009823,0.19609438567941415,0.32789115646258504,0.16185784658691063,0.2786190187764991,0.11311102690413036,0.2032340425531915,0.07723911257189811,0.14340198321891687,0.05292666517156313,0.10053248136315229,0.030162977377766968,0.05855962219598583,182,0.8922479152679443,1
False,True,0.0,True,0.1847760109330936,0.012876907023603916,14.349409419077993,0.739616324681817,0.9954348252942539,0.06735678155511117,0.12621230823487922,0.13046251993620414,0.23081264108352145,0.1630874394759328,0.2804388284846704,0.19584102879813942,0.3275368950920947,0.22680820724075101,0.36975332558439883,0.26062812926718254,0.4134893125361063,0.2989766081871345,0.4603263927968486,0.3440730944938687,0.5119856887298748,0.3941494523776515,0.5654335719968179,0.4355300859598854,0.6067864271457086,0.4602714932126697,0.6303916707982151,0.47448247591719617,0.6435918821239922,0.46797687861271675,0.6375807213734447,0.44842931937172775,0.6191939273450208,0.4108940201302546,0.5824590851867394,0.3417679921130463,0.5094293411707078,0.2357440890125174,0.38154192459200903,0.11037373384561648,0.1988046555520604,0.031086273140062872,0.06029810298102981,183,0.9293482899665833,1
False,False,11.0,True,0.024334136453681567,0.0018709115472127418,13.006567034093209,0.09530592287411845,0.9919678969479249,0.007752223470270867,0.015385177605613214,0.011502732240437158,0.022743848086221333,0.01621913164079054,0.031920539843809236,0.020851906884596334,0.04085197224782883,0.02642148864064265,0.051482726994802816,0.03411945862711727,0.06598746081504703,0.046081436077057794,0.0881029611802867,0.062103555096621924,0.11694444444444445,0.08498183286233346,0.15665116279069768,0.09895337773549001,0.1800865800865801,0.10614973262032086,0.19192651679961326,0.11181434599156118,0.20113851992409867,0.11522633744855967,0.2066420664206642,0.11750694720127035,0.2103019538188277,0.10680970149253731,0.1930046354825116,0.07979910714285714,0.14780361757105942,0.04396371249127704,0.08422459893048129,0.011970534069981584,0.023657870791628753,0.0,0.0,184,0.3686447739601135,1
False,False,2.0,True,0.010896897473964835,0.0010434973637961336,10.442668905576406,0.10080998473755644,0.9956159239614972,0.0023963676111998654,0.004781277523801535,0.004191022388882762,0.008347062053816584,0.007327184497220169,0.014547774764715266,0.011461318051575931,0.0226628895184136,0.01601460981948444,0.03152436916695472,0.0203862660944206,0.03995793901156677,0.02488268034486522,0.04855712916622298,0.03113052976515565,0.06038135593220339,0.03986013986013986,0.07666442501681238,0.05334581188582124,0.10128831630386495,0.06618287373004354,0.12414919684181867,0.07816249571477546,0.1449920508744038,0.09426910299003323,0.17229601518026566,0.10747185261003071,0.19408502772643252,0.10831721470019343,0.19546247818499127,0.09874476987447699,0.17974105102817975,0.08503401360544217,0.15673981191222572,0.0594059405940594,0.11214953271028037,0.019390581717451522,0.03804347826086957,185,0.4742215871810913,1
False,False,295.70255325241953,False,0.0,0.0012462797619047618,0.0,0.0012462797619047618,0.09681895219116088,0.0,0.0,0.0,0.0,0.0,0.0,0.0,0.0,0.0,0.0,0.0,0.0,0.0,0.0,0.0,0.0,0.0,0.0,0.0,0.0,0.0,0.0,0.0,0.0,0.0,0.0,0.0,0.0,0.0,0.0,0.0,0.0,0.0,0.0,0.0,0.0,0.0,0.0,186,0.4927712082862854,0
False,False,32.64965543462902,False,0.03676471078996119,0.0035482889461626575,10.361250548583666,0.09793577416883603,0.9849986467787261,0.013310505732077815,0.026271326817955937,0.01964573268921095,0.03853442830069488,0.027070389840923057,0.052713796656363214,0.0389278876834716,0.07493857493857493,0.052976150711470375,0.10062174850907245,0.06737468139337298,0.12624373159277244,0.0829735706012425,0.1532328633932912,0.09992027637523253,0.1816863976805992,0.1141537446387331,0.20491560556707136,0.1172093023255814,0.20982514571190675,0.11606022584692598,0.20798201236649802,0.11045690061234102,0.19893955461293744,0.0994136460554371,0.18084848484848484,0.08371524595172625,0.15449675782351283,0.06514657980456026,0.12232415902140673,0.04305370616955171,0.0825531914893617,0.022530329289428077,0.04406779661016949,0.0,0.0,0.0,0.0,187,0.28331831097602844,1
False,False,24.698178070456937,False,0.05302958773145702,0.003066417691857059,17.293660896973783,0.10099216953618247,0.9872068093237776,0.021526104417670684,0.04214499135084133,0.048142559459653664,0.09186261739905395,0.07085448392554991,0.1323326091250247,0.08498224251648909,0.15665185877951834,0.09500433150447589,0.17352320675105484,0.10218498439296862,0.18542256670144583,0.10715623829149494,0.19357021996615906,0.11006825938566553,0.19830899308224442,0.11097560975609756,0.19978046103183314,0.1103312745648512,0.19873577749683943,0.10681818181818181,0.19301848049281314,0.09858616736721437,0.17947826086956523,0.08288043478260869,0.15307402760351319,0.05393743257820928,0.1023541453428864,0.01808785529715762,0.03553299492385787,0.0008058017727639,0.001610305958132045,0.0,0.0,0.0,0.0,0.0,0.0,188,0.15251676738262177,1
False,False,207.39334608419819,False,0.002287760994055087,0.0013239059590316573,1.728038897663412,0.004468369376976825,0.8607263698821714,0.0071365086004078005,0.01417187946115711,0.003128651664216518,0.006237787464301819,0.0,0.0,0.0,0.0,0.0,0.0,0.0,0.0,0.0,0.0,0.0,0.0,0.0,0.0,0.0,0.0,0.0,0.0,0.0,0.0,0.0,0.0,0.0,0.0,0.0,0.0,0.0,0.0,0.0,0.0,0.0,0.0,0.0,0.0,189,0.19033439457416534,0
False,False,60.37383539249432,False,0.0025700562585227863,0.0010111416361416362,2.5417371480515163,0.004040531321289181,0.8821068316098182,0.004341141358415484,0.008644754615038271,0.004713878535408902,0.009383524277141298,0.0046590983660345165,0.009274983670803396,0.002680965147453083,0.0053475935828877,0.000689112029927151,0.0013772749631087064,0.0,0.0,0.0,0.0,0.0,0.0,0.0,0.0,0.0,0.0,0.0,0.0,0.0,0.0,0.0,0.0,0.0,0.0,0.0,0.0,0.0,0.0,0.0,0.0,0.0,0.0,0.0,0.0,190,0.48664331436157227,0
False,True,0.0,True,0.24977011981879504,0.021179624664879357,11.792943631950703,0.8429435929261978,0.9942204066881764,0.07841799146956184,0.14543153413585308,0.11751307379430563,0.21031176556228032,0.1830756418148242,0.30949101704771526,0.2661627107892372,0.4204241816967268,0.3514014692247343,0.5200548870593202,0.411890504704876,0.5834595577097849,0.4439585511930792,0.614918691158075,0.472059439095856,0.6413592094974053,0.5004029936672424,0.6670247870462742,0.5270355831328353,0.6902728252757276,0.5528953229398663,0.712083183936895,0.5745493431102964,0.7297952847579315,0.5845539280958721,0.7378151260504202,0.5722719141323792,0.727955398793947,0.5364701436130007,0.6983150903947853,0.47500490099980397,0.6440723019670388,0.377373417721519,0.5479609419873636,0.2466376582278481,0.39568459463747424,0.10304588607594936,0.18683880222341762,191,0.6109240651130676,1
False,False,21.840329667841555,False,0.16004010966098373,0.0203125,7.878897706386891,0.2543666732328166,0.9692069751590642,0.07107892250880256,0.13272396835578362,0.1375585163845877,0.24184868629313075,0.20157467331711942,0.33551751346529896,0.23124684502776374,0.37563035545898077,0.23716231301629828,0.3833972479133769,0.23665598742670615,0.38273536025026883,0.23450433422407613,0.37991658307375537,0.2325761305295731,0.3773821750542052,0.22937381404174573,0.3731555226276471,0.223647654845563,0.365542570951586,0.21392772355579004,0.3524554541503694,0.2000946073793756,0.3334647221127316,0.18362561174551387,0.3102765096046171,0.16396694214876034,0.2817381425731326,0.1433907699722858,0.2508167351670355,0.12078317237729859,0.21553352219074598,0.09800469483568075,0.17851416354890434,0.03218349928876245,0.06236003445305771,0.0,0.0,192,0.7059231996536255,1
False,True,0.0,True,0.05949090488879827,0.00876234802431611,6.789379367688544,0.6258288966523432,0.9957665563192297,0.0167515593931305,0.032951135876553794,0.021968208608680123,0.042991960852848655,0.0286046511627907,0.05561835858014922,0.03768536296417337,0.07263350589532114,0.05551710649053652,0.10519413877644107,0.08234401499598322,0.1521586738691188,0.12201573969975531,0.2174938111517152,0.1822042267430377,0.30824492523598696,0.24838449111470112,0.39792947266256873,0.30724396336386345,0.47006369426751593,0.3627373417721519,0.5323657474600871,0.4037840332256576,0.5752794214332676,0.4202860169491525,0.5918329293305985,0.427054898392478,0.5985122210414453,0.4188770237685153,0.5904345714979364,0.38422291993720564,0.5551460164445705,0.2952930728241563,0.4559478916695235,0.2020100502512563,0.33612040133779264,0.07967479674796749,0.14759036144578314,193,0.8470858931541443,0
False,False,11.661903789690601,True,0.08454134870983354,0.004839341692789968,17.469596915586656,0.3397202789963147,0.9948721425957592,0.029317507418397625,0.05696494464944649,0.042309009934909214,0.08118323746918653,0.05884455032757594,0.11114861064236697,0.06858729607775078,0.12837003832911065,0.0783318798065488,0.14528343504154106,0.08831679628139805,0.16229979466119096,0.0997979797979798,0.18148420279206465,0.11358933088066223,0.20400578154036755,0.12918410041841005,0.2288096340898564,0.1467617349970291,0.2559585492227979,0.1672875042329834,0.2866260516391065,0.19214313496693894,0.32234910277324635,0.22300203758206927,0.3646797482413921,0.24900662251655628,0.3987274655355249,0.2709959413050265,0.42643085237042494,0.2912657290895633,0.4511321295500143,0.3010226767452201,0.46274777853725224,0.28203723986856516,0.43998291328492095,0.193342776203966,0.32403560830860534,194,0.906609833240509,1
False,False,101.24228365658294,False,0.0,0.004215976331360947,0.0,0.004215976331360947,0.18157171507093517,0.0,0.0,0.0,0.0,0.0,0.0,0.0,0.0,0.0,0.0,0.0,0.0,0.0,0.0,0.0,0.0,0.0,0.0,0.0,0.0,0.0,0.0,0.0,0.0,0.0,0.0,0.0,0.0,0.0,0.0,0.0,0.0,0.0,0.0,0.0,0.0,0.0,0.0,195,0.5258597731590271,1
False,False,12.206555615733702,True,0.03365806497814741,0.0015496222527472527,21.72017400916682,0.08486593229629538,0.9925593175772092,0.013807083301461026,0.027238088052212624,0.021702536972466033,0.04248308325978229,0.028382734491705322,0.055198776758409784,0.03214031339031339,0.062278961442249633,0.035856177989670245,0.06923003164253524,0.03974020255394099,0.0764425622022234,0.044024390243902436,0.08433594206284313,0.04879697215463639,0.09305322850882845,0.054302045728038505,0.10301041518048223,0.06065188172043011,0.11436717883731981,0.06804901036757775,0.12742675608895165,0.07708733717702328,0.14314036478984932,0.08861070201276387,0.16279594137542278,0.10345821325648415,0.1875163227996866,0.10652099692727894,0.19253316877506943,0.0992616899097621,0.18059701492537314,0.0783811475409836,0.14536817102137767,0.0496156533892383,0.09454061251664447,0.013268998793727383,0.02619047619047619,196,0.8563781976699829,1
False,False,17.4928556845359,False,0.009208319500939404,0.0018302869496855346,5.03107969082198,0.018188332424790916,0.9534547192565208,0.004030076814886941,0.008027800975189245,0.0060500243625142116,0.012027283367639342,0.0079899901689159,0.01585331252659952,0.01012985247127609,0.020056535199892315,0.012428059054132955,0.02455099686933597,0.014597348311671348,0.028774662847211047,0.016664759943560994,0.03278319579894974,0.018726761585199963,0.03676503315974541,0.02008879023307436,0.03938635621803939,0.02076487450185276,0.04068493150684931,0.021293800539083557,0.041699656901557136,0.02086714583816369,0.04088121735180559,0.01717699775952203,0.033773861967694566,0.01180061037639878,0.023325960184998995,0.0033202535466344703,0.006618531889290012,0.0,0.0,0.0,0.0,0.0,0.0,0.0,0.0,197,0.5874979496002197,1
False,False,23.345235059857504,False,0.02359096538763043,0.0031637396694214875,7.4566708555840835,0.05470529266802096,0.9752934428947865,0.00785357097063726,0.015584746032250883,0.015055921995985088,0.0296652069501342,0.02449510097980404,0.047818873816726844,0.03270300333704116,0.06333476949590694,0.043990902561647116,0.08427449406638766,0.060093205788570025,0.11337343822304488,0.06774193548387097,0.1268882175226586,0.07303083068728874,0.13612065673921345,0.07615139078887369,0.14152542372881355,0.07461548239481378,0.13886917435533475,0.06968092717126914,0.13028357410379882,0.050747249137789455,0.09659268521412942,0.034368932038834954,0.0664539140229022,0.013764624913971095,0.027155465037338764,0.0008389261744966443,0.0016764459346186086,0.0,0.0,0.0,0.0,0.0,0.0,0.0,0.0,198,0.8372884392738342,1
False,True,0.0,True,0.07129631206090747,0.004212328767123288,16.925628554296733,0.18434959072140739,0.9904236977770825,0.027453059174734257,0.05343905286881907,0.046483064858991924,0.08883672640274455,0.06299615877080667,0.11852565646832089,0.074079650681322,0.13794070232003924,0.08546117769671704,0.15746519443110898,0.0963572267920094,0.1757770632368703,0.10765864332603939,0.19438956934018176,0.12019054598754123,0.2145894667975139,0.13464696223316913,0.23733719247467439,0.15031475510517428,0.2613454351308062,0.16606060606060605,0.28482328482328484,0.1764361078546307,0.2999501743896363,0.17843784378437844,0.3028379387602689,0.17916041979010494,0.3038779402415766,0.1769936890418818,0.3007555447233731,0.16331994645247658,0.2807825086306099,0.1277184657967576,0.226507713884993,0.08418991678903573,0.15530474040632053,0.04271186440677966,0.08192457737321196,199,0.9074405431747437,1
False,False,26.0,False,0.09318514835878071,0.004600971778487753,20.25336229934642,0.18239522296290664,0.9904178074616787,0.05361384458771632,0.10177133655394525,0.06976597489434176,0.13043221888083023,0.08060049555458387,0.14917723226328566,0.09228201919065498,0.16897104881216102,0.1050631708938919,0.19014871486289006,0.11939976249595163,0.21332818979650883,0.1355226075235878,0.23869644976799395,0.15293141592920353,0.2652914367953946,0.17047947351927295,0.29129852744310575,0.18564576301296856,0.31315552891819,0.19390637610976594,0.3248267703227987,0.19366681964203764,0.3244905805459439,0.18804319199367922,0.3165595211704722,0.17346317711503348,0.29564315352697096,0.15351506456241032,0.26616915422885573,0.11335676625659051,0.20363062352012629,0.046311254711900916,0.0885229027277406,0.0,0.0,0.0,0.0,200,0.9268432259559631,1
False,False,158.38244852255568,False,0.027599364182839373,0.005378364833906071,5.131552997083532,0.05995577214774743,0.9474122041782661,0.01438435671289925,0.02836076210700171,0.017470676298309618,0.034341385369198466,0.02069416706838372,0.04054920217251965,0.024030387844862056,0.04693295849439694,0.028222349242640755,0.054895420749079285,0.03262860964899526,0.0631952462755921,0.0382019192177181,0.07359246503127856,0.04455194655609307,0.08530345800988003,0.05111188729770637,0.09725299069561365,0.05872609546755007,0.11093727776987626,0.06503055767761651,0.12211960907379181,0.07100158594607783,0.1325891331586741,0.06921029281277728,0.12946058091286308,0.06535119478638668,0.12268479184367034,0.06132075471698113,0.11555555555555555,0.0545561781185491,0.10346756152125279,0.0058374494836102376,0.011607142857142858,0.0,0.0,0.0,0.0,201,0.2698034942150116,0
False,False,13.0,True,0.07708358645068984,0.006053163322185061,12.734430304924324,0.12239169036697842,0.9802736701465231,0.03659917322730983,0.07061393482181412,0.0820543093270366,0.15166393889798144,0.10746615087040619,0.1940757300544921,0.12910284463894967,0.22868217054263565,0.13621473105780407,0.23976934523809523,0.14056647940074907,0.24648537711646998,0.1429124709527498,0.25008471704506946,0.14119152566472346,0.2474458011462746,0.1362431800467654,0.2398134174783921,0.12887215471504365,0.22832019405700424,0.12073836880768506,0.21546218487394958,0.10859634551495016,0.1959168383592433,0.0924948358962589,0.16932773109243698,0.0700230002555584,0.1308812992596131,0.0489490354160668,0.09332967334614328,0.0250576986482031,0.04889031843036346,0.005820721769499418,0.011574074074074073,0.0,0.0,0.0,0.0,202,0.3467050790786743,0
False,False,356.1179579858337,False,0.0,0.002575648414985591,0.0,0.002575648414985591,0.16639579608862887,0.0,0.0,0.0,0.0,0.0,0.0,0.0,0.0,0.0,0.0,0.0,0.0,0.0,0.0,0.0,0.0,0.0,0.0,0.0,0.0,0.0,0.0,0.0,0.0,0.0,0.0,0.0,0.0,0.0,0.0,0.0,0.0,0.0,0.0,0.0,0.0,0.0,0.0,203,0.4577808082103729,0
False,False,60.00833275470999,False,4.022023504362275e-06,0.0022296831955922864,0.0018038542481340612,0.002086864646486305,0.15831676125267202,0.0,0.0,0.0,0.0,0.0,0.0,0.0,0.0,0.0,0.0,0.0,0.0,0.0,0.0,0.0,0.0,0.0,0.0,0.0,0.0,0.0,0.0,0.0,0.0,0.0,0.0,0.0,0.0,0.0,0.0,0.0,0.0,0.0,0.0,0.0,0.0,0.0,0.0,204,0.44242018461227417,0
False,False,144.75496537252184,False,0.005631189698336932,0.0011420107033639144,4.930943012836623,0.010750567572471741,0.9519195439608562,0.0032741520083292234,0.006526933843107804,0.004728927582113178,0.009413340160302488,0.005725099410721985,0.011385018458973443,0.007149694866578916,0.014197879228918525,0.008800353487001988,0.017447165748074606,0.011418470211647795,0.022579121398205008,0.014231273073716804,0.028063171490635825,0.01454905545399147,0.028680831894286357,0.01143541712045306,0.0226122536879509,0.0032726237905520775,0.006523897319529145,0.0,0.0,0.0,0.0,0.0,0.0,0.0,0.0,0.0,0.0,0.0,0.0,0.0,0.0,0.0,0.0,0.0,0.0,205,0.4039832055568695,1
False,False,24.698178070456937,False,0.006393100880370513,0.0017488143631436315,3.65567724917264,0.012238362160191432,0.9358826069861018,0.0039608328298376344,0.00789041305261549,0.006346328195829556,0.012612612612612612,0.010638023851840404,0.021052095014782342,0.01637524285317791,0.03222282905516111,0.01699910531024683,0.03342993169116125,0.013460788138899726,0.02656400384985563,0.009475387104229259,0.018772893772893772,0.005943804034582133,0.011817367949865711,0.0021253985122210413,0.0042417815482502655,0.0001282873636946761,0.0002565418163160595,0.0,0.0,0.0,0.0,0.0,0.0,0.0,0.0,0.0,0.0,0.0,0.0,0.0,0.0,0.0,0.0,0.0,0.0,206,0.6886965036392212,1
False,False,111.75866856758807,False,0.0016665932439230689,0.001323499177631579,1.2592325496608632,0.0020945060365976536,0.7023094265193619,0.002654456738368497,0.005294858503902602,0.003445938312055135,0.0068682091988965825,0.002055927178463418,0.004103418028277903,0.0,0.0,0.0,0.0,0.0,0.0,0.0,0.0,0.0,0.0,0.0,0.0,0.0,0.0,0.0,0.0,0.0,0.0,0.0,0.0,0.0,0.0,0.0,0.0,0.0,0.0,0.0,0.0,0.0,0.0,0.0,0.0,207,0.6927794814109802,1
False,False,18.788294228055936,False,0.06970351462270252,0.007522963258785943,9.265433343875095,0.18009631791514516,0.9838166959524552,0.027153642407971315,0.052871627547977404,0.04273480036297641,0.08196676728944005,0.054901817916864,0.10408896256389004,0.06436595054029813,0.1209470304975923,0.07388341422758249,0.13760043827611396,0.08381068906067515,0.1546592775041051,0.0943998997744926,0.17251445252132105,0.10638898693963995,0.19231750893312916,0.12052143314139475,0.21511669402612232,0.137437300501596,0.24166132135984605,0.15727253535993244,0.27179861364465524,0.17454230578921326,0.29720905739863085,0.18634902075416546,0.31415547616114325,0.192,0.3221476510067114,0.1804857621440536,0.3057821922667613,0.165374677002584,0.2838137472283814,0.10869565217391304,0.19607843137254902,0.0035195776506819184,0.0070144673388864535,0.0,0.0,208,0.8960421085357666,0
False,False,142.41137595009747,False,5.158052646489655e-06,0.0025378184713375795,0.002032475019291296,0.0023911571107580864,0.1654661081194763,0.0,0.0,0.0,0.0,0.0,0.0,0.0,0.0,0.0,0.0,0.0,0.0,0.0,0.0,0.0,0.0,0.0,0.0,0.0,0.0,0.0,0.0,0.0,0.0,0.0,0.0,0.0,0.0,0.0,0.0,0.0,0.0,0.0,0.0,0.0,0.0,0.0,0.0,209,0.5038855075836182,0
False,False,286.55540476494247,False,0.0008906891205566139,0.001264613309352518,0.7043173703530344,0.0016147889960822484,0.6353468458751106,0.0022022966808242883,0.004394914456129336,0.0011945708813049657,0.002386291168665528,7.526531021852028e-05,0.00015051929155586775,0.0,0.0,0.0,0.0,0.0,0.0,0.0,0.0,0.0,0.0,0.0,0.0,0.0,0.0,0.0,0.0,0.0,0.0,0.0,0.0,0.0,0.0,0.0,0.0,0.0,0.0,0.0,0.0,0.0,0.0,0.0,0.0,210,0.46112075448036194,0
False,False,34.828149534535996,False,0.04365628159518083,0.005426646706586827,8.04479892567746,0.10287602489658605,0.9762480516268207,0.017826133726737664,0.035027856204611,0.02539571337872452,0.049533488481328866,0.04008708573798252,0.07708409476027511,0.05747413663851267,0.10870078926225248,0.0797595484202038,0.14773575938624484,0.09526499105714016,0.17395788568972925,0.12156295224312591,0.2167741935483871,0.129656274980016,0.22954995754316446,0.12063213345039508,0.21529301159511124,0.11190568225744105,0.20128628541630453,0.10187553282182438,0.1849129593810445,0.09078047630275879,0.1664504971897968,0.07816993464052288,0.14500484966052377,0.06335367625690207,0.1191582399562722,0.05084745762711865,0.0967741935483871,0.03782592728608153,0.07289455060155697,0.0021123785382340513,0.0042158516020236085,0.0,0.0,0.0,0.0,211,0.6664960384368896,1
False,True,0.0,True,0.259751585620901,0.018498411016949153,14.04183231645701,0.6421646238214945,0.9905173089509383,0.10791533628592027,0.19480791131150207,0.1712849435998038,0.29247356851250916,0.24851755218216318,0.39810021372595583,0.2889946214315267,0.44840314556251004,0.33200668630104274,0.4985060356161109,0.3648868778280543,0.5346770985280467,0.38508003624282694,0.5560401221107719,0.3972117725160434,0.5685777636997149,0.4029436602726505,0.5744260039556282,0.4069446271208733,0.5784799476488736,0.40954018048990115,0.5810975609756097,0.40731517509727627,0.5788542357885423,0.40491942324003394,0.5764308138130886,0.38609332113449224,0.5570957095709571,0.34746257048415324,0.5157287157287157,0.3017702758336764,0.46363061353573687,0.25701657458563537,0.4089310829817159,0.18079361352430148,0.30622390137204214,0.06389548693586698,0.12011609734315695,212,0.9654229283332825,1
False,False,153.57408635573907,False,0.00034760752907442397,0.003210382513661202,0.1082760473542461,0.0027644009883430313,0.37998474578765534,0.0,0.0,0.0,0.0,0.0,0.0,0.0,0.0,0.0,0.0,0.0,0.0,0.0,0.0,0.0,0.0,0.0,0.0,0.0,0.0,0.0,0.0,0.0,0.0,0.0,0.0,0.0,0.0,0.0,0.0,0.0,0.0,0.0,0.0,0.0,0.0,0.0,0.0,213,0.012701080180704594,0
False,False,55.226805085936306,False,0.0003123456717096189,0.004997068156732892,0.06250578577535994,0.004579877997632465,0.425650876253689,2.868123673492801e-05,5.7360828290360514e-05,0.0,0.0,0.0,0.0,0.0,0.0,0.0,0.0,0.0,0.0,0.0,0.0,0.0,0.0,0.0,0.0,0.0,0.0,0.0,0.0,0.0,0.0,0.0,0.0,0.0,0.0,0.0,0.0,0.0,0.0,0.0,0.0,0.0,0.0,0.0,0.0,214,0.013704590499401093,0
False,False,19.235384061671343,False,0.020147638268205724,0.004954954954954955,4.066159723219701,0.05430080456264219,0.9497110367946383,0.008730303080408076,0.01730948907502418,0.011798355380765105,0.023321554770318022,0.015251740373783183,0.030045238569436937,0.018940345087347994,0.03717655342369301,0.022544352170107383,0.04409461970478318,0.026551802541495088,0.05173007825958557,0.03054163684084944,0.05927297985644825,0.03612383220370031,0.06972879318270217,0.04116353189388158,0.07907217383806157,0.04458494576770044,0.08536394469084269,0.0491736101625461,0.09373779455800026,0.05487142339731981,0.1040343347639485,0.06245069681830134,0.11755970795693602,0.06917353710034184,0.1293962760955426,0.055639097744360905,0.10541310541310542,0.03497369235530796,0.06758373205741627,0.007228915662650603,0.014354066985645933,0.0,0.0,0.0,0.0,215,0.8089793920516968,1
False,False,105.26157893552613,False,0.002416006028993259,0.0029825846354166667,0.8100377103484083,0.0037730263004045637,0.6321608731473093,0.00594753425142493,0.011824740453985572,0.001830321466319507,0.0036539550203283414,0.0,0.0,0.0,0.0,0.0,0.0,0.0,0.0,0.0,0.0,0.0,0.0,0.0,0.0,0.0,0.0,0.0,0.0,0.0,0.0,0.0,0.0,0.0,0.0,0.0,0.0,0.0,0.0,0.0,0.0,0.0,0.0,0.0,0.0,216,0.3700588643550873,1
False,False,409.0,False,0.0007240980498523852,0.0024084944751381217,0.3006434340319007,0.0021217691820904125,0.47595005914578653,0.0015963533903276372,0.003187618215509875,0.0,0.0,0.0,0.0,0.0,0.0,0.0,0.0,0.0,0.0,0.0,0.0,0.0,0.0,0.0,0.0,0.0,0.0,0.0,0.0,0.0,0.0,0.0,0.0,0.0,0.0,0.0,0.0,0.0,0.0,0.0,0.0,0.0,0.0,0.0,0.0,217,0.6402856707572937,1
False,True,0.0,True,0.06445525115911005,0.006448193215339233,9.995862252666559,0.27558926566264186,0.9885170711650644,0.02250824551524415,0.044025553072977314,0.031390235146293306,0.06086975438901821,0.046572788708012916,0.08900057255550607,0.0693776345152492,0.129753292524578,0.09515712148007074,0.1737780262095522,0.12532473349458031,0.22273523324311414,0.15347695055251703,0.26611186375072576,0.17341890627089182,0.2955788514129444,0.19383825417201542,0.3247311827956989,0.21126489811610918,0.3488335184891287,0.22168949771689497,0.362922818164829,0.2222222222222222,0.36363636363636365,0.20902756740381703,0.34577800050112756,0.18315018315018314,0.30959752321981426,0.15342365433906993,0.266031746031746,0.12319140140553948,0.2193595877806404,0.09966216216216216,0.18125960061443933,0.06515957446808511,0.12234706616729088,0.027600849256900213,0.05371900826446281,218,0.3705199360847473,0
False,False,56.61271941887264,False,0.0020751416234686105,0.0032690293296089384,0.6347883161136556,0.003227977468207843,0.5267559528644858,0.004404379211330123,0.00877013143807376,0.002462752776333099,0.004913405050736248,0.0010623856459894942,0.0021225163610636166,0.00039711101734878757,0.0007939067655742179,0.0,0.0,0.0,0.0,0.0,0.0,0.0,0.0,0.0,0.0,0.0,0.0,0.0,0.0,0.0,0.0,0.0,0.0,0.0,0.0,0.0,0.0,0.0,0.0,0.0,0.0,0.0,0.0,0.0,0.0,219,0.4578087031841278,0
False,False,125.19584657647394,False,0.004617437128085514,0.007210891222401723,0.6403420861128438,0.008149834294088661,0.5994311221866327,0.009040864294255907,0.017919718842267653,0.0055642745042088744,0.011066969353007945,0.002436785974239691,0.004861724965273393,0.0,0.0,0.0,0.0,0.0,0.0,0.0,0.0,0.0,0.0,0.0,0.0,0.0,0.0,0.0,0.0,0.0,0.0,0.0,0.0,0.0,0.0,0.0,0.0,0.0,0.0,0.0,0.0,0.0,0.0,0.0,0.0,220,0.7188324332237244,0
False,False,9.219544457292887,True,0.05343873168836245,0.006352257853403142,8.412557065789343,0.18178487012443503,0.9814836512367064,0.01889409331467851,0.037087452834694556,0.02897117806174797,0.05631096123862359,0.045154537260489055,0.08640738886106938,0.06849556741498698,0.1282093618426484,0.08858953136594555,0.16276021183996645,0.1016125767492072,0.184479696208734,0.11114664960818807,0.20005757052389178,0.12052877138413685,0.21512838306731435,0.1410799025266128,0.2472743621445431,0.16818572656921754,0.2879434712203739,0.17697314890154597,0.30072589007950223,0.17239776951672864,0.2940943321442727,0.1648,0.28296703296703296,0.15167331900521952,0.26339642761930154,0.13663931501962184,0.24042686754551162,0.11609388097233864,0.20803604956815622,0.0703883495145631,0.13151927437641722,0.019178082191780823,0.03763440860215054,0.0,0.0,221,0.7035555839538574,0
False,False,14.317821063276353,True,0.015226330040972584,0.0024671052631578946,6.171739109940888,0.05970703775247329,0.9725386472932125,0.006123323740126141,0.012172113687541841,0.008300477277443452,0.016464293064416546,0.011134204275534442,0.02202319776831596,0.014421343588510997,0.028432650159933657,0.019658929417337753,0.038559814169570265,0.026016564503298863,0.050713731928672415,0.03340252877901491,0.06464572680788896,0.04337777777777778,0.0831487476571818,0.052248598353811286,0.09930846842761591,0.059040024536114094,0.11149724876918621,0.06513409961685823,0.1223021582733813,0.07052489905787349,0.13175760623585617,0.07086044830079537,0.1323430114787306,0.06536259541984733,0.12270488132557097,0.04717566728739913,0.09010077059869591,0.020233463035019456,0.03966437833714721,0.0009784735812133072,0.0019550342130987292,0.0,0.0,0.0,0.0,222,0.5832272171974182,0
False,False,122.8087944733601,False,0.004284139190143489,0.0020007621951219513,2.141253568559336,0.00617486458398053,0.8512112967382657,0.00593589236248516,0.011801730920535013,0.00801492434187798,0.015902392213311398,0.00785158191154547,0.015580829662744067,0.00563465095272915,0.011206159110350727,0.0028986955869858564,0.005780634873174864,0.000754191564657423,0.0015072463768115941,0.0,0.0,0.0,0.0,0.0,0.0,0.0,0.0,0.0,0.0,0.0,0.0,0.0,0.0,0.0,0.0,0.0,0.0,0.0,0.0,0.0,0.0,0.0,0.0,0.0,0.0,223,0.6973048448562622,0
False,False,5.0,True,0.05190738968183226,0.005366379310344827,9.67270233428521,0.13040958654266654,0.9823895754193998,0.01841681921562101,0.036167547252028975,0.03323323323323323,0.06432861848478977,0.0471568581033095,0.09006646471040376,0.06195956454121306,0.11668912190264191,0.07386532186294868,0.13756906077348066,0.08680495032246818,0.15974338412189254,0.10006039863096436,0.18191800878477307,0.10993513144417891,0.19809289449400186,0.11798764796706125,0.21107146967430085,0.12592916484477482,0.22368932038834952,0.1331566743954952,0.23501900029231218,0.13577912254160363,0.2390942390942391,0.13318824809575625,0.2350681774534281,0.12768679631525076,0.22645790787383707,0.11762870514820593,0.21049692908989392,0.09484126984126984,0.17325117796303008,0.0581151832460733,0.10984661058881742,0.029329608938547486,0.05698778833107191,0.0017730496453900709,0.0035398230088495575,224,0.8362376093864441,1
False,False,223.4390297150433,False,0.0,0.007728441455696203,0.0,0.007728441455696203,0.13053065373709993,0.0,0.0,0.0,0.0,0.0,0.0,0.0,0.0,0.0,0.0,0.0,0.0,0.0,0.0,0.0,0.0,0.0,0.0,0.0,0.0,0.0,0.0,0.0,0.0,0.0,0.0,0.0,0.0,0.0,0.0,0.0,0.0,0.0,0.0,0.0,0.0,0.0,0.0,225,0.37064263224601746,0
False,False,200.0,False,0.0031107141154473597,0.005145155325443787,0.6045909051694276,0.007737192145602069,0.6966201633295737,0.003632008795351029,0.007237730091351891,0.0,0.0,0.0,0.0,0.0,0.0,0.0,0.0,0.0,0.0,0.0,0.0,0.0,0.0,0.0,0.0,0.0,0.0,0.0,0.0,0.0,0.0,0.0,0.0,0.0,0.0,0.0,0.0,0.0,0.0,0.0,0.0,0.0,0.0,0.0,0.0,226,0.31483760476112366,0
False,False,149.6963593411677,False,0.00872266789609056,0.0057664756446991405,1.5126514761419156,0.011321003277816806,0.7640903325181985,0.01269165582751961,0.02506519285408477,0.017499173917832362,0.03439643857488871,0.015025220906521662,0.02960561096817397,0.0009629504802715521,0.001924048197407345,0.0,0.0,0.0,0.0,0.0,0.0,0.0,0.0,0.0,0.0,0.0,0.0,0.0,0.0,0.0,0.0,0.0,0.0,0.0,0.0,0.0,0.0,0.0,0.0,0.0,0.0,0.0,0.0,0.0,0.0,227,0.12342655658721924,0
False,False,164.7573974060042,False,3.5648307358970586e-05,0.0026326943140323423,0.013540617750022858,0.0018647353244293213,0.29611024862301655,0.0,0.0,0.0,0.0,0.0,0.0,0.0,0.0,0.0,0.0,0.0,0.0,0.0,0.0,0.0,0.0,0.0,0.0,0.0,0.0,0.0,0.0,0.0,0.0,0.0,0.0,0.0,0.0,0.0,0.0,0.0,0.0,0.0,0.0,0.0,0.0,0.0,0.0,228,0.6008740663528442,0
False,False,8.94427190999916,True,0.01935488897578066,0.001186650413711584,16.310523092679656,0.11218526585301224,0.9958124425083916,0.0065424367394735505,0.012999822959609499,0.008703603359523164,0.017257008561356386,0.011680756294882284,0.023091783098971204,0.016997354497354497,0.03342654614033947,0.024830917874396136,0.04845856509851985,0.032872857508314146,0.06365325077399381,0.042221126991950055,0.08102143757881462,0.055700043346337234,0.10552247998357626,0.07464420563462097,0.13891891891891892,0.10054773082942096,0.18272307145396374,0.13672922252010725,0.24056603773584906,0.15417558886509636,0.26716141001855287,0.10928013876843018,0.1970289288506646,0.06863780359028511,0.12845849802371542,0.025362318840579712,0.04946996466431095,0.007320644216691069,0.014534883720930232,0.0,0.0,0.0,0.0,0.0,0.0,229,0.052297744899988174,0
False,False,7.810249675906654,True,0.08973419550665351,0.007790834719911259,11.517918006567033,0.18186085085169978,0.9834407861512038,0.04252400548696845,0.08157894736842106,0.05494270435446906,0.10416244242968456,0.07111216579655118,0.13278192157152352,0.09188001430834483,0.16829690644451725,0.11261430539897281,0.20243188471065077,0.13240058910162003,0.23384055143711796,0.15406574394463668,0.2669964770257102,0.17163120567375886,0.2929782082324455,0.18646080760095013,0.31431431431431434,0.1952562473528166,0.3267186392629341,0.1857190747569561,0.3132598247102064,0.17523318118674341,0.298210064167511,0.1500800732097918,0.2609906504873682,0.11507419942723249,0.20639738501050667,0.08529674917983895,0.15718604012091233,0.04828289697381843,0.09211806681803439,0.019744483159117306,0.0387243735763098,0.0004450378282153983,0.0008896797153024911,0.0,0.0,230,0.0712210014462471,0
False,False,3.1622776601683795,True,0.16582231566071345,0.01141541204437401,14.526178732412694,0.4882400445966387,0.9914446616678538,0.05603160133697964,0.10611728146400415,0.098008645737368,0.1785207176971731,0.14985356329319882,0.2606480826376114,0.22628401290215863,0.36905645106899576,0.28225117471166167,0.44024319147164154,0.31169151164223236,0.4752512444820137,0.3293780687397709,0.49553708833487226,0.34595731890592124,0.5140687807056722,0.3565331582403152,0.5256534365924492,0.36404293381037567,0.5337704918032787,0.36814469078179696,0.5381663113006396,0.3665263157894737,0.5364350639346788,0.3608646188850967,0.5303460959705735,0.35149729995090817,0.5201598256447512,0.3324572930354796,0.4990138067061144,0.2959354120267261,0.45671321160042966,0.2436503248670998,0.39183091902161005,0.17153748411689962,0.2928416485900217,0.07745504840940526,0.14377406931964057,231,0.7144737243652344,1
False,False,314.40737904826597,False,0.06649135701245318,0.008907331314878893,7.4647899198927705,0.14538786917320606,0.9716537349653991,0.028880708212814445,0.056140051965753716,0.03997411893159714,0.07687521872691216,0.053673236683498944,0.1018783334621628,0.07257442825153261,0.13532753781915258,0.09517374517374518,0.17380574651859687,0.10976771888028589,0.19782107014436753,0.11993970714900948,0.2141895789271294,0.13501844022667986,0.23791409098113805,0.13926418623986697,0.24448093413610655,0.1423239012642986,0.24918309265310426,0.1399944336209296,0.24560546875,0.13367775266386825,0.23583024779265166,0.1259131103421761,0.22366399180467816,0.1135948905109489,0.2040147480540762,0.09180942184154176,0.16817847511645012,0.06521060842433697,0.12243702401874634,0.03913679590343819,0.0753255895811334,0.01072041166380789,0.021213406873143825,0.0,0.0,232,0.3622531592845917,1
False,False,65.19202405202648,False,0.0,0.002727049304295221,0.0,0.002727049304295221,0.36844038349438646,0.0,0.0,0.0,0.0,0.0,0.0,0.0,0.0,0.0,0.0,0.0,0.0,0.0,0.0,0.0,0.0,0.0,0.0,0.0,0.0,0.0,0.0,0.0,0.0,0.0,0.0,0.0,0.0,0.0,0.0,0.0,0.0,0.0,0.0,0.0,0.0,0.0,0.0,233,0.01486376766115427,0
False,False,230.2628932329306,False,0.0,0.004678281710914454,0.0,0.004678281710914454,0.2901687929796939,0.0,0.0,0.0,0.0,0.0,0.0,0.0,0.0,0.0,0.0,0.0,0.0,0.0,0.0,0.0,0.0,0.0,0.0,0.0,0.0,0.0,0.0,0.0,0.0,0.0,0.0,0.0,0.0,0.0,0.0,0.0,0.0,0.0,0.0,0.0,0.0,0.0,0.0,234,0.013940292410552502,0
False,False,15.132745950421556,False,0.031667023523855545,0.006020969055374593,5.259456282305273,0.05553459916420516,0.9440553945556386,0.01948672333135666,0.03822849848927954,0.02413251463658432,0.04712771890686001,0.02786282914880588,0.05421507298182902,0.031524809465437294,0.06112273631455217,0.035259753807636136,0.06811769447803305,0.039583751589372954,0.07615307863143327,0.04268923006240668,0.08188294044209445,0.046188946314662194,0.08829943477680359,0.04997375940288063,0.09519049205820282,0.05349115972430327,0.10155027734319443,0.055777289962083414,0.10566109063415556,0.058403361344537816,0.11036125446605796,0.0592274678111588,0.11183144246353323,0.04394942805538832,0.08419838523644751,0.024120205614867538,0.047104247104247106,0.004970178926441352,0.009891196834817012,0.0,0.0,0.0,0.0,0.0,0.0,235,0.8985087275505066,1
False,False,81.32035415564789,False,0.030051316581579723,0.005512011400651466,5.451969235409773,0.054757059697468455,0.9563844735148227,0.01783949397114054,0.035053648589600424,0.022092572570938985,0.043230081430624304,0.02550756041264308,0.04974621621000896,0.028859990406651388,0.05610090911445518,0.03227921671485202,0.06253970087197551,0.03623770327243525,0.06994090865058607,0.04157230048750528,0.07982604850003686,0.05087851169782956,0.09683043497697706,0.06191436365792907,0.11660895789120965,0.06328535526616404,0.11903738719381178,0.05965018703872207,0.1125846770346341,0.052802484822815195,0.10030843502749094,0.030470914127423823,0.05913978494623656,0.0,0.0,0.0,0.0,0.0,0.0,0.0,0.0,0.0,0.0,0.0,0.0,236,0.8985087275505066,1
False,False,115.48592987892508,False,0.03374350948120247,0.005687699044585987,5.932717117534951,0.07646184303771496,0.9649025052148437,0.01434884129654272,0.028291729062759126,0.02168756996755403,0.04245440701259146,0.02790936172290863,0.05430315699456018,0.03178973717146433,0.061620572537603106,0.03583970901793553,0.0691993340396549,0.04053478970139726,0.07791145496063528,0.04607384714608191,0.08808909097915302,0.05242397835160299,0.09962520700775734,0.05852575029701947,0.11057973843451104,0.06348645465253239,0.11939306678480452,0.067678341575774,0.1267766497461929,0.07290391052330802,0.13590016740222188,0.076854156296665,0.14273828233336414,0.0826607654256704,0.1526992906095948,0.07705748733181898,0.14308890330953927,0.06475,0.1216247945527119,0.042404129793510326,0.08135833038556774,0.01509433962264151,0.02973977695167286,0.0,0.0,237,0.9447835087776184,1
False,True,0.0,True,0.04315396159048057,0.005851910828025477,7.374336837774639,0.4895346878989294,0.9955914909360613,0.01476311230510432,0.029096667243981494,0.0223137202815779,0.04365337144341951,0.028715143819895494,0.05582720151910753,0.0327075511055486,0.06334329805283995,0.03687445127304653,0.07112616426756986,0.0417050854670544,0.08007081092122285,0.04740406320541761,0.09051724137931035,0.05393753153235793,0.10235432351277253,0.06077833479766396,0.11459196102314251,0.06952409104345256,0.13000939693770383,0.08045426558117261,0.1489267396948015,0.09800816734727893,0.17851992409867173,0.12156295224312591,0.2167741935483871,0.16392528575411208,0.2816766467065868,0.22712871287128714,0.3701791189285138,0.3304401735895846,0.4967381174277726,0.375,0.5454545454545454,0.2596975673898751,0.4123173277661795,0.08807045636509207,0.16188373804267844,238,0.9447835087776184,1
False,False,9.848857801796104,True,0.04528950343918744,0.004128086419753086,10.971064758352696,0.11793115399796483,0.986021734411879,0.013952047984613629,0.027520133742706038,0.03098081795150199,0.06009969809731096,0.04527423705505897,0.08662652431311035,0.06372840976771887,0.11982082866741321,0.07561169507993994,0.14059292108072596,0.08652582634185788,0.15927062982603032,0.09794050343249427,0.1784076698624427,0.11078038048401709,0.19946405685657695,0.12383040935672515,0.2203720567191362,0.13273026315789474,0.23435458109481633,0.13592770195499815,0.23932456567624613,0.13592031541813654,0.2393131165509682,0.13287864534336782,0.23458584181025535,0.12349316903294937,0.21983786361468766,0.10845986984815618,0.19569471624266144,0.08808479532163743,0.1619079610345986,0.05788775961113566,0.10944026733500417,0.02027027027027027,0.039735099337748346,0.0015661707126076742,0.003127443315089914,239,0.8211448192596436,1
False,True,0.0,True,0.12968316677836395,0.007123419943820225,18.20518343732744,0.5534088626423502,0.9956941885398611,0.0428741249504689,0.08222301028420893,0.10035864457086321,0.18241078954762574,0.12116461366181411,0.21614063124250898,0.13951689160147857,0.24487024743512373,0.1582796957284962,0.2733013387218995,0.17894156560088204,0.3035630786495838,0.20267232767232768,0.3370366524763784,0.2302127659574468,0.3742649602213767,0.26330304996755355,0.41684859381019645,0.2979948013367991,0.45916177943069664,0.32864450127877237,0.49470644850818096,0.3557692307692308,0.524822695035461,0.37568266743317047,0.5461763476807355,0.38911426639621366,0.5602336334874666,0.39195171026156944,0.5631685458224921,0.36449928808732796,0.5342608695652173,0.2531982942430704,0.4040833687792429,0.13452655889145496,0.23715012722646311,0.03937007874015748,0.07575757575757576,240,0.8876573443412781,1
False,False,141.66156853571826,False,0.0,0.0015921208530805687,0.0,0.0015921208530805687,0.23522879452788592,0.0,0.0,0.0,0.0,0.0,0.0,0.0,0.0,0.0,0.0,0.0,0.0,0.0,0.0,0.0,0.0,0.0,0.0,0.0,0.0,0.0,0.0,0.0,0.0,0.0,0.0,0.0,0.0,0.0,0.0,0.0,0.0,0.0,0.0,0.0,0.0,0.0,0.0,241,0.05306868627667427,1
False,False,265.09243670840556,False,0.0029978552411606997,0.0020875336021505377,1.4360752028481678,0.004201068299163912,0.7610251483774587,0.005525230403219531,0.010989739961082611,0.006885637337923758,0.013677099131393906,0.0051678696318754195,0.010282600126818735,0.0,0.0,0.0,0.0,0.0,0.0,0.0,0.0,0.0,0.0,0.0,0.0,0.0,0.0,0.0,0.0,0.0,0.0,0.0,0.0,0.0,0.0,0.0,0.0,0.0,0.0,0.0,0.0,0.0,0.0,0.0,0.0,242,0.3111356198787689,1
False,False,26.832815729997478,False,0.1261919617719825,0.006846816976127321,18.430748508682772,0.19828068312542713,0.9867754778280021,0.07305532215981957,0.13616319802184215,0.08944718176403703,0.16420655037025994,0.10521622826571556,0.19039935457845905,0.12151526296432512,0.21669836689184757,0.13832370426191073,0.24303052592865024,0.15595023269066388,0.2698217073371128,0.1752656369810494,0.29825706030384935,0.19182588890294824,0.32190253742435504,0.20122559498361123,0.3350338118400759,0.2051487048289095,0.34045376144354517,0.20525657071339173,0.3406022845275182,0.1976906231335855,0.33011968085106386,0.19206032379685073,0.3222325581395349,0.17686235816477552,0.30056591909452945,0.16207276736493936,0.27893738140417457,0.13669724770642203,0.24051654560129138,0.10429447852760736,0.18888888888888888,0.001579778830963665,0.0031545741324921135,0.0,0.0,243,0.7847325205802917,1
False,True,0.0,True,0.14264905022336563,0.012392979452054795,11.510472584517517,0.3666231238973123,0.9877808450978844,0.04897337759827451,0.09337391900336646,0.10120608285264814,0.1838095238095238,0.14191176470588235,0.24855119124275596,0.16323653791936849,0.2806592341250606,0.18629343629343628,0.3140764849471115,0.21241860038521507,0.35040472047809973,0.24143692564745195,0.38896366083445494,0.27085795320255257,0.4262599962804538,0.2990006662225183,0.4603549081957124,0.314668652271035,0.4787041232442229,0.31896978702327883,0.4836650394292152,0.3115202333211812,0.47505211952744963,0.293598233995585,0.4539249146757679,0.2655141843971631,0.41961471103327497,0.22847187655550025,0.3719611021069692,0.18421791631564166,0.311121650462414,0.14190264078905504,0.24853719699080523,0.10177471930459979,0.18474687705456935,0.051926977687626774,0.09872734284612418,244,0.8114992380142212,1
False,False,354.5095203235027,False,0.019750299327150587,0.004953778135048231,3.986916407785044,0.04585915110819507,0.9095496211607501,0.01001609912168083,0.019833543505674654,0.012702185251204859,0.025085726951510488,0.01683507892019472,0.03311270287424064,0.02228166307424624,0.04359202337101486,0.025848408820810777,0.05039420756234916,0.029877425944841676,0.05802132407636995,0.033338667520136554,0.06452612017344621,0.03657241470861543,0.07056412883396299,0.04190981432360743,0.08044806517311609,0.046223224351747465,0.08836206896551724,0.05122623712088231,0.09745996686913308,0.05343652109821264,0.10145181039006472,0.05574082896617437,0.1055956678700361,0.0549278091650973,0.10413567390657542,0.050232165470662726,0.09565916398713827,0.040415073730202075,0.07769028871391076,0.026134800550206328,0.05093833780160858,0.012520868113522538,0.0247320692497939,0.0,0.0,245,0.6265383362770081,0
False,False,146.696966567138,False,0.03183520216680787,0.006912878787878788,4.605201847691659,0.04242527384367029,0.9278435638929585,0.02399557740291951,0.046866564529072736,0.031012242691074807,0.06015882529217861,0.03892135051218737,0.07492646193669844,0.04750502825399866,0.09070128920179209,0.05118528128317019,0.09738584090654101,0.053201300907722925,0.1010277918606259,0.05120180270405608,0.09741574371799452,0.032874740041593346,0.06365677998915821,0.014034040011943864,0.02767962308598351,0.0008874239350912779,0.001773274224192527,0.0,0.0,0.0,0.0,0.0,0.0,0.0,0.0,0.0,0.0,0.0,0.0,0.0,0.0,0.0,0.0,0.0,0.0,246,0.10204889625310898,0
False,False,157.0636813525011,False,0.010984848065059014,0.008263548474945533,1.3293136838688924,0.018557309241264825,0.7952717728865106,0.030203494283077597,0.05863597716506741,0.01623863920620362,0.03195831880371685,0.003557043469163572,0.0070888715142038055,0.0,0.0,0.0,0.0,0.0,0.0,0.0,0.0,0.0,0.0,0.0,0.0,0.0,0.0,0.0,0.0,0.0,0.0,0.0,0.0,0.0,0.0,0.0,0.0,0.0,0.0,0.0,0.0,0.0,0.0,0.0,0.0,247,0.17649750411510468,0
False,False,377.8160928282436,False,0.0,0.001026684997179921,0.0,0.001026684997179921,0.20506944965175927,0.0,0.0,0.0,0.0,0.0,0.0,0.0,0.0,0.0,0.0,0.0,0.0,0.0,0.0,0.0,0.0,0.0,0.0,0.0,0.0,0.0,0.0,0.0,0.0,0.0,0.0,0.0,0.0,0.0,0.0,0.0,0.0,0.0,0.0,0.0,0.0,0.0,0.0,248,0.02907116897404194,0
False,False,271.8896835115301,False,0.0,0.0011116425736961452,0.0,0.0011116425736961452,0.2193592295857516,0.0,0.0,0.0,0.0,0.0,0.0,0.0,0.0,0.0,0.0,0.0,0.0,0.0,0.0,0.0,0.0,0.0,0.0,0.0,0.0,0.0,0.0,0.0,0.0,0.0,0.0,0.0,0.0,0.0,0.0,0.0,0.0,0.0,0.0,0.0,0.0,0.0,0.0,249,0.09223460406064987,0
False,False,94.66784036831093,False,0.008769901735228307,0.0011153875612745097,7.862649754859453,0.019890106168503098,0.9731095043100793,0.004306043245241175,0.008575161474338922,0.005604868778715932,0.011147258635537269,0.00696895375964587,0.013841447114385006,0.008573110604165133,0.017000474262157526,0.010597171055623777,0.020972097209720972,0.013288468119082925,0.0262284009680869,0.01634032962389069,0.03215523215523215,0.019084296106118954,0.03745381256298287,0.020798841059602648,0.040750126710593006,0.02095578839764886,0.04105131414267835,0.01956593225912529,0.03838090630543461,0.023242130038246545,0.04542840713053479,0.0177799135031235,0.03493862134088763,0.007587253414264037,0.015060240963855422,0.0,0.0,0.0,0.0,0.0,0.0,0.0,0.0,0.0,0.0,250,0.030328689143061638,0
False,False,239.43683927081898,False,0.0,0.0012070407542579076,0.0,0.0012070407542579076,0.28547707181531845,0.0,0.0,0.0,0.0,0.0,0.0,0.0,0.0,0.0,0.0,0.0,0.0,0.0,0.0,0.0,0.0,0.0,0.0,0.0,0.0,0.0,0.0,0.0,0.0,0.0,0.0,0.0,0.0,0.0,0.0,0.0,0.0,0.0,0.0,0.0,0.0,0.0,0.0,251,0.02293626219034195,0
False,False,23.0,False,0.021796314816229064,0.0029488968633705477,7.391345247427942,0.19267181376468528,0.9934653966840642,0.005737883771486758,0.01141029658735707,0.00770792396295854,0.0152979326244573,0.010700183862314253,0.02117380412740069,0.015404308867240892,0.03034123202495673,0.025351710347782618,0.04944978409249199,0.03969807100922561,0.07636461414358699,0.079542908357607,0.1473640514736405,0.12806637806637808,0.22705468500159898,0.15601586602027326,0.26991993900114375,0.16924969249692498,0.2895013675573322,0.17629345743224747,0.2997440074470561,0.1794403892944039,0.3042805569881382,0.17682721455035366,0.3005151688609044,0.170261066969353,0.2909796314258002,0.16063919259882253,0.2768115942028985,0.1460093896713615,0.2548136009832036,0.13099730458221023,0.23164918970448045,0.13203463203463203,0.2332695984703633,0.09456740442655935,0.17279411764705882,252,0.7442628145217896,1
False,False,101.9803902718557,False,0.0017972880486153142,0.001555798100490196,1.1552193360109069,0.0024761083134242166,0.7032328633341238,0.0034806262985413497,0.006937107119606399,0.003944879762226425,0.007858757670362794,0.0018075953767272095,0.003608667742327244,0.0,0.0,0.0,0.0,0.0,0.0,0.0,0.0,0.0,0.0,0.0,0.0,0.0,0.0,0.0,0.0,0.0,0.0,0.0,0.0,0.0,0.0,0.0,0.0,0.0,0.0,0.0,0.0,0.0,0.0,0.0,0.0,253,0.6070172190666199,0
False,False,19.235384061671343,False,0.003073834110155642,0.0013020833333333333,2.3607045965995335,0.003979501967789205,0.8443297528645036,0.002168008767332158,0.004326637346963033,0.002752876402908167,0.0054906377586935095,0.0033868446517628962,0.006750825306939997,0.004133545310015898,0.008233058898036731,0.004156991985619055,0.00827956588222131,0.0040964309256992185,0.008159437280187573,0.00428721238665104,0.00853782131998403,0.004627793203755124,0.009212950776520137,0.004259050482274834,0.008481975801421978,0.0032626427406199023,0.0065040650406504065,0.0014315460697553357,0.0028589993502274205,0.0,0.0,0.0,0.0,0.0,0.0,0.0,0.0,0.0,0.0,0.0,0.0,0.0,0.0,0.0,0.0,254,0.666156530380249,0
False,False,144.2497833620557,False,0.01152042015387724,0.002064443005181347,5.580401166301635,0.0785337187487837,0.9886795656660465,0.004166212830846313,0.008297855031591507,0.0054446460980036296,0.010830324909747292,0.007005173755780413,0.013912885332363371,0.008937089896610137,0.01771585163456714,0.01142672209913117,0.02259525450428276,0.014354515886915187,0.028302759364883613,0.018120805369127517,0.035596572181938034,0.024188448566610454,0.04723437098019038,0.03195488721804511,0.061930783242258654,0.04250393554958792,0.08154201456741872,0.05916473317865429,0.11171960569550932,0.08000756572725554,0.14816112084063046,0.09697841726618706,0.17681007345225602,0.08685162846803378,0.1598224195338513,0.03577417551704863,0.06907717215326498,0.0,0.0,0.0,0.0,0.0,0.0,0.0,0.0,255,0.4745861887931824,0
False,False,382.04711751301045,False,0.0,0.00307646977260122,0.0,0.00307646977260122,0.19095160687431,0.0,0.0,0.0,0.0,0.0,0.0,0.0,0.0,0.0,0.0,0.0,0.0,0.0,0.0,0.0,0.0,0.0,0.0,0.0,0.0,0.0,0.0,0.0,0.0,0.0,0.0,0.0,0.0,0.0,0.0,0.0,0.0,0.0,0.0,0.0,0.0,0.0,0.0,256,0.35945451259613037,0
False,False,200.86313748420838,False,0.0036269278939863826,0.0013936980609418283,2.6023770826913473,0.005413568048566649,0.8786206982049394,0.0027268031197337558,0.005438775768733795,0.0035233999715501866,0.007022058422653771,0.004595798127426353,0.009149546784871992,0.005738522954091816,0.011411560406846936,0.007192155636461102,0.014281595813097377,0.008849810974911216,0.017544357700496806,0.00514592104789665,0.010239152226836603,9.077705156136529e-05,0.00018153762367250612,0.0,0.0,0.0,0.0,0.0,0.0,0.0,0.0,0.0,0.0,0.0,0.0,0.0,0.0,0.0,0.0,0.0,0.0,0.0,0.0,0.0,0.0,257,0.6737653613090515,0
False,False,184.05433980213562,False,0.0,0.0040564041881812965,0.0,0.0040564041881812965,0.321133308430731,0.0,0.0,0.0,0.0,0.0,0.0,0.0,0.0,0.0,0.0,0.0,0.0,0.0,0.0,0.0,0.0,0.0,0.0,0.0,0.0,0.0,0.0,0.0,0.0,0.0,0.0,0.0,0.0,0.0,0.0,0.0,0.0,0.0,0.0,0.0,0.0,0.0,0.0,258,0.01955004408955574,0
False,False,248.67649667791284,False,9.506507545763404e-08,0.002754859855334539,3.450813487791368e-05,0.0027454977441265073,0.2799996278767759,0.0,0.0,0.0,0.0,0.0,0.0,0.0,0.0,0.0,0.0,0.0,0.0,0.0,0.0,0.0,0.0,0.0,0.0,0.0,0.0,0.0,0.0,0.0,0.0,0.0,0.0,0.0,0.0,0.0,0.0,0.0,0.0,0.0,0.0,0.0,0.0,0.0,0.0,259,0.06663645058870316,0
True,False,172.28464818433474,False,4.160799764485977e-06,0.001752708731676227,0.002373925392901272,0.001535566471975364,0.31794637472339116,0.0,0.0,0.0,0.0,0.0,0.0,0.0,0.0,0.0,0.0,0.0,0.0,0.0,0.0,0.0,0.0,0.0,0.0,0.0,0.0,0.0,0.0,0.0,0.0,0.0,0.0,0.0,0.0,0.0,0.0,0.0,0.0,0.0,0.0,0.0,0.0,0.0,0.0,260,0.07788912951946259,0
False,False,297.6054434986027,False,5.735224085315589e-05,0.0016515395220588235,0.03472653247901696,0.001280305900741279,0.3954936195706205,0.0,0.0,0.0,0.0,0.0,0.0,0.0,0.0,0.0,0.0,0.0,0.0,0.0,0.0,0.0,0.0,0.0,0.0,0.0,0.0,0.0,0.0,0.0,0.0,0.0,0.0,0.0,0.0,0.0,0.0,0.0,0.0,0.0,0.0,0.0,0.0,0.0,0.0,261,0.06040593981742859,0
False,False,320.22492095400696,False,4.271968576797074e-05,0.0006068840579710145,0.07039184042961148,0.0004875778281326471,0.3813578392467525,0.0,0.0,0.0,0.0,0.0,0.0,0.0,0.0,0.0,0.0,0.0,0.0,0.0,0.0,0.0,0.0,0.0,0.0,0.0,0.0,0.0,0.0,0.0,0.0,0.0,0.0,0.0,0.0,0.0,0.0,0.0,0.0,0.0,0.0,0.0,0.0,0.0,0.0,262,0.4225512444972992,1
False,False,171.3300907604966,False,0.0008985289140198548,0.0012460443037974683,0.72110510941022,0.0017830491395303253,0.6664297753347598,0.0023109422406215442,0.0046112281992163745,0.0,0.0,0.0,0.0,0.0,0.0,0.0,0.0,0.0,0.0,0.0,0.0,0.0,0.0,0.0,0.0,0.0,0.0,0.0,0.0,0.0,0.0,0.0,0.0,0.0,0.0,0.0,0.0,0.0,0.0,0.0,0.0,0.0,0.0,0.0,0.0,263,0.2954424321651459,0
False,False,86.83317338436964,False,0.006033027403197507,0.002333797770700637,2.585068628883947,0.008295704048983266,0.8720169436060059,0.008409991572076676,0.016679706949285156,0.011127315940150165,0.022009722741599444,0.01048429221699873,0.020751024627995423,0.0072188079211784216,0.014334140435835351,0.0008019740900678593,0.0016026628860260125,0.0,0.0,0.0,0.0,0.0,0.0,0.0,0.0,0.0,0.0,0.0,0.0,0.0,0.0,0.0,0.0,0.0,0.0,0.0,0.0,0.0,0.0,0.0,0.0,0.0,0.0,0.0,0.0,264,0.58196622133255,0
True,False,95.03683496413377,False,0.0,0.0037429793625914317,0.0,0.0037429793625914317,0.2167100276554338,0.0,0.0,0.0,0.0,0.0,0.0,0.0,0.0,0.0,0.0,0.0,0.0,0.0,0.0,0.0,0.0,0.0,0.0,0.0,0.0,0.0,0.0,0.0,0.0,0.0,0.0,0.0,0.0,0.0,0.0,0.0,0.0,0.0,0.0,0.0,0.0,0.0,0.0,265,0.1105189099907875,1
False,False,76.79192665899195,False,8.409306517797361e-07,0.005042989417989418,0.00016675241252340472,0.004949386781273644,0.17586850851682592,0.0,0.0,0.0,0.0,0.0,0.0,0.0,0.0,0.0,0.0,0.0,0.0,0.0,0.0,0.0,0.0,0.0,0.0,0.0,0.0,0.0,0.0,0.0,0.0,0.0,0.0,0.0,0.0,0.0,0.0,0.0,0.0,0.0,0.0,0.0,0.0,0.0,0.0,266,0.16678905487060547,1
False,False,301.8691769624716,False,0.0003139133785275647,0.0037423823696145124,0.08388062670354543,0.0029620212591710882,0.27256494054365416,0.00024515211688852935,0.0004901840641160756,0.0,0.0,0.0,0.0,0.0,0.0,0.0,0.0,0.0,0.0,0.0,0.0,0.0,0.0,0.0,0.0,0.0,0.0,0.0,0.0,0.0,0.0,0.0,0.0,0.0,0.0,0.0,0.0,0.0,0.0,0.0,0.0,0.0,0.0,0.0,0.0,267,0.16524967551231384,0
False,False,126.17844506887855,False,0.011361050709555509,0.004215440356744705,2.6951041286535644,0.015586073551997702,0.8798199803717923,0.021405074129151457,0.04191299744110121,0.019650330968565406,0.03854327384937847,0.016013485040033713,0.03152218996267109,0.011062260672245071,0.021882451956796185,0.00573134328358209,0.011397364359491867,0.0,0.0,0.0,0.0,0.0,0.0,0.0,0.0,0.0,0.0,0.0,0.0,0.0,0.0,0.0,0.0,0.0,0.0,0.0,0.0,0.0,0.0,0.0,0.0,0.0,0.0,0.0,0.0,268,0.19564251601696014,0
False,False,208.0600874747485,False,0.010792157348246017,0.0036739864864864867,2.9374515632927087,0.012509568212466226,0.8679693700712663,0.012587817307846888,0.024862667894452736,0.015328574737329712,0.030194313680761493,0.016197734055808294,0.03187909894496721,0.01501523550791145,0.029586226851851853,0.011938477626247222,0.023595263724434875,0.007794925451216322,0.015469269102990034,0.004244804865686771,0.0084537253170147,0.0010863661053775121,0.002170374389582203,0.0,0.0,0.0,0.0,0.0,0.0,0.0,0.0,0.0,0.0,0.0,0.0,0.0,0.0,0.0,0.0,0.0,0.0,0.0,0.0,0.0,0.0,269,0.09156371653079987,0
False,False,28.178005607210743,False,0.04816852355466735,0.002968480138169257,16.226661898561396,0.08957792280612681,0.9863450076196381,0.017352438543446827,0.0341129344876599,0.03781151532512174,0.0728677891250345,0.061366806136680614,0.11563731931668857,0.08013598834385624,0.14838129496402877,0.0889248181083266,0.1633259094283593,0.09746012994683993,0.17761033369214208,0.107421875,0.19400352733686066,0.11560486757337152,0.20725056143727943,0.12123004139562389,0.21624472573839662,0.12235192390834414,0.21802773497688752,0.11837708830548926,0.21169440887750746,0.1051255230125523,0.1902508282063417,0.08892086330935252,0.16331923890063424,0.07038216560509554,0.13150847961916096,0.0342031029619182,0.06614387998636209,0.0,0.0,0.0,0.0,0.0,0.0,0.0,0.0,270,0.6040765643119812,1
False,False,9.055385138137417,True,0.05958651343050599,0.0027584204413472705,21.601679184701332,0.13060551644237262,0.9914519447833899,0.029032566135039635,0.05642691415313225,0.03885977246580596,0.07481235388212132,0.045734918008123966,0.08746942885915696,0.05216197666437886,0.09915198956294846,0.05918426944417405,0.11175443433507949,0.06696772772331755,0.1255290595643646,0.07554671968190854,0.14048059149722736,0.08511829763404732,0.15688298284092375,0.09582348305752561,0.17488853732201928,0.10857142857142857,0.1958762886597938,0.12247809252088852,0.21822803195352214,0.13189897100093545,0.23305785123966943,0.13807079167792488,0.2426400759734093,0.1415182755388941,0.24794745484400657,0.1453940066592675,0.25387596899224807,0.1414273281114012,0.24780785360274496,0.11252771618625278,0.20229197807673144,0.0407725321888412,0.07835051546391752,0.0,0.0,271,0.8998587131500244,1
False,False,68.65857557508748,False,0.002277730490205275,0.0007958333333333333,2.862069725912388,0.003807907293325025,0.9044169946854956,0.002296528754704277,0.00458253358925144,0.003536513109169012,0.00704810051845975,0.004972107688576279,0.0098950162905756,0.00433518641301576,0.008632947389802966,0.000737517516041006,0.001473947969636672,0.0,0.0,0.0,0.0,0.0,0.0,0.0,0.0,0.0,0.0,0.0,0.0,0.0,0.0,0.0,0.0,0.0,0.0,0.0,0.0,0.0,0.0,0.0,0.0,0.0,0.0,0.0,0.0,272,0.6872463822364807,0
False,False,159.0628806478746,False,0.0005005643297724265,0.0038773148148148148,0.12910077042488852,0.0029068248843514056,0.36364962439203125,0.0009380863039399625,0.0018744142455482662,0.0002012792414009035,0.0004024774724414731,0.0,0.0,0.0,0.0,0.0,0.0,0.0,0.0,0.0,0.0,0.0,0.0,0.0,0.0,0.0,0.0,0.0,0.0,0.0,0.0,0.0,0.0,0.0,0.0,0.0,0.0,0.0,0.0,0.0,0.0,0.0,0.0,0.0,0.0,273,0.6612994074821472,1
False,True,0.0,True,0.08873304411486925,0.005812949143173024,15.264720528147253,0.245346517636331,0.9866708939247242,0.03822017775506147,0.07362634357136996,0.056153525239883186,0.10633591404645283,0.07519133009329088,0.13986595313555358,0.09512367491166078,0.17372225090345897,0.11335691426646455,0.20363086232980332,0.13333333333333333,0.23529411764705882,0.15536690312827073,0.2689481630598893,0.15892976588628763,0.27426988341221287,0.15869864059874753,0.27392565251779594,0.1660311958405546,0.28478002378121287,0.16722276741903827,0.2865310240457373,0.16351080418801514,0.2810645223051886,0.15757421974118244,0.27224901359053044,0.14716106604866744,0.25656565656565655,0.14068312478863712,0.24666469018677736,0.13581244947453516,0.2391459074733096,0.12756598240469208,0.22626788036410922,0.10750147666863556,0.19413333333333332,0.059691011235955056,0.1126573889993373,274,0.5326287746429443,1
False,True,0.0,True,0.1721022597856775,0.00979235084838533,17.575172953903667,0.43113821130607854,0.988620902858219,0.08169526595554921,0.15105042709673164,0.118788256043158,0.21235163204747776,0.14294631710362046,0.2501365374112507,0.1653190874963904,0.2837318795688267,0.18953815593444795,0.3186752017812413,0.21728816775785179,0.3570036635747135,0.24608695652173912,0.39497557571528263,0.2573484571289182,0.4093510524784169,0.2615696887686062,0.4146733883942937,0.2639723557692308,0.4176869131106621,0.26294820717131473,0.416403785488959,0.2580763582966226,0.4102713743799241,0.24938925081433225,0.3992178588887078,0.23954545454545453,0.3865053171983865,0.22366082762122366,0.3655601659751037,0.19796954314720813,0.3305084745762712,0.17702070808283232,0.300794551645857,0.15431846090871879,0.2673758865248227,0.055458515283842796,0.10508895324782788,275,0.4959021508693695,1
False,False,152.21038072352357,False,0.00021550809501236015,0.0034058051601423486,0.06327669519513934,0.002799926155338551,0.23496403420183454,0.0005426132252930112,0.0010846379117104739,0.00014901701987248402,0.000297989634217724,0.0,0.0,0.0,0.0,0.0,0.0,0.0,0.0,0.0,0.0,0.0,0.0,0.0,0.0,0.0,0.0,0.0,0.0,0.0,0.0,0.0,0.0,0.0,0.0,0.0,0.0,0.0,0.0,0.0,0.0,0.0,0.0,0.0,0.0,276,0.0753137469291687,0
False,False,231.10603626906848,False,0.0002500156988142963,0.003662986526946108,0.0682546050811545,0.0024668490484075606,0.2979633138543774,0.0,0.0,0.0,0.0,0.0,0.0,0.0,0.0,0.0,0.0,0.0,0.0,0.0,0.0,0.0,0.0,0.0,0.0,0.0,0.0,0.0,0.0,0.0,0.0,0.0,0.0,0.0,0.0,0.0,0.0,0.0,0.0,0.0,0.0,0.0,0.0,0.0,0.0,277,0.27186429500579834,0
False,False,214.03270778084362,False,0.0011174544947913278,0.0028794642857142855,0.38807721989652316,0.003342273971841689,0.5897114493751822,0.000630119722747322,0.0012594458438287153,0.0,0.0,0.0,0.0,0.0,0.0,0.0,0.0,0.0,0.0,0.0,0.0,0.0,0.0,0.0,0.0,0.0,0.0,0.0,0.0,0.0,0.0,0.0,0.0,0.0,0.0,0.0,0.0,0.0,0.0,0.0,0.0,0.0,0.0,0.0,0.0,278,0.4631514251232147,0
False,False,402.91438296491725,False,0.00046998365213239256,0.0014636671686746989,0.32110008490382885,0.0013564694262575467,0.4789970332301531,0.000951797578099232,0.0019017850418016119,0.0,0.0,0.0,0.0,0.0,0.0,0.0,0.0,0.0,0.0,0.0,0.0,0.0,0.0,0.0,0.0,0.0,0.0,0.0,0.0,0.0,0.0,0.0,0.0,0.0,0.0,0.0,0.0,0.0,0.0,0.0,0.0,0.0,0.0,0.0,0.0,279,0.3453361690044403,0
False,False,400.88028138086315,False,0.0,0.0014883306962025316,0.0,0.0014883306962025316,0.14409054219343465,0.0,0.0,0.0,0.0,0.0,0.0,0.0,0.0,0.0,0.0,0.0,0.0,0.0,0.0,0.0,0.0,0.0,0.0,0.0,0.0,0.0,0.0,0.0,0.0,0.0,0.0,0.0,0.0,0.0,0.0,0.0,0.0,0.0,0.0,0.0,0.0,0.0,0.0,280,0.5790758728981018,0
False,False,104.80935072788114,False,6.848185177099207e-05,0.005789930555555556,0.011827750110971943,0.0038329053241415822,0.14312380046258116,0.0,0.0,0.0,0.0,0.0,0.0,0.0,0.0,0.0,0.0,0.0,0.0,0.0,0.0,0.0,0.0,0.0,0.0,0.0,0.0,0.0,0.0,0.0,0.0,0.0,0.0,0.0,0.0,0.0,0.0,0.0,0.0,0.0,0.0,0.0,0.0,0.0,0.0,281,0.6681973338127136,0
False,False,178.08424972467387,False,7.293290220408588e-05,0.005739703757225434,0.01270673632106434,0.005027054175725386,0.14532263015651606,0.0,0.0,0.0,0.0,0.0,0.0,0.0,0.0,0.0,0.0,0.0,0.0,0.0,0.0,0.0,0.0,0.0,0.0,0.0,0.0,0.0,0.0,0.0,0.0,0.0,0.0,0.0,0.0,0.0,0.0,0.0,0.0,0.0,0.0,0.0,0.0,0.0,0.0,282,0.7284465432167053,0
False,False,138.92443989449805,False,0.0007775773130812679,0.00354801619989017,0.2191583322267069,0.005160572041985877,0.6761231176949032,0.0,0.0,0.0,0.0,0.0,0.0,0.0,0.0,0.0,0.0,0.0,0.0,0.0,0.0,0.0,0.0,0.0,0.0,0.0,0.0,0.0,0.0,0.0,0.0,0.0,0.0,0.0,0.0,0.0,0.0,0.0,0.0,0.0,0.0,0.0,0.0,0.0,0.0,283,0.42678067088127136,0
False,False,169.77926846349644,False,0.024024758005268106,0.0042060718201754384,5.71192291344802,0.05059237016959488,0.9619110941766631,0.011031848564848621,0.021822949653877353,0.01657691723357923,0.03261320801713688,0.023659800024093482,0.04622590439428531,0.03319810682893847,0.0642628100255219,0.0434586601749166,0.08329732999222328,0.05069385443217219,0.09649595687331536,0.05394391490537367,0.10236581689494724,0.0547865727310402,0.10388181675310389,0.05445445445445445,0.10328460224036454,0.05297523715658495,0.10062010062010061,0.049689440993788817,0.09467455621301775,0.04378980891719745,0.08390541571319603,0.03453772582359192,0.0667693888032871,0.014632405424696645,0.02884277172001407,0.0,0.0,0.0,0.0,0.0,0.0,0.0,0.0,0.0,0.0,284,0.3947773873806,0
False,False,168.46661390317072,False,3.312158952788281e-05,0.00251421272308578,0.013173741912828897,0.002104332582103153,0.2869041048606715,0.0,0.0,0.0,0.0,0.0,0.0,0.0,0.0,0.0,0.0,0.0,0.0,0.0,0.0,0.0,0.0,0.0,0.0,0.0,0.0,0.0,0.0,0.0,0.0,0.0,0.0,0.0,0.0,0.0,0.0,0.0,0.0,0.0,0.0,0.0,0.0,0.0,0.0,285,0.22985495626926422,0
False,False,296.8450774393943,False,0.0036568465527970486,0.002010233918128655,1.8191149397186774,0.00604218925329035,0.8474758410880459,0.007852292020373514,0.01558222783743946,0.007542465326476546,0.014972004825687505,0.002965623825237041,0.005913709811760787,0.0,0.0,0.0,0.0,0.0,0.0,0.0,0.0,0.0,0.0,0.0,0.0,0.0,0.0,0.0,0.0,0.0,0.0,0.0,0.0,0.0,0.0,0.0,0.0,0.0,0.0,0.0,0.0,0.0,0.0,0.0,0.0,286,0.19063620269298553,0
False,False,10.63014581273465,True,0.1755158411432168,0.011826508620689655,14.840883879809128,0.3309806317034573,0.9880831304910414,0.0855972962433381,0.15769622223552654,0.14193339799547364,0.24858437146092865,0.1688136896750625,0.2888632998848495,0.19376753802983313,0.3246319435853025,0.21812983518331652,0.3581388927240094,0.24167927382753404,0.38927809929942125,0.2651162790697674,0.41911764705882354,0.2868939483307774,0.4458703822531854,0.3034754098360656,0.4656404064795251,0.3191489361702128,0.4838709677419355,0.33160285528877353,0.4980506822612086,0.3262385977463781,0.491975724881996,0.30843515963736695,0.4714565446603404,0.2836863944092597,0.44198707043211977,0.22647914645974782,0.3693159351522341,0.13442447008317682,0.2369914853358562,0.05206783695328771,0.09898190045248868,0.001643115346697338,0.0032808398950131233,0.0,0.0,287,0.8190382122993469,0
False,False,4.47213595499958,True,0.06804410681865168,0.00612987822769953,11.100401066888374,0.3220925505480348,0.9929406914976434,0.02036030273958,0.039908065190137905,0.03306459590463943,0.06401263974337491,0.05343511450381679,0.10144927536231885,0.07959754718104424,0.147457814050954,0.1113981003166139,0.20046480245895495,0.1509199683937239,0.26225970969007456,0.1863171176223188,0.3141101394469393,0.21904435691042987,0.359370609721832,0.2540743836188884,0.4051982672442519,0.27331887201735355,0.4293015332197615,0.2853598014888337,0.444015444015444,0.29383735705209657,0.4542106555364596,0.2859744990892532,0.4447592067988669,0.26119402985074625,0.41420118343195267,0.22384542884071632,0.36580670003850596,0.17527970165157167,0.29827742520398914,0.10225921521997622,0.1855447680690399,0.030026109660574413,0.058301647655259824,0.0,0.0,288,0.6173276901245117,1
False,False,4.242640687119285,True,0.05652472426776799,0.005506817552602437,10.264499182664093,0.3346182827991183,0.9930025331589012,0.01354774168830616,0.02673330743303548,0.023763300354676126,0.04642342687307405,0.045060351845952355,0.08623492751659667,0.06986827661909989,0.1306109885599959,0.09375460303432022,0.17143626691805267,0.11955296769346356,0.2135726868551296,0.1483337217431834,0.25834601725012685,0.1719469266179258,0.2934380776340111,0.19121725731895223,0.3210451429310568,0.20560097408244912,0.3410763237628048,0.22209026128266032,0.36345966958211856,0.23941405355916687,0.3863342566943675,0.25950232430954334,0.4120712114633087,0.27009850651414047,0.42531898924193146,0.2738805970149254,0.4299941417691857,0.27163781624500666,0.4272251308900524,0.2417815482502651,0.38941076003415886,0.14588528678304238,0.2546245919477693,0.03589375448671931,0.0693000693000693,289,0.6400575041770935,1
False,False,240.68236329236922,False,0.0,0.0029484792054624456,0.0,0.0029484792054624456,0.20486381322957198,0.0,0.0,0.0,0.0,0.0,0.0,0.0,0.0,0.0,0.0,0.0,0.0,0.0,0.0,0.0,0.0,0.0,0.0,0.0,0.0,0.0,0.0,0.0,0.0,0.0,0.0,0.0,0.0,0.0,0.0,0.0,0.0,0.0,0.0,0.0,0.0,0.0,0.0,290,0.048659637570381165,0
False,False,215.3555200128383,False,0.0,0.0017409605834885163,0.0,0.0017409605834885163,0.20522081720095797,0.0,0.0,0.0,0.0,0.0,0.0,0.0,0.0,0.0,0.0,0.0,0.0,0.0,0.0,0.0,0.0,0.0,0.0,0.0,0.0,0.0,0.0,0.0,0.0,0.0,0.0,0.0,0.0,0.0,0.0,0.0,0.0,0.0,0.0,0.0,0.0,0.0,0.0,291,0.048659637570381165,0
False,False,182.12358441453978,False,0.0,0.0018573479205462446,0.0,0.0018573479205462446,0.20518644479533582,0.0,0.0,0.0,0.0,0.0,0.0,0.0,0.0,0.0,0.0,0.0,0.0,0.0,0.0,0.0,0.0,0.0,0.0,0.0,0.0,0.0,0.0,0.0,0.0,0.0,0.0,0.0,0.0,0.0,0.0,0.0,0.0,0.0,0.0,0.0,0.0,0.0,0.0,292,0.048659637570381165,0
False,False,206.49697334343668,False,0.0,0.0009225092250922509,0.0,0.0009225092250922509,0.16628193290243154,0.0,0.0,0.0,0.0,0.0,0.0,0.0,0.0,0.0,0.0,0.0,0.0,0.0,0.0,0.0,0.0,0.0,0.0,0.0,0.0,0.0,0.0,0.0,0.0,0.0,0.0,0.0,0.0,0.0,0.0,0.0,0.0,0.0,0.0,0.0,0.0,0.0,0.0,293,0.11855187267065048,0
False,False,222.9910312097776,False,0.0,0.0035699185116851166,0.0,0.0035699185116851166,0.1653952793114256,0.0,0.0,0.0,0.0,0.0,0.0,0.0,0.0,0.0,0.0,0.0,0.0,0.0,0.0,0.0,0.0,0.0,0.0,0.0,0.0,0.0,0.0,0.0,0.0,0.0,0.0,0.0,0.0,0.0,0.0,0.0,0.0,0.0,0.0,0.0,0.0,0.0,0.0,294,0.11855187267065048,0
False,False,161.62301816263673,False,0.0016065619023513376,0.0016864621771217711,0.9526225516027897,0.0027826018940999317,0.7094555009098005,0.004726126999515269,0.009407791581232661,0.0,0.0,0.0,0.0,0.0,0.0,0.0,0.0,0.0,0.0,0.0,0.0,0.0,0.0,0.0,0.0,0.0,0.0,0.0,0.0,0.0,0.0,0.0,0.0,0.0,0.0,0.0,0.0,0.0,0.0,0.0,0.0,0.0,0.0,0.0,0.0,295,0.11855187267065048,0
False,False,264.9698096010185,False,0.0,0.0014558348708487085,0.0,0.0014558348708487085,0.16610369301094668,0.0,0.0,0.0,0.0,0.0,0.0,0.0,0.0,0.0,0.0,0.0,0.0,0.0,0.0,0.0,0.0,0.0,0.0,0.0,0.0,0.0,0.0,0.0,0.0,0.0,0.0,0.0,0.0,0.0,0.0,0.0,0.0,0.0,0.0,0.0,0.0,0.0,0.0,296,0.11855187267065048,0
False,False,245.86174977006894,False,8.950569980245098e-06,0.0008258258258258258,0.010838326557896792,0.0006024923166054384,0.29640109713010343,0.0,0.0,0.0,0.0,0.0,0.0,0.0,0.0,0.0,0.0,0.0,0.0,0.0,0.0,0.0,0.0,0.0,0.0,0.0,0.0,0.0,0.0,0.0,0.0,0.0,0.0,0.0,0.0,0.0,0.0,0.0,0.0,0.0,0.0,0.0,0.0,0.0,0.0,297,0.0935342013835907,0
False,False,179.42686532400882,False,0.0,0.003347570645905421,0.0,0.003347570645905421,0.17820477467010837,0.0,0.0,0.0,0.0,0.0,0.0,0.0,0.0,0.0,0.0,0.0,0.0,0.0,0.0,0.0,0.0,0.0,0.0,0.0,0.0,0.0,0.0,0.0,0.0,0.0,0.0,0.0,0.0,0.0,0.0,0.0,0.0,0.0,0.0,0.0,0.0,0.0,0.0,298,0.42949506640434265,0
False,False,7.211102550927978,True,0.01803837067951559,0.0031954575596816978,5.645003991638809,0.05823233177761199,0.9751983605198656,0.007365444506008904,0.014623182770818121,0.010332904470890962,0.02045445501213737,0.015063006740255935,0.029678959119254753,0.021596033724545532,0.042279008554507565,0.029581031307550645,0.05746226942425936,0.038727383614555806,0.07456698307075056,0.04986642920747997,0.09499575911789652,0.060401492272162016,0.11392192997151952,0.07212728344136712,0.1345498515994284,0.06407828282828283,0.12043903886087215,0.05252606255012029,0.0998095238095238,0.042860831396849985,0.08219856400099035,0.03397027600849257,0.06570841889117043,0.0196078431372549,0.038461538461538464,0.006688963210702341,0.013289036544850499,0.003526093088857546,0.007027406886858749,0.0,0.0,0.0,0.0,0.0,0.0,299,0.4981170892715454,1
False,False,228.56946427727394,False,1.1660096806587323e-06,0.0018546388101983002,0.0006286990621823886,0.00166659764130041,0.13893383345124105,0.0,0.0,0.0,0.0,0.0,0.0,0.0,0.0,0.0,0.0,0.0,0.0,0.0,0.0,0.0,0.0,0.0,0.0,0.0,0.0,0.0,0.0,0.0,0.0,0.0,0.0,0.0,0.0,0.0,0.0,0.0,0.0,0.0,0.0,0.0,0.0,0.0,0.0,300,0.6192996501922607,1
False,False,203.59273071502332,False,6.5331954961626e-05,0.0017630597014925372,0.03705600831685877,0.0014137634745939472,0.3914669875949558,0.0,0.0,0.0,0.0,0.0,0.0,0.0,0.0,0.0,0.0,0.0,0.0,0.0,0.0,0.0,0.0,0.0,0.0,0.0,0.0,0.0,0.0,0.0,0.0,0.0,0.0,0.0,0.0,0.0,0.0,0.0,0.0,0.0,0.0,0.0,0.0,0.0,0.0,301,0.46874722838401794,1
False,False,274.69619582367716,False,0.00012516375568188913,0.0012193991097922848,0.10264379781547471,0.000792732923495275,0.24985007855751207,0.0,0.0,0.0,0.0,0.0,0.0,0.0,0.0,0.0,0.0,0.0,0.0,0.0,0.0,0.0,0.0,0.0,0.0,0.0,0.0,0.0,0.0,0.0,0.0,0.0,0.0,0.0,0.0,0.0,0.0,0.0,0.0,0.0,0.0,0.0,0.0,0.0,0.0,302,0.7033923268318176,1
False,False,37.36308338453881,False,0.02168890526464006,0.003395833333333333,6.386916887746767,0.07944710419575057,0.9804433264622668,0.00804948209237151,0.015970410650206365,0.01137077084059993,0.022485860118637055,0.015322789123639867,0.030183089137328426,0.02024467490529715,0.0396859212368373,0.02676189303451956,0.052128722766340195,0.03516910297211284,0.06794851753426086,0.04741569724635547,0.09053845072402643,0.06187240085201339,0.11653453051867418,0.08106543138390272,0.14997321906802358,0.09909729187562688,0.1803248768023362,0.10026259250417761,0.18225211542633976,0.0926076360682372,0.16951672862453532,0.08338442673206621,0.15393322014714206,0.06934178106300598,0.12969058591178406,0.049443757725587144,0.09422850412249706,0.022102161100196464,0.04324843825084094,0.0018126888217522659,0.0036188178528347406,0.0,0.0,0.0,0.0,303,0.7253205180168152,1
False,False,206.82843131445927,False,3.9327700587679695e-06,0.005513649425287356,0.0007132789474664512,0.005212029936559186,0.13722578733294158,0.0,0.0,0.0,0.0,0.0,0.0,0.0,0.0,0.0,0.0,0.0,0.0,0.0,0.0,0.0,0.0,0.0,0.0,0.0,0.0,0.0,0.0,0.0,0.0,0.0,0.0,0.0,0.0,0.0,0.0,0.0,0.0,0.0,0.0,0.0,0.0,0.0,0.0,304,0.6845430731773376,0
False,True,0.0,True,0.038862739175009174,0.003694315159574468,10.519605798733643,0.5713055219952884,0.997715712166108,0.008777559463275441,0.01740236860135069,0.012555255836287372,0.024799151975005578,0.01751172044281606,0.034420675636434035,0.027104484892832098,0.052778437425789596,0.04419587372607507,0.08465054275376119,0.07205381747446912,0.13442201557420427,0.10718591753074512,0.19361864314494173,0.1447411266688375,0.252880102403641,0.16729394053443733,0.2866354989521199,0.19024181468007703,0.31966918374685366,0.2165124208475402,0.35595595595595597,0.24610244988864144,0.39499553172475427,0.28372694920737623,0.4420362903225806,0.3171460590212925,0.4815655133295519,0.34050796383986226,0.5080282594733462,0.3553760726905603,0.5243947858472998,0.37644201578627806,0.5469783855315394,0.4112075769534333,0.5827740492170023,0.270935960591133,0.4263565891472868,305,0.8361791968345642,0
False,False,131.12589370524802,False,0.024591965463647298,0.006401209677419355,3.841768462982381,0.03693383332664929,0.9194428960377408,0.015235457063711912,0.030013642564802184,0.01996769721138316,0.03915358744394619,0.026785028053185767,0.052172611250421046,0.03308814545099093,0.06405677114133648,0.03791601001205154,0.07306180778849589,0.04026793963658762,0.07741839982236697,0.040861455629266415,0.07851468686495473,0.040370415203970465,0.07760777241258944,0.03892310121585347,0.074929705904704,0.03509134069563422,0.0678033702263436,0.026595744680851064,0.05181347150259067,0.012412587412587413,0.024520808150578485,0.00020665426741062204,0.00041322314049586776,0.0,0.0,0.0,0.0,0.0,0.0,0.0,0.0,0.0,0.0,0.0,0.0,306,0.27554404735565186,1
False,False,155.12897859523216,False,0.020474933042193354,0.003444220430107527,5.944722022787065,0.03213929758324525,0.9524555398224954,0.015600280364473817,0.030721299838308947,0.02932319506135662,0.056975681111720605,0.03905734166285743,0.07517841431224949,0.04196028187059577,0.08054103904088533,0.040160953339007974,0.07722065168873679,0.035826118990606004,0.06917400195607717,0.02912303664921466,0.05659777424483307,0.013343697370125664,0.02633597545384812,0.0,0.0,0.0,0.0,0.0,0.0,0.0,0.0,0.0,0.0,0.0,0.0,0.0,0.0,0.0,0.0,0.0,0.0,0.0,0.0,0.0,0.0,307,0.04526020959019661,0
False,False,10.0,True,0.07844425717468645,0.00494881156930126,15.851130332238993,0.18697175165746066,0.9899647797447017,0.0320097244732577,0.06203376521397723,0.047641611027353,0.09095020763948851,0.06135581937201819,0.11561781308802008,0.07552581261950286,0.14044444444444446,0.08950392490086591,0.1643021614796108,0.10612166570715793,0.19188063844552394,0.1315101070154578,0.23245060949978982,0.15930735930735931,0.2748319641523525,0.18155323161323506,0.3073128264654672,0.1947819159529974,0.3260543423903984,0.19631212053069486,0.3281954887218045,0.19467470484802812,0.32590412111017664,0.19115589140778058,0.32095864661654133,0.1827315541601256,0.3089992036103,0.16906854130052723,0.28923631990378834,0.1514319340918007,0.26303236797274276,0.11601235112483459,0.20790513833992094,0.0432,0.08282208588957055,0.0,0.0,308,0.06303969025611877,0
False,False,39.84971769034255,False,0.007300118706477842,0.0019112723214285714,3.8195073640900126,0.010584152216984112,0.9187202215594819,0.00432449494949495,0.008611748436370494,0.005523599612944845,0.010986514120744731,0.006696865019878772,0.013304630723661849,0.008034091131223489,0.01594011790257524,0.009496741993622626,0.018814804641900707,0.011389774144381321,0.022523016220955722,0.013602515306966738,0.026839939920329133,0.015242821694434599,0.030027932960893854,0.014303189987767008,0.028202987290101122,0.011418131993605847,0.022578460149017838,0.007038748666903662,0.01397910194860209,0.002100264815998539,0.004191725897576089,0.0,0.0,0.0,0.0,0.0,0.0,0.0,0.0,0.0,0.0,0.0,0.0,0.0,0.0,309,0.6421071887016296,0
False,False,198.59506539690256,False,0.0010238050369363453,0.0019102239884393063,0.5359607266647384,0.002009162988682665,0.5633015179100447,0.002191892029022274,0.004374196292058606,0.0005117258319199953,0.0010229282050532654,0.0,0.0,0.0,0.0,0.0,0.0,0.0,0.0,0.0,0.0,0.0,0.0,0.0,0.0,0.0,0.0,0.0,0.0,0.0,0.0,0.0,0.0,0.0,0.0,0.0,0.0,0.0,0.0,0.0,0.0,0.0,0.0,0.0,0.0,310,0.6059064269065857,0
False,False,212.92721761202816,False,0.006939278775668433,0.008302864107251676,0.8357692822658274,0.009862880125331572,0.6216190317578366,0.011454844006568144,0.022650233125965948,0.008054594386774317,0.015980472549057,0.004622070386093597,0.009201610281799315,0.0012773023374632775,0.0025513458349279245,0.0,0.0,0.0,0.0,0.0,0.0,0.0,0.0,0.0,0.0,0.0,0.0,0.0,0.0,0.0,0.0,0.0,0.0,0.0,0.0,0.0,0.0,0.0,0.0,0.0,0.0,0.0,0.0,0.0,0.0,311,0.4091779589653015,0
False,False,15.231546211727817,False,0.12936465210733158,0.007632372654155496,16.949467481373322,0.34150202936103596,0.9921913666818343,0.052684845155134025,0.10009614064002198,0.08690674934414501,0.15991574143151796,0.11292221877905174,0.20292921980286238,0.13422719905702077,0.23668485320862562,0.1534574244083214,0.2660825118656444,0.174487646044819,0.297129810828441,0.19804347826086957,0.3306115042641989,0.22317807545778542,0.3649151009745805,0.24975650480033393,0.39968826541972835,0.2713859676659865,0.42691358024691356,0.2898371104815864,0.4494166094715168,0.30103668261563,0.46276432730615996,0.30042439133348225,0.46204053589831673,0.2965482489292013,0.4574426739214924,0.2778745644599303,0.4349011588275392,0.23886097152428812,0.38561384532179555,0.18817619783616693,0.3167479674796748,0.11585903083700441,0.20765890248716937,0.028798411122144985,0.055984555984555984,312,0.8878582119941711,1
False,False,15.231546211727817,False,0.11655873735429592,0.007239856020942409,16.099593281569643,0.3430903985042937,0.991191331311437,0.0410301583254132,0.07882607049811842,0.07323733862959285,0.1364792967846403,0.10319496268656717,0.18708381777824754,0.13810861423220974,0.24269847799259564,0.15594713656387665,0.2698170731707317,0.1758918811487628,0.29916335671427363,0.1984964093357271,0.3312423930343601,0.21819787985865724,0.3582306018854242,0.23329094248975554,0.37832263978001834,0.24550331334805933,0.3942234608563466,0.2548847033972892,0.40622808248001124,0.2632616840859791,0.41679675304402125,0.2644135188866799,0.41823899371069184,0.2631184407796102,0.4166172106824926,0.25426136363636365,0.40543601359003395,0.2354471544715447,0.3811529349828902,0.20680529300567108,0.34273182957393483,0.16859430604982206,0.2885420631899505,0.0881304126337239,0.16198501872659177,313,0.6995903253555298,1
False,False,131.59027319676784,False,0.0007013780869136046,0.0078125,0.08977639512494139,0.0060231211065349104,0.39050090813648297,0.0,0.0,0.0,0.0,0.0,0.0,0.0,0.0,0.0,0.0,0.0,0.0,0.0,0.0,0.0,0.0,0.0,0.0,0.0,0.0,0.0,0.0,0.0,0.0,0.0,0.0,0.0,0.0,0.0,0.0,0.0,0.0,0.0,0.0,0.0,0.0,0.0,0.0,314,0.4653949439525604,0
False,False,215.03720608304042,False,0.000266981743029028,0.006179775280898876,0.04320250023560635,0.004597530395335941,0.3574856693212868,0.0,0.0,0.0,0.0,0.0,0.0,0.0,0.0,0.0,0.0,0.0,0.0,0.0,0.0,0.0,0.0,0.0,0.0,0.0,0.0,0.0,0.0,0.0,0.0,0.0,0.0,0.0,0.0,0.0,0.0,0.0,0.0,0.0,0.0,0.0,0.0,0.0,0.0,315,0.5823792219161987,0
False,False,30.265491900843113,False,0.007160131821232379,0.0027016129032258066,2.6503174502472087,0.011516315626891777,0.879529489688681,0.004837457807620801,0.009628338931901058,0.006150950757966973,0.012226695712672651,0.007661739901083507,0.015206967968905156,0.009448026871194296,0.018719194291713377,0.010824372759856631,0.021416920785759876,0.011152416356877323,0.022058823529411766,0.011742648509966449,0.023212718228811078,0.012170710224997999,0.0240487303219682,0.01621437105308073,0.03191132012092711,0.008748177463028535,0.017344621102622342,0.0012690355329949238,0.0025348542458808617,0.0,0.0,0.0,0.0,0.0,0.0,0.0,0.0,0.0,0.0,0.0,0.0,0.0,0.0,0.0,0.0,316,0.7381001114845276,1
False,False,7.0710678118654755,True,0.14385159853680055,0.012117635951661631,11.871259304260159,0.31464894587859005,0.9853710228191594,0.055542332907804484,0.10523942276156117,0.108651485651401,0.19600656663994198,0.16595552107576933,0.28466869975048514,0.18804483188044832,0.3165618448637317,0.21046559538524928,0.3477432092041664,0.22847407680265217,0.3719640179910045,0.2414676642410577,0.3890035499050607,0.2513320485205759,0.401703207102736,0.2604166666666667,0.4132231404958678,0.2689877860452057,0.42394070140502266,0.27402638190954776,0.4301737951435967,0.2755281690140845,0.43202208419599725,0.26717707106399685,0.4216886134779241,0.25120034919249234,0.4015349729635444,0.22840551657391725,0.3718731534370691,0.18189081225033288,0.3077963046417305,0.12320574162679426,0.21938232161874335,0.048229342327150086,0.09202059202059203,0.007803790412486065,0.015486725663716814,317,0.9041143655776978,1
False,False,14.035668847618199,True,0.086495190469964,0.0059221311475409835,14.605416245447207,0.25608175878749806,0.9919173590743411,0.03289230331483853,0.06368970551775434,0.04805254187970237,0.09169872684726134,0.06561098813780578,0.12314247669773636,0.07996679579413392,0.14809121188829105,0.09770940748880061,0.17802417802417803,0.11646181744912351,0.20862660169644467,0.13571260859356657,0.23899111019226793,0.15471092077087795,0.267964765878535,0.17673138663812873,0.3003767701701962,0.20348530188347122,0.3381600117010385,0.2342635974740273,0.37960059415745173,0.2622095779990517,0.4154770848985725,0.2704714640198511,0.42578125,0.24386406544996853,0.39210726030862636,0.21039244186046513,0.3476433503452417,0.17215634606938954,0.29374297489696516,0.12702702702702703,0.22541966426858512,0.059254327563249,0.11187932118164676,0.0,0.0,318,0.8906421065330505,1
